store_id,store_name,product_id,product_name,category,cost_price,current_price,recommended_price,price_change_pct,expected_demand,expected_revenue,expected_profit,stock_on_hand,recommendation_reason
A M Hardware,A M Hardware,BONDSET FAST SETTING 25 GM,BONDSET FAST SETTING 25 GM,Tag71,5.49,7.85,9.81,24.97,63.81,625.98,275.66,320,High demand inelasticity detected. Increasing price by 24.97% maximizes expected daily profit to $275.66.
A M Hardware,A M Hardware,BONDSET FAST SETTING 60 GM,BONDSET FAST SETTING 60 GM,Tag71,10.45,14.93,18.66,24.98,33.9,632.57,278.32,170,High demand inelasticity detected. Increasing price by 24.98% maximizes expected daily profit to $278.32.
A M Hardware,A M Hardware,VEGALOCK 20 GM,VEGALOCK 20 GM,Tag71,20.02,28.6,35.75,25.0,20.0,715.0,314.6,100,High demand inelasticity detected. Increasing price by 25.0% maximizes expected daily profit to $314.60.
A M Hardware,A M Hardware,VEGAQUICK 20 GM (S),VEGAQUICK 20 GM (S),Tag71,26.48,37.83,47.29,25.01,20.0,945.8,416.2,100,High demand inelasticity detected. Increasing price by 25.01% maximizes expected daily profit to $416.20.
A.V Optics vijayawada,A.V Optics vijayawada,MY DAY TORIC (30 LENS PK),MY DAY TORIC (30 LENS PK),Tag71,1428.0,2040.0,2550.0,25.0,1.8,4590.0,2019.6,30,"High demand inelasticity detected. Increasing price by 25.0% maximizes expected daily profit to $2,019.60."
AIG Hospital Gachibowli,AIG Hospital Gachibowli,ASPIRE GO MAX 1DAY M.F 30LENS PK,ASPIRE GO MAX 1DAY M.F 30LENS PK,Tag71,1533.0,2190.0,2737.5,25.0,2.19,5995.12,2637.86,30,"High demand inelasticity detected. Increasing price by 25.0% maximizes expected daily profit to $2,637.86."
AIG Hospital Gachibowli,AIG Hospital Gachibowli,ASPIRE GO MAX 1DAY TORIC 30LENS PK,ASPIRE GO MAX 1DAY TORIC 30LENS PK,Tag71,1533.0,2190.0,2737.5,25.0,2.21,6049.88,2661.95,30,"High demand inelasticity detected. Increasing price by 25.0% maximizes expected daily profit to $2,661.95."
AIG Hospital Gachibowli,AIG Hospital Gachibowli,ASPIRE PRO (6 LENS PACK),ASPIRE PRO (6 LENS PACK),Tag71,1473.5,2105.0,2631.25,25.0,1.84,4841.5,2130.26,30,"High demand inelasticity detected. Increasing price by 25.0% maximizes expected daily profit to $2,130.26."
AIG Hospital Gachibowli,AIG Hospital Gachibowli,ASPIRE PRO TORIC (3 LENS PACK),ASPIRE PRO TORIC (3 LENS PACK),Tag71,804.3,1149.0,1436.25,25.0,2.02,2901.22,1276.54,30,"High demand inelasticity detected. Increasing price by 25.0% maximizes expected daily profit to $1,276.54."
AIG Hospital Gachibowli,AIG Hospital Gachibowli,Biofinity Torics 3 Lens pack (new) XR,Biofinity Torics 3 Lens pack (new) XR,Tag71,1820.7,2601.0,3251.25,25.0,1.8,5852.25,2574.99,30,"High demand inelasticity detected. Increasing price by 25.0% maximizes expected daily profit to $2,574.99."
AIG Hospital Gachibowli,AIG Hospital Gachibowli,Biofinity XR 6 Lense pack (new),Biofinity XR 6 Lense pack (new),Tag71,1563.1,2233.0,2791.25,25.0,2.58,7201.43,3168.63,30,"High demand inelasticity detected. Increasing price by 25.0% maximizes expected daily profit to $3,168.63."
AIG Hospital Gachibowli,AIG Hospital Gachibowli,Biotrue Solu - 60ml,Biotrue Solu - 60ml,Tag71,106.4,152.0,190.0,25.0,2.13,404.7,178.07,30,High demand inelasticity detected. Increasing price by 25.0% maximizes expected daily profit to $178.07.
AIG Hospital Gachibowli,AIG Hospital Gachibowli,Courier Chargers,Courier Chargers,Tag71,140.0,200.0,250.0,25.0,1.48,370.0,162.8,30,High demand inelasticity detected. Increasing price by 25.0% maximizes expected daily profit to $162.80.
AIG Hospital Gachibowli,AIG Hospital Gachibowli,MY DAY (30 LENS PK),MY DAY (30 LENS PK),Tag71,1325.1,1893.0,1893.0,0.0,2.63,4978.59,1493.58,30,"Current price is at the optimal profit-maximizing point of $1,893.00."
AIG Hospital Gachibowli,AIG Hospital Gachibowli,MY DAY TORIC (30 LENS PK),MY DAY TORIC (30 LENS PK),Tag71,1428.0,2040.0,2040.0,0.0,2.71,5528.4,1658.52,30,"Current price is at the optimal profit-maximizing point of $2,040.00."
ANAND EYE INSTITUTE - Habsiguda,ANAND EYE INSTITUTE - Habsiguda,ASPIRE PRO (3 LENS PACK),ASPIRE PRO (3 LENS PACK),Intra State B2B,728.52,1040.75,1300.94,25.0,2.0,2601.88,1144.84,30,"High demand inelasticity detected. Increasing price by 25.0% maximizes expected daily profit to $1,144.84."
ANAND EYE INSTITUTE - Habsiguda,ANAND EYE INSTITUTE - Habsiguda,ASPIRE PRO TORIC (3 LENS PACK),ASPIRE PRO TORIC (3 LENS PACK),Intra State B2B,766.32,1094.75,1368.44,25.0,2.05,2805.3,1234.35,30,"High demand inelasticity detected. Increasing price by 25.0% maximizes expected daily profit to $1,234.35."
ANAND EYE INSTITUTE - Habsiguda,ANAND EYE INSTITUTE - Habsiguda,Proclear 6 Lens pack(New),Proclear 6 Lens pack(New),Intra State B2B,681.62,973.75,1217.19,25.0,1.63,1984.02,872.98,30,High demand inelasticity detected. Increasing price by 25.0% maximizes expected daily profit to $872.98.
ANUSHA OPTICALS,ANUSHA OPTICALS,ASPIRE GO 30LENS PK - NEW,ASPIRE GO 30LENS PK - NEW,Tag71,752.5,1075.0,1343.75,25.0,13.76,18490.0,8135.6,70,"High demand inelasticity detected. Increasing price by 25.0% maximizes expected daily profit to $8,135.60."
ANUSHA OPTICALS,ANUSHA OPTICALS,ASPIRE PRO (3 LENS PACK),ASPIRE PRO (3 LENS PACK),Inter State B2B,728.52,1040.75,1300.94,25.0,2.38,3096.24,1362.36,30,"High demand inelasticity detected. Increasing price by 25.0% maximizes expected daily profit to $1,362.36."
ANUSHA OPTICALS,ANUSHA OPTICALS,Courier Chargers,Courier Chargers,Inter State B2B,70.0,100.0,100.0,0.0,2.58,258.0,77.4,30,Current price is at the optimal profit-maximizing point of $100.00.
ANUSHA OPTICALS,ANUSHA OPTICALS,MY DAY (30 LENS PK),MY DAY (30 LENS PK),Tag71,1325.8,1894.0,2367.5,25.0,11.44,27084.2,11917.05,60,"High demand inelasticity detected. Increasing price by 25.0% maximizes expected daily profit to $11,917.05."
ANUSHA OPTICALS,ANUSHA OPTICALS,MY DAY TORIC (30 LENS PK),MY DAY TORIC (30 LENS PK),Inter State B2B,1360.28,1943.25,2429.06,25.0,1.78,4323.73,1902.43,30,"High demand inelasticity detected. Increasing price by 25.0% maximizes expected daily profit to $1,902.43."
Abhinav Eye hospital - Peerzadigud,Abhinav Eye hospital - Peerzadigud,ASPIRE AIR (6 LENS PACK) New,ASPIRE AIR (6 LENS PACK) New,B2C Small,922.95,1318.5,1648.12,25.0,1.64,2702.92,1189.28,30,"High demand inelasticity detected. Increasing price by 25.0% maximizes expected daily profit to $1,189.28."
Abhinav Eye hospital - Peerzadigud,Abhinav Eye hospital - Peerzadigud,ASPIRE AIR TORIC (3 LENS PACK),ASPIRE AIR TORIC (3 LENS PACK),B2C Small,556.5,795.0,993.75,25.0,1.99,1977.56,870.13,30,High demand inelasticity detected. Increasing price by 25.0% maximizes expected daily profit to $870.13.
Abhinav Eye hospital - Peerzadigud,Abhinav Eye hospital - Peerzadigud,ASPIRE GO 30LENS PK - NEW,ASPIRE GO 30LENS PK - NEW,B2C Small,716.62,1023.75,1279.69,25.0,1.97,2520.99,1109.25,30,"High demand inelasticity detected. Increasing price by 25.0% maximizes expected daily profit to $1,109.25."
Abhishek Sales Man,Abhishek Sales Man,ASPIRE PRO TORIC (3 LENS PACK),ASPIRE PRO TORIC (3 LENS PACK),Tag71,804.3,1149.0,1436.25,25.0,2.0,2872.5,1263.9,30,"High demand inelasticity detected. Increasing price by 25.0% maximizes expected daily profit to $1,263.90."
Akshaya advanced eye care centre,Akshaya advanced eye care centre,Biofinity Torics 3 Lens pack (new) XR,Biofinity Torics 3 Lens pack (new) XR,Tag71,1925.0,2750.0,3437.5,25.0,1.91,6565.62,2888.88,30,"High demand inelasticity detected. Increasing price by 25.0% maximizes expected daily profit to $2,888.88."
Anita Power Tools & Stone Care,Anita Power Tools & Stone Care,BONDTITE FAST & CLEAR 450 GM (S),BONDTITE FAST & CLEAR 450 GM (S),Intra State B2B,522.0,745.71,932.14,25.0,14.9,13888.89,6111.09,75,"High demand inelasticity detected. Increasing price by 25.0% maximizes expected daily profit to $6,111.09."
Anita Power Tools & Stone Care,Anita Power Tools & Stone Care,VETRA LV (401) 50 GM (SHEME),VETRA LV (401) 50 GM (SHEME),Intra State B2B,62.8,89.71,112.14,25.0,103.72,11631.16,5117.54,500,"High demand inelasticity detected. Increasing price by 25.0% maximizes expected daily profit to $5,117.54."
Anitha Power Tools Krishna Nagar,Anitha Power Tools Krishna Nagar,BONDTITE FAST & CLEAR 1 KG (S),BONDTITE FAST & CLEAR 1 KG (S),Tag71,1030.1,1471.57,1839.46,25.0,2.0,3678.92,1618.72,30,"High demand inelasticity detected. Increasing price by 25.0% maximizes expected daily profit to $1,618.72."
Anitha Power Tools Krishna Nagar,Anitha Power Tools Krishna Nagar,VETRA LV (401) 20 GM (SCHEME),VETRA LV (401) 20 GM (SCHEME),Tag71,36.68,52.4,65.5,25.0,319.68,20939.04,9213.18,1600,"High demand inelasticity detected. Increasing price by 25.0% maximizes expected daily profit to $9,213.18."
Anitha Power Tools Krishna Nagar,Anitha Power Tools Krishna Nagar,VETRA LV (401) 50 GM (SHEME),VETRA LV (401) 50 GM (SHEME),Tag71,74.1,105.86,132.32,25.0,79.83,10563.11,4647.7,400,"High demand inelasticity detected. Increasing price by 25.0% maximizes expected daily profit to $4,647.70."
Apollo Opticals (k),Apollo Opticals (k),ASPIRE PRO TORIC (3 LENS PACK),ASPIRE PRO TORIC (3 LENS PACK),Intra State B2B,766.32,1094.75,1368.44,25.0,2.45,3352.68,1475.19,30,"High demand inelasticity detected. Increasing price by 25.0% maximizes expected daily profit to $1,475.19."
Arihanth Optical (vizag),Arihanth Optical (vizag),ASPIRE PRO TORIC (3 LENS PACK),ASPIRE PRO TORIC (3 LENS PACK),Inter State B2B,766.32,1094.75,1368.44,25.0,2.14,2928.46,1288.54,30,"High demand inelasticity detected. Increasing price by 25.0% maximizes expected daily profit to $1,288.54."
Asian Enterprises,Asian Enterprises,BONDTITE FAST & CLEAR 1 KG (S),BONDTITE FAST & CLEAR 1 KG (S),Intra State B2B,872.96,1247.09,1558.86,25.0,2.5,3897.15,1714.75,30,"High demand inelasticity detected. Increasing price by 25.0% maximizes expected daily profit to $1,714.75."
Asian Enterprises,Asian Enterprises,BONDTITE FAST & CLEAR 450 GM (S),BONDTITE FAST & CLEAR 450 GM (S),Intra State B2B,470.59,672.27,840.34,25.0,2.44,2050.43,902.19,30,High demand inelasticity detected. Increasing price by 25.0% maximizes expected daily profit to $902.19.
Asian Enterprises,Asian Enterprises,FILLX ULTRA 2K IRON GRAY 1KG,FILLX ULTRA 2K IRON GRAY 1KG,Intra State B2B,417.72,596.75,745.94,25.0,1.74,1297.94,571.1,30,High demand inelasticity detected. Increasing price by 25.0% maximizes expected daily profit to $571.10.
Asian Enterprises,Asian Enterprises,FILLX ULTRA 2K IRON GREY 5 KG,FILLX ULTRA 2K IRON GREY 5 KG,Intra State B2B,1568.36,2240.52,2800.65,25.0,2.26,6329.47,2784.98,30,"High demand inelasticity detected. Increasing price by 25.0% maximizes expected daily profit to $2,784.98."
Asian Enterprises,Asian Enterprises,FILLX ULTRA 2K PURE WHITE 1 KG,FILLX ULTRA 2K PURE WHITE 1 KG,Intra State B2B,417.72,596.75,745.94,25.0,2.1,1566.47,689.26,30,High demand inelasticity detected. Increasing price by 25.0% maximizes expected daily profit to $689.26.
Asian Enterprises,Asian Enterprises,FILLX ULTRA 2K PURE WHITE 5KG,FILLX ULTRA 2K PURE WHITE 5KG,Intra State B2B,1568.36,2240.52,2800.65,25.0,1.48,4144.96,1823.79,30,"High demand inelasticity detected. Increasing price by 25.0% maximizes expected daily profit to $1,823.79."
Asian Enterprises,Asian Enterprises,FILLX ULTRA 2K SIGNAL BLACK 1 KG,FILLX ULTRA 2K SIGNAL BLACK 1 KG,Intra State B2B,417.72,596.75,745.94,25.0,2.1,1566.47,689.26,30,High demand inelasticity detected. Increasing price by 25.0% maximizes expected daily profit to $689.26.
Ayudha Eye Care,Ayudha Eye Care,ASPIRE AIR (3 LENS PACK),ASPIRE AIR (3 LENS PACK),Intra State B2B,488.95,698.5,698.5,0.0,2.47,1725.3,517.59,30,Current price is at the optimal profit-maximizing point of $698.50.
Ayudha Eye Care,Ayudha Eye Care,ASPIRE AIR (6 LENS PACK) New,ASPIRE AIR (6 LENS PACK) New,Intra State B2B,922.95,1318.5,1648.12,25.0,1.63,2686.44,1182.03,30,"High demand inelasticity detected. Increasing price by 25.0% maximizes expected daily profit to $1,182.03."
Ayudha Eye Care,Ayudha Eye Care,ASPIRE AIR TORIC (3 LENS PACK),ASPIRE AIR TORIC (3 LENS PACK),Intra State B2B,556.5,795.0,993.75,25.0,2.02,2007.38,883.25,30,High demand inelasticity detected. Increasing price by 25.0% maximizes expected daily profit to $883.25.
Ayudha Eye Care,Ayudha Eye Care,ASPIRE GO MAX 1DAY TORIC 30LENS PK,ASPIRE GO MAX 1DAY TORIC 30LENS PK,Intra State B2B,1169.0,1670.0,2087.5,25.0,1.81,3778.38,1662.49,30,"High demand inelasticity detected. Increasing price by 25.0% maximizes expected daily profit to $1,662.49."
Ayudha Eye Care,Ayudha Eye Care,ASPIRE PRO (6 LENS PACK),ASPIRE PRO (6 LENS PACK),Intra State B2B,1403.15,2004.5,2505.62,25.0,1.81,4535.17,1995.47,30,"High demand inelasticity detected. Increasing price by 25.0% maximizes expected daily profit to $1,995.47."
Ayudha Eye Care,Ayudha Eye Care,ASPIRE PRO MULTIFOCAL (3LENS PACK),ASPIRE PRO MULTIFOCAL (3LENS PACK),Intra State B2B,1111.77,1588.25,1985.31,25.0,1.78,3533.85,1554.9,30,"High demand inelasticity detected. Increasing price by 25.0% maximizes expected daily profit to $1,554.90."
Ayudha Eye Care,Ayudha Eye Care,ASPIRE PRO TORIC (3 LENS PACK),ASPIRE PRO TORIC (3 LENS PACK),Intra State B2B,766.32,1094.75,1368.44,25.0,2.21,3024.25,1330.69,30,"High demand inelasticity detected. Increasing price by 25.0% maximizes expected daily profit to $1,330.69."
BABAMANI ENTERPRISES Ngandla,BABAMANI ENTERPRISES Ngandla,RESIBOND GP 100 CLEAR 260 ML,RESIBOND GP 100 CLEAR 260 ML,Intra State B2B,69.56,99.37,124.21,25.0,71.88,8928.21,3928.24,360,"High demand inelasticity detected. Increasing price by 25.0% maximizes expected daily profit to $3,928.24."
BABAMANI ENTERPRISES Ngandla,BABAMANI ENTERPRISES Ngandla,RESIBOND GP 100 WHITE 260 ML,RESIBOND GP 100 WHITE 260 ML,Intra State B2B,69.56,99.37,124.21,25.0,71.88,8928.21,3928.24,360,"High demand inelasticity detected. Increasing price by 25.0% maximizes expected daily profit to $3,928.24."
BABAMANI ENTERPRISES Ngandla,BABAMANI ENTERPRISES Ngandla,VEGAQUICK 20 GM (S),VEGAQUICK 20 GM (S),Intra State B2B,22.44,32.06,40.08,25.02,119.79,4801.18,2113.1,600,"High demand inelasticity detected. Increasing price by 25.02% maximizes expected daily profit to $2,113.10."
BHAGWATI PLYWOOD & HARDWARE,BHAGWATI PLYWOOD & HARDWARE,BONDSET FAST SETTING 25 GM,BONDSET FAST SETTING 25 GM,Intra State B2B,4.66,6.65,8.31,24.96,59.88,497.6,218.56,300,High demand inelasticity detected. Increasing price by 24.96% maximizes expected daily profit to $218.56.
BHAGWATI PLYWOOD & HARDWARE,BHAGWATI PLYWOOD & HARDWARE,BONDSET SANITARY UNDER WATER 25 GM,BONDSET SANITARY UNDER WATER 25 GM,Intra State B2B,7.8,11.15,13.94,25.02,59.88,834.73,367.66,300,High demand inelasticity detected. Increasing price by 25.02% maximizes expected daily profit to $367.66.
BHAGWATI PLYWOOD & HARDWARE,BHAGWATI PLYWOOD & HARDWARE,BONDTITE FAST & CLEAR 180 GM,BONDTITE FAST & CLEAR 180 GM,Intra State B2B,232.59,332.27,415.34,25.0,11.94,4959.16,2182.03,60,"High demand inelasticity detected. Increasing price by 25.0% maximizes expected daily profit to $2,182.03."
BHAGWATI PLYWOOD & HARDWARE,BHAGWATI PLYWOOD & HARDWARE,BONDTITE FAST & CLEAR 270 GM,BONDTITE FAST & CLEAR 270 GM,Intra State B2B,317.62,453.75,567.19,25.0,2.14,1213.79,534.08,30,High demand inelasticity detected. Increasing price by 25.0% maximizes expected daily profit to $534.08.
BHAGWATI PLYWOOD & HARDWARE,BHAGWATI PLYWOOD & HARDWARE,BONDTITE FAST & CLEAR 90 GM,BONDTITE FAST & CLEAR 90 GM,Intra State B2B,144.53,206.47,258.09,25.0,9.96,2570.58,1131.06,50,"High demand inelasticity detected. Increasing price by 25.0% maximizes expected daily profit to $1,131.06."
BHAGWATI PLYWOOD & HARDWARE,BHAGWATI PLYWOOD & HARDWARE,RESIBOND NEUTRAL 3010 CLEAR 280 ML,RESIBOND NEUTRAL 3010 CLEAR 280 ML,Intra State B2B,98.28,140.4,175.5,25.0,24.0,4212.0,1853.28,120,"High demand inelasticity detected. Increasing price by 25.0% maximizes expected daily profit to $1,853.28."
BL Agencies,BL Agencies,ASPIRE GO 30LENS PK - NEW,ASPIRE GO 30LENS PK - NEW,Tag71,0.7,1.0,1.25,25.0,2.1,2.62,1.16,30,High demand inelasticity detected. Increasing price by 25.0% maximizes expected daily profit to $1.16.
BL Agencies,BL Agencies,ASPIRE PRO (3 LENS PACK),ASPIRE PRO (3 LENS PACK),Tag71,0.7,1.0,1.25,25.0,1.52,1.9,0.84,30,High demand inelasticity detected. Increasing price by 25.0% maximizes expected daily profit to $0.84.
BL Agencies,BL Agencies,ASPIRE PRO MULTIFOCAL (3LENS PACK),ASPIRE PRO MULTIFOCAL (3LENS PACK),Intra State B2B,1111.77,1588.25,1985.31,25.0,1.9,3772.09,1659.73,30,"High demand inelasticity detected. Increasing price by 25.0% maximizes expected daily profit to $1,659.73."
BL Agencies,BL Agencies,ASPIRE PRO TORIC (3 LENS PACK),ASPIRE PRO TORIC (3 LENS PACK),Intra State B2B,766.32,1094.75,1368.44,25.0,2.14,2928.46,1288.54,30,"High demand inelasticity detected. Increasing price by 25.0% maximizes expected daily profit to $1,288.54."
BL Agencies,BL Agencies,Biofinity Energys  (3 lens pack) New,Biofinity Energys  (3 lens pack) New,Intra State B2B,746.87,1066.96,1333.7,25.0,2.1,2800.77,1232.34,30,"High demand inelasticity detected. Increasing price by 25.0% maximizes expected daily profit to $1,232.34."
BL Agencies,BL Agencies,Biofinity Energys New ( 3pk ),Biofinity Energys New ( 3pk ),Intra State B2B,851.72,1216.75,1520.94,25.0,2.2,3346.07,1472.28,30,"High demand inelasticity detected. Increasing price by 25.0% maximizes expected daily profit to $1,472.28."
Bhagya Opticals- Chandanagar,Bhagya Opticals- Chandanagar,ASPIRE GO MAX 1DAY SPH 30LENS PK,ASPIRE GO MAX 1DAY SPH 30LENS PK,Intra State B2B,989.8,1414.0,1767.5,25.0,1.9,3358.25,1477.63,30,"High demand inelasticity detected. Increasing price by 25.0% maximizes expected daily profit to $1,477.63."
Bhairav Opticals- Abids,Bhairav Opticals- Abids,ASPIRE PRO (6 LENS PACK),ASPIRE PRO (6 LENS PACK),Tag71,0.7,1.0,1.25,25.0,2.12,2.65,1.17,30,High demand inelasticity detected. Increasing price by 25.0% maximizes expected daily profit to $1.17.
Bhairav Opticals- Abids,Bhairav Opticals- Abids,MY DAY (30 LENS PK),MY DAY (30 LENS PK),Intra State B2B,1262.27,1803.25,1803.25,0.0,2.77,4995.0,1498.51,30,"Current price is at the optimal profit-maximizing point of $1,803.25."
Byramji Eye Hospital,Byramji Eye Hospital,ASPIRE PRO (3 LENS PACK),ASPIRE PRO (3 LENS PACK),Tag71,765.1,1093.0,1366.25,25.0,2.05,2800.81,1232.36,30,"High demand inelasticity detected. Increasing price by 25.0% maximizes expected daily profit to $1,232.36."
Byramji Eye Hospital,Byramji Eye Hospital,ASPIRE PRO TORIC (3 LENS PACK),ASPIRE PRO TORIC (3 LENS PACK),Tag71,804.3,1149.0,1436.25,25.0,2.1,3016.12,1327.1,30,"High demand inelasticity detected. Increasing price by 25.0% maximizes expected daily profit to $1,327.10."
Care Opticals W/M,Care Opticals W/M,ASPIRE PRO (6 LENS PACK),ASPIRE PRO (6 LENS PACK),Tag71,1473.5,2105.0,2631.25,25.0,2.13,5604.56,2466.01,30,"High demand inelasticity detected. Increasing price by 25.0% maximizes expected daily profit to $2,466.01."
Care Opticals W/M,Care Opticals W/M,Biofinity XR 6 Lense pack (new),Biofinity XR 6 Lense pack (new),Tag71,1563.1,2233.0,2791.25,25.0,2.16,6029.1,2652.8,30,"High demand inelasticity detected. Increasing price by 25.0% maximizes expected daily profit to $2,652.80."
Chashmawalas,Chashmawalas,ASPIRE PRO (3 LENS PACK),ASPIRE PRO (3 LENS PACK),Intra State B2B,728.52,1040.75,1300.94,25.0,2.02,2627.9,1156.29,30,"High demand inelasticity detected. Increasing price by 25.0% maximizes expected daily profit to $1,156.29."
Chashmawalas,Chashmawalas,ASPIRE PRO TORIC (3 LENS PACK),ASPIRE PRO TORIC (3 LENS PACK),Intra State B2B,766.32,1094.75,1368.44,25.0,2.07,2832.67,1246.39,30,"High demand inelasticity detected. Increasing price by 25.0% maximizes expected daily profit to $1,246.39."
Chashmawalas,Chashmawalas,Biofinity Torics 3 Lens pack (new) XR,Biofinity Torics 3 Lens pack (new) XR,Intra State B2B,1734.42,2477.75,3097.19,25.0,1.82,5636.89,2480.24,30,"High demand inelasticity detected. Increasing price by 25.0% maximizes expected daily profit to $2,480.24."
Chashmawalas,Chashmawalas,Biofinity XR 6 Lense pack (new),Biofinity XR 6 Lense pack (new),Intra State B2B,1488.38,2126.25,2657.81,25.0,1.85,4916.95,2163.45,30,"High demand inelasticity detected. Increasing price by 25.0% maximizes expected daily profit to $2,163.45."
Clear Sight Optician,Clear Sight Optician,ASPIRE AIR (3 LENS PACK),ASPIRE AIR (3 LENS PACK),Intra State B2B,488.95,698.5,873.12,25.0,1.57,1370.8,603.15,30,High demand inelasticity detected. Increasing price by 25.0% maximizes expected daily profit to $603.15.
Clear Sight Optician,Clear Sight Optician,ASPIRE PRO (3 LENS PACK),ASPIRE PRO (3 LENS PACK),Intra State B2B,728.52,1040.75,1300.94,25.0,2.05,2666.93,1173.46,30,"High demand inelasticity detected. Increasing price by 25.0% maximizes expected daily profit to $1,173.46."
Clear Sight Optician,Clear Sight Optician,ASPIRE PRO (6 LENS PACK),ASPIRE PRO (6 LENS PACK),Tag71,0.7,1.0,1.25,25.0,2.08,2.6,1.14,30,High demand inelasticity detected. Increasing price by 25.0% maximizes expected daily profit to $1.14.
Clear Sight Optician,Clear Sight Optician,ASPIRE PRO MULTIFOCAL (3LENS PACK),ASPIRE PRO MULTIFOCAL (3LENS PACK),Intra State B2B,1111.77,1588.25,1985.31,25.0,1.88,3732.38,1642.26,30,"High demand inelasticity detected. Increasing price by 25.0% maximizes expected daily profit to $1,642.26."
Clear Sight Optician,Clear Sight Optician,ASPIRE PRO MULTIFOCAL TRIAL 1LENS PK,ASPIRE PRO MULTIFOCAL TRIAL 1LENS PK,Intra State B2B,0.7,1.0,1.25,25.0,2.08,2.6,1.14,30,High demand inelasticity detected. Increasing price by 25.0% maximizes expected daily profit to $1.14.
Clear Sight Optician,Clear Sight Optician,ASPIRE PRO TORIC (3 LENS PACK),ASPIRE PRO TORIC (3 LENS PACK),Intra State B2B,766.32,1094.75,1368.44,25.0,2.6,3557.94,1565.51,30,"High demand inelasticity detected. Increasing price by 25.0% maximizes expected daily profit to $1,565.51."
Clear Sight Optician,Clear Sight Optician,Biotrue Solu - 60ml,Biotrue Solu - 60ml,Intra State B2B,99.33,141.9,177.38,25.0,35.76,6343.11,2791.07,180,"High demand inelasticity detected. Increasing price by 25.0% maximizes expected daily profit to $2,791.07."
Clear Sight Optician,Clear Sight Optician,MY DAY (30 LENS PK),MY DAY (30 LENS PK),Tag71,0.7,1.0,1.25,25.0,2.17,2.71,1.19,30,High demand inelasticity detected. Increasing price by 25.0% maximizes expected daily profit to $1.19.
Clear Sight Optician,Clear Sight Optician,MY DAY TORIC (30 LENS PK),MY DAY TORIC (30 LENS PK),Intra State B2B,1360.28,1943.25,2429.06,25.0,1.92,4663.8,2052.06,30,"High demand inelasticity detected. Increasing price by 25.0% maximizes expected daily profit to $2,052.06."
Clear Sight Optician,Clear Sight Optician,MY DAY TORIC TRAIL 1PK,MY DAY TORIC TRAIL 1PK,Intra State B2B,0.7,1.0,1.25,25.0,2.07,2.59,1.14,30,High demand inelasticity detected. Increasing price by 25.0% maximizes expected daily profit to $1.14.
Clear Sight Optician,Clear Sight Optician,MY DAY TORIC TRAIL 5PK,MY DAY TORIC TRAIL 5PK,Tag71,0.7,1.0,1.25,25.0,25.77,32.21,14.17,130,High demand inelasticity detected. Increasing price by 25.0% maximizes expected daily profit to $14.17.
Clear Sight Optician,Clear Sight Optician,MY DAY TRAIL 1PK,MY DAY TRAIL 1PK,Intra State B2B,0.7,1.0,1.25,25.0,2.07,2.59,1.14,30,High demand inelasticity detected. Increasing price by 25.0% maximizes expected daily profit to $1.14.
Complaint Lenses to company,Complaint Lenses to company,ASPIRE AIR (6 LENS PACK) New,ASPIRE AIR (6 LENS PACK) New,Tag71,0.7,1.0,1.25,25.0,1.89,2.36,1.04,30,High demand inelasticity detected. Increasing price by 25.0% maximizes expected daily profit to $1.04.
Complaint Lenses to company,Complaint Lenses to company,ASPIRE AIR TORIC (3 LENS PACK),ASPIRE AIR TORIC (3 LENS PACK),Tag71,0.7,1.0,1.25,25.0,2.08,2.6,1.14,30,High demand inelasticity detected. Increasing price by 25.0% maximizes expected daily profit to $1.14.
Complaint Lenses to company,Complaint Lenses to company,ASPIRE GO 30LENS PK - NEW,ASPIRE GO 30LENS PK - NEW,Tag71,0.7,1.0,1.25,25.0,2.08,2.6,1.14,30,High demand inelasticity detected. Increasing price by 25.0% maximizes expected daily profit to $1.14.
Complaint Lenses to company,Complaint Lenses to company,ASPIRE GO MAX 1DAY M.F 30LENS PK,ASPIRE GO MAX 1DAY M.F 30LENS PK,Tag71,0.7,1.0,1.25,25.0,2.08,2.6,1.14,30,High demand inelasticity detected. Increasing price by 25.0% maximizes expected daily profit to $1.14.
Complaint Lenses to company,Complaint Lenses to company,ASPIRE GO MAX 1DAY TORIC 30LENS PK,ASPIRE GO MAX 1DAY TORIC 30LENS PK,Tag71,0.7,1.0,1.25,25.0,2.08,2.6,1.14,30,High demand inelasticity detected. Increasing price by 25.0% maximizes expected daily profit to $1.14.
Complaint Lenses to company,Complaint Lenses to company,ASPIRE PRO (3 LENS PACK),ASPIRE PRO (3 LENS PACK),Tag71,0.7,1.0,1.25,25.0,2.08,2.6,1.14,30,High demand inelasticity detected. Increasing price by 25.0% maximizes expected daily profit to $1.14.
Complaint Lenses to company,Complaint Lenses to company,ASPIRE PRO (6 LENS PACK),ASPIRE PRO (6 LENS PACK),Tag71,0.7,1.0,1.25,25.0,6.79,8.49,3.73,35,High demand inelasticity detected. Increasing price by 25.0% maximizes expected daily profit to $3.73.
Complaint Lenses to company,Complaint Lenses to company,ASPIRE PRO MULTIFOCAL (3LENS PACK),ASPIRE PRO MULTIFOCAL (3LENS PACK),Tag71,0.7,1.0,1.25,25.0,2.08,2.6,1.14,30,High demand inelasticity detected. Increasing price by 25.0% maximizes expected daily profit to $1.14.
Complaint Lenses to company,Complaint Lenses to company,ASPIRE PRO TORIC (3 LENS PACK),ASPIRE PRO TORIC (3 LENS PACK),Tag71,0.7,1.0,1.25,25.0,27.8,34.75,15.29,140,High demand inelasticity detected. Increasing price by 25.0% maximizes expected daily profit to $15.29.
Complaint Lenses to company,Complaint Lenses to company,Biofinity Torics 3 Lens pack (new) XR,Biofinity Torics 3 Lens pack (new) XR,Tag71,0.7,1.0,1.25,25.0,10.91,13.64,6.0,55,High demand inelasticity detected. Increasing price by 25.0% maximizes expected daily profit to $6.00.
Counter Sales,Counter Sales,ACUVUE OASYS 6pk,ACUVUE OASYS 6pk,Tag71,1106.7,1581.0,1581.0,0.0,2.68,4237.08,1271.12,30,"Current price is at the optimal profit-maximizing point of $1,581.00."
Counter Sales,Counter Sales,ASPIRE AIR TORIC (3 LENS PACK),ASPIRE AIR TORIC (3 LENS PACK),Tag71,906.5,1295.0,1618.75,25.0,2.09,3383.19,1488.6,30,"High demand inelasticity detected. Increasing price by 25.0% maximizes expected daily profit to $1,488.60."
Counter Sales,Counter Sales,ASPIRE GO MAX 1DAY M.F 30LENS PK,ASPIRE GO MAX 1DAY M.F 30LENS PK,Tag71,1533.0,2190.0,2737.5,25.0,1.82,4982.25,2192.19,30,"High demand inelasticity detected. Increasing price by 25.0% maximizes expected daily profit to $2,192.19."
Counter Sales,Counter Sales,ASPIRE GO MAX 1DAY TORIC 30LENS PK,ASPIRE GO MAX 1DAY TORIC 30LENS PK,Tag71,1227.8,1754.0,2192.5,25.0,1.75,3836.88,1688.23,30,"High demand inelasticity detected. Increasing price by 25.0% maximizes expected daily profit to $1,688.23."
Counter Sales,Counter Sales,ASPIRE PRO (3 LENS PACK),ASPIRE PRO (3 LENS PACK),Tag71,765.1,1093.0,1366.25,25.0,2.02,2759.82,1214.32,30,"High demand inelasticity detected. Increasing price by 25.0% maximizes expected daily profit to $1,214.32."
Counter Sales,Counter Sales,ASPIRE PRO (6 LENS PACK),ASPIRE PRO (6 LENS PACK),Tag71,1473.5,2105.0,2105.0,0.0,2.32,4883.6,1465.08,30,"Current price is at the optimal profit-maximizing point of $2,105.00."
Counter Sales,Counter Sales,ASPIRE PRO MULTIFOCAL (3LENS PACK),ASPIRE PRO MULTIFOCAL (3LENS PACK),Tag71,1319.5,1885.0,2356.25,25.0,1.74,4099.88,1803.94,30,"High demand inelasticity detected. Increasing price by 25.0% maximizes expected daily profit to $1,803.94."
Counter Sales,Counter Sales,ASPIRE PRO TORIC (3 LENS PACK),ASPIRE PRO TORIC (3 LENS PACK),Tag71,804.3,1149.0,1436.25,25.0,2.07,2973.04,1308.14,30,"High demand inelasticity detected. Increasing price by 25.0% maximizes expected daily profit to $1,308.14."
Counter Sales,Counter Sales,ASPIRE PRO TRAIL (1 LENS PACK),ASPIRE PRO TRAIL (1 LENS PACK),Tag71,0.7,1.0,1.25,25.0,2.29,2.86,1.26,30,High demand inelasticity detected. Increasing price by 25.0% maximizes expected daily profit to $1.26.
Counter Sales,Counter Sales,Acuvue Oasys With Hydraluxe,Acuvue Oasys With Hydraluxe,Tag71,1511.3,2159.0,2698.75,25.0,1.87,5046.66,2220.53,30,"High demand inelasticity detected. Increasing price by 25.0% maximizes expected daily profit to $2,220.53."
Counter Sales,Counter Sales,Acuvue Vita For Astigmatism,Acuvue Vita For Astigmatism,Tag71,1511.3,2159.0,2698.75,25.0,2.16,5829.3,2564.89,30,"High demand inelasticity detected. Increasing price by 25.0% maximizes expected daily profit to $2,564.89."
Counter Sales,Counter Sales,Biofinity Energys New ( 3pk ),Biofinity Energys New ( 3pk ),Tag71,894.6,1278.0,1597.5,25.0,1.97,3147.07,1384.71,30,"High demand inelasticity detected. Increasing price by 25.0% maximizes expected daily profit to $1,384.71."
Counter Sales,Counter Sales,Biofinity Torics 3 Lens pack (new) XR,Biofinity Torics 3 Lens pack (new) XR,Tag71,1890.7,2701.0,3376.25,25.0,1.87,6313.59,2777.98,30,"High demand inelasticity detected. Increasing price by 25.0% maximizes expected daily profit to $2,777.98."
Counter Sales,Counter Sales,Biofinity XR 6 Lense pack (new),Biofinity XR 6 Lense pack (new),Tag71,1563.1,2233.0,2791.25,25.0,2.02,5638.32,2480.86,30,"High demand inelasticity detected. Increasing price by 25.0% maximizes expected daily profit to $2,480.86."
Counter Sales,Counter Sales,Biotrue Solu - 60ml,Biotrue Solu - 60ml,Tag71,133.0,190.0,237.5,25.0,1.75,415.62,182.88,30,High demand inelasticity detected. Increasing price by 25.0% maximizes expected daily profit to $182.88.
Counter Sales,Counter Sales,Cooper BackPack,Cooper BackPack,Tag71,0.7,1.0,1.25,25.0,2.63,3.29,1.45,30,High demand inelasticity detected. Increasing price by 25.0% maximizes expected daily profit to $1.45.
Counter Sales,Counter Sales,Cooper Luggage Bag,Cooper Luggage Bag,Tag71,0.7,1.0,1.25,25.0,2.16,2.7,1.19,30,High demand inelasticity detected. Increasing price by 25.0% maximizes expected daily profit to $1.19.
Counter Sales,Counter Sales,MY DAY (30 LENS PK),MY DAY (30 LENS PK),Tag71,1325.8,1894.0,2367.5,25.0,1.8,4261.5,1875.06,30,"High demand inelasticity detected. Increasing price by 25.0% maximizes expected daily profit to $1,875.06."
Counter Sales,Counter Sales,MY DAY TORIC (30 LENS PK),MY DAY TORIC (30 LENS PK),Tag71,1428.35,2040.5,2550.62,25.0,1.75,4463.59,1963.97,30,"High demand inelasticity detected. Increasing price by 25.0% maximizes expected daily profit to $1,963.97."
Counter Sales,Counter Sales,RGB PREPRAZOR,RGB PREPRAZOR,Tag71,8.82,12.6,15.75,25.0,49.87,785.45,345.6,250,High demand inelasticity detected. Increasing price by 25.0% maximizes expected daily profit to $345.60.
Counter Sales,Counter Sales,Safe AQ Max I Meter,Safe AQ Max I Meter,Tag71,0.7,1.0,1.25,25.0,2.0,2.5,1.1,30,High demand inelasticity detected. Increasing price by 25.0% maximizes expected daily profit to $1.10.
Counter Sales,Counter Sales,Safe AQ Max I Strips Vial 100s,Safe AQ Max I Strips Vial 100s,Tag71,0.7,1.0,1.25,25.0,2.29,2.86,1.26,30,High demand inelasticity detected. Increasing price by 25.0% maximizes expected daily profit to $1.26.
Counter Sales,Counter Sales,Safe AQ Max III 25s Foil,Safe AQ Max III 25s Foil,Tag71,0.7,1.0,1.25,25.0,2.29,2.86,1.26,30,High demand inelasticity detected. Increasing price by 25.0% maximizes expected daily profit to $1.26.
Counter Sales,Counter Sales,Twist Sinodraw Lancet 28G 50s,Twist Sinodraw Lancet 28G 50s,Tag71,0.7,1.0,1.25,25.0,2.29,2.86,1.26,30,High demand inelasticity detected. Increasing price by 25.0% maximizes expected daily profit to $1.26.
Crystal Vision Center - Abids,Crystal Vision Center - Abids,ASPIRE AIR (3 LENS PACK),ASPIRE AIR (3 LENS PACK),Tag71,513.45,733.5,916.88,25.0,1.56,1430.33,629.35,30,High demand inelasticity detected. Increasing price by 25.0% maximizes expected daily profit to $629.35.
Crystal Vision Center - Abids,Crystal Vision Center - Abids,ASPIRE AIR (6 LENS PACK) New,ASPIRE AIR (6 LENS PACK) New,Tag71,969.15,1384.5,1384.5,0.0,2.81,3890.45,1167.13,30,"Current price is at the optimal profit-maximizing point of $1,384.50."
Crystal Vision Center - Abids,Crystal Vision Center - Abids,ASPIRE AIR TORIC (3 LENS PACK),ASPIRE AIR TORIC (3 LENS PACK),Tag71,584.5,835.0,1043.75,25.0,2.57,2682.44,1180.27,30,"High demand inelasticity detected. Increasing price by 25.0% maximizes expected daily profit to $1,180.27."
Crystal Vision Center - Abids,Crystal Vision Center - Abids,ASPIRE AIR TRAIL (1 LENS PACK),ASPIRE AIR TRAIL (1 LENS PACK),Tag71,0.7,1.0,1.25,25.0,45.8,57.25,25.19,230,High demand inelasticity detected. Increasing price by 25.0% maximizes expected daily profit to $25.19.
Crystal Vision Center - Abids,Crystal Vision Center - Abids,ASPIRE GO MAX 1DAY SPH 30LENS PK,ASPIRE GO MAX 1DAY SPH 30LENS PK,Tag71,1036.7,1481.0,1851.25,25.0,1.88,3480.35,1531.35,30,"High demand inelasticity detected. Increasing price by 25.0% maximizes expected daily profit to $1,531.35."
Crystal Vision Center - Abids,Crystal Vision Center - Abids,ASPIRE PRO (6 LENS PACK),ASPIRE PRO (6 LENS PACK),Tag71,1473.5,2105.0,2631.25,25.0,1.84,4841.5,2130.26,30,"High demand inelasticity detected. Increasing price by 25.0% maximizes expected daily profit to $2,130.26."
Crystal Vision Center - Abids,Crystal Vision Center - Abids,ASPIRE PRO MULTIFOCAL (3LENS PACK),ASPIRE PRO MULTIFOCAL (3LENS PACK),Tag71,1167.25,1667.5,2084.38,25.0,1.88,3918.63,1724.2,30,"High demand inelasticity detected. Increasing price by 25.0% maximizes expected daily profit to $1,724.20."
Crystal Vision Center - Abids,Crystal Vision Center - Abids,ASPIRE PRO TORIC (3 LENS PACK),ASPIRE PRO TORIC (3 LENS PACK),Tag71,804.3,1149.0,1436.25,25.0,2.12,3044.85,1339.73,30,"High demand inelasticity detected. Increasing price by 25.0% maximizes expected daily profit to $1,339.73."
Crystal Vision Center - Abids,Crystal Vision Center - Abids,Biofinity Energys New ( 3pk ),Biofinity Energys New ( 3pk ),Tag71,894.6,1278.0,1597.5,25.0,2.04,3258.9,1433.92,30,"High demand inelasticity detected. Increasing price by 25.0% maximizes expected daily profit to $1,433.92."
Crystal Vision Center - Abids,Crystal Vision Center - Abids,Biofinity XR 6 Lense pack (new),Biofinity XR 6 Lense pack (new),Tag71,1563.1,2233.0,2791.25,25.0,1.56,4354.35,1915.91,30,"High demand inelasticity detected. Increasing price by 25.0% maximizes expected daily profit to $1,915.91."
Crystal Vision Center - Abids,Crystal Vision Center - Abids,Biomedics Now ( 6pk ) New,Biomedics Now ( 6pk ) New,Tag71,708.4,1012.0,1265.0,25.0,2.1,2656.5,1168.86,30,"High demand inelasticity detected. Increasing price by 25.0% maximizes expected daily profit to $1,168.86."
Crystal Vision Center - Abids,Crystal Vision Center - Abids,MY DAY TRAIL 1PK,MY DAY TRAIL 1PK,Tag71,0.7,1.0,1.25,25.0,30.77,38.46,16.92,160,High demand inelasticity detected. Increasing price by 25.0% maximizes expected daily profit to $16.92.
Crystal Vision Center - Abids,Crystal Vision Center - Abids,Proclear 6 Lens pack(New),Proclear 6 Lens pack(New),Tag71,715.4,1022.0,1277.5,25.0,1.96,2503.9,1101.72,30,"High demand inelasticity detected. Increasing price by 25.0% maximizes expected daily profit to $1,101.72."
Crystal vision eye care--Madhapur,Crystal vision eye care--Madhapur,ASPIRE AIR (6 LENS PACK) New,ASPIRE AIR (6 LENS PACK) New,Tag71,0.7,1.0,1.25,25.0,1.85,2.31,1.02,30,High demand inelasticity detected. Increasing price by 25.0% maximizes expected daily profit to $1.02.
Crystal vision eye care--Madhapur,Crystal vision eye care--Madhapur,ASPIRE AIR TORIC (3 LENS PACK),ASPIRE AIR TORIC (3 LENS PACK),Intra State B2B,556.5,795.0,993.75,25.0,2.24,2226.0,979.44,30,High demand inelasticity detected. Increasing price by 25.0% maximizes expected daily profit to $979.44.
Crystal vision eye care--Madhapur,Crystal vision eye care--Madhapur,ASPIRE PRO (6 LENS PACK),ASPIRE PRO (6 LENS PACK),Intra State B2B,1403.15,2004.5,2505.62,25.0,1.84,4610.34,2028.54,30,"High demand inelasticity detected. Increasing price by 25.0% maximizes expected daily profit to $2,028.54."
Crystal vision eye care--Madhapur,Crystal vision eye care--Madhapur,ASPIRE PRO TORIC (3 LENS PACK),ASPIRE PRO TORIC (3 LENS PACK),Intra State B2B,766.32,1094.75,1368.44,25.0,2.18,2983.2,1312.62,30,"High demand inelasticity detected. Increasing price by 25.0% maximizes expected daily profit to $1,312.62."
Crystal vision eye care--Madhapur,Crystal vision eye care--Madhapur,ASPIRE PRO TRAIL (1 LENS PACK),ASPIRE PRO TRAIL (1 LENS PACK),Intra State B2B,0.7,1.0,1.25,25.0,2.26,2.82,1.24,30,High demand inelasticity detected. Increasing price by 25.0% maximizes expected daily profit to $1.24.
Crystal vision eye care--Madhapur,Crystal vision eye care--Madhapur,Biofinity XR 6 Lense pack (new),Biofinity XR 6 Lense pack (new),Intra State B2B,1488.38,2126.25,2657.81,25.0,1.62,4305.65,1894.48,30,"High demand inelasticity detected. Increasing price by 25.0% maximizes expected daily profit to $1,894.48."
Crystal vision eye care--Madhapur,Crystal vision eye care--Madhapur,MY DAY (30 LENS PK),MY DAY (30 LENS PK),Tag71,0.7,1.0,1.25,25.0,2.77,3.46,1.52,30,High demand inelasticity detected. Increasing price by 25.0% maximizes expected daily profit to $1.52.
Crystal vision eye care--Madhapur,Crystal vision eye care--Madhapur,MY DAY TORIC (30 LENS PK),MY DAY TORIC (30 LENS PK),Intra State B2B,1360.28,1943.25,2429.06,25.0,1.89,4590.92,2019.99,30,"High demand inelasticity detected. Increasing price by 25.0% maximizes expected daily profit to $2,019.99."
DEVENDER GLASS PLYWOOD HARDWARE,DEVENDER GLASS PLYWOOD HARDWARE,RESIBOND GP 100 BLACK 260 ML,RESIBOND GP 100 BLACK 260 ML,Intra State B2B,69.56,99.37,124.21,25.0,23.89,2967.38,1305.59,120,"High demand inelasticity detected. Increasing price by 25.0% maximizes expected daily profit to $1,305.59."
DEVENDER GLASS PLYWOOD HARDWARE,DEVENDER GLASS PLYWOOD HARDWARE,RESIBOND GP 100 CLEAR 260 ML,RESIBOND GP 100 CLEAR 260 ML,Intra State B2B,69.56,99.37,124.21,25.0,23.99,2979.8,1311.05,120,"High demand inelasticity detected. Increasing price by 25.0% maximizes expected daily profit to $1,311.05."
DEVENDER GLASS PLYWOOD HARDWARE,DEVENDER GLASS PLYWOOD HARDWARE,RESIBOND NEUTRAL 3010 CLEAR 280 ML,RESIBOND NEUTRAL 3010 CLEAR 280 ML,Intra State B2B,98.28,140.4,175.5,25.0,23.99,4210.24,1852.51,120,"High demand inelasticity detected. Increasing price by 25.0% maximizes expected daily profit to $1,852.51."
DOLPHIN OPTICALS,DOLPHIN OPTICALS,ASPIRE PRO (6 LENS PACK),ASPIRE PRO (6 LENS PACK),Inter State B2B,1403.15,2004.5,2505.62,25.0,2.35,5888.21,2590.8,30,"High demand inelasticity detected. Increasing price by 25.0% maximizes expected daily profit to $2,590.80."
DOLPHIN OPTICALS,DOLPHIN OPTICALS,ASPIRE PRO TORIC (3 LENS PACK),ASPIRE PRO TORIC (3 LENS PACK),Inter State B2B,766.32,1094.75,1368.44,25.0,2.1,2873.72,1264.45,30,"High demand inelasticity detected. Increasing price by 25.0% maximizes expected daily profit to $1,264.45."
Deepak Power Tools  KP,Deepak Power Tools  KP,BONDTITE FAST & CLEAR 1 KG (S),BONDTITE FAST & CLEAR 1 KG (S),Tag71,1030.1,1471.57,1839.46,25.0,9.92,18247.44,8028.85,50,"High demand inelasticity detected. Increasing price by 25.0% maximizes expected daily profit to $8,028.85."
Deepak Power Tools  KP,Deepak Power Tools  KP,BONDTITE FAST & CLEAR 270 GM,BONDTITE FAST & CLEAR 270 GM,Tag71,374.8,535.43,669.29,25.0,12.0,8031.48,3533.88,60,"High demand inelasticity detected. Increasing price by 25.0% maximizes expected daily profit to $3,533.88."
Deepak Power Tools  KP,Deepak Power Tools  KP,BONDTITE FAST & CLEAR 450 GM (S),BONDTITE FAST & CLEAR 450 GM (S),Tag71,555.3,793.28,991.6,25.0,10.02,9935.83,4371.73,50,"High demand inelasticity detected. Increasing price by 25.0% maximizes expected daily profit to $4,371.73."
Deepak Power Tools  KP,Deepak Power Tools  KP,BONDTITE SUPER STRENGTH 450 GM (S),BONDTITE SUPER STRENGTH 450 GM (S),Tag71,285.02,407.17,508.96,25.0,10.0,5089.6,2239.4,50,"High demand inelasticity detected. Increasing price by 25.0% maximizes expected daily profit to $2,239.40."
Deepak Power Tools  KP,Deepak Power Tools  KP,VEGAQUICK 20 GM (S),VEGAQUICK 20 GM (S),Tag71,26.48,37.83,47.29,25.01,119.79,5664.87,2492.83,600,"High demand inelasticity detected. Increasing price by 25.01% maximizes expected daily profit to $2,492.83."
Deepak Power Tools  KP,Deepak Power Tools  KP,VETRA LV (401) 20 GM (SCHEME),VETRA LV (401) 20 GM (SCHEME),Tag71,36.68,52.4,65.5,25.0,59.91,3924.1,1726.61,300,"High demand inelasticity detected. Increasing price by 25.0% maximizes expected daily profit to $1,726.61."
Deepak Power Tools  KP,Deepak Power Tools  KP,VETRA SUPERFIX HV 703 125 GM,VETRA SUPERFIX HV 703 125 GM,Tag71,149.32,213.31,266.64,25.0,2.51,669.27,294.47,30,High demand inelasticity detected. Increasing price by 25.0% maximizes expected daily profit to $294.47.
Dr Venkat Rao,Dr Venkat Rao,ASPIRE GO MAX 1DAY M.F 30LENS PK,ASPIRE GO MAX 1DAY M.F 30LENS PK,Tag71,1533.0,2190.0,2737.5,25.0,2.29,6268.88,2758.3,30,"High demand inelasticity detected. Increasing price by 25.0% maximizes expected daily profit to $2,758.30."
Dr Venkat Rao,Dr Venkat Rao,ASPIRE PRO TORIC (3 LENS PACK),ASPIRE PRO TORIC (3 LENS PACK),Tag71,804.3,1149.0,1436.25,25.0,2.18,3131.03,1377.65,30,"High demand inelasticity detected. Increasing price by 25.0% maximizes expected daily profit to $1,377.65."
Dr Venkat Rao,Dr Venkat Rao,Biofinity Torics 3 Lens pack (new) XR,Biofinity Torics 3 Lens pack (new) XR,Tag71,1925.0,2750.0,3437.5,25.0,2.81,9659.38,4250.12,30,"High demand inelasticity detected. Increasing price by 25.0% maximizes expected daily profit to $4,250.12."
EN Vision Lasik Eye Center,EN Vision Lasik Eye Center,ASPIRE GO MAX 1DAY SPH 30LENS PK,ASPIRE GO MAX 1DAY SPH 30LENS PK,Tag71,0.7,1.0,1.25,25.0,7.6,9.5,4.18,40,High demand inelasticity detected. Increasing price by 25.0% maximizes expected daily profit to $4.18.
EYE VALUE - Gachibowli,EYE VALUE - Gachibowli,ASPIRE AIR (6 LENS PACK) New,ASPIRE AIR (6 LENS PACK) New,Tag71,0.7,1.0,1.25,25.0,1.95,2.44,1.07,30,High demand inelasticity detected. Increasing price by 25.0% maximizes expected daily profit to $1.07.
Elite Eye Hospital - Nallagandla,Elite Eye Hospital - Nallagandla,ASPIRE PRO TORIC (3 LENS PACK),ASPIRE PRO TORIC (3 LENS PACK),B2C Small,766.32,1094.75,1368.44,25.0,2.25,3078.99,1354.77,30,"High demand inelasticity detected. Increasing price by 25.0% maximizes expected daily profit to $1,354.77."
Elite Eye Hospital - Nallagandla,Elite Eye Hospital - Nallagandla,MY DAY (30 LENS PK),MY DAY (30 LENS PK),B2C Small,1262.27,1803.25,2254.06,25.0,1.94,4372.88,1924.07,30,"High demand inelasticity detected. Increasing price by 25.0% maximizes expected daily profit to $1,924.07."
Expiry Stocks to Company,Expiry Stocks to Company,ASPIRE AIR (6 LENS PACK) New,ASPIRE AIR (6 LENS PACK) New,Tag71,0.7,1.0,1.25,25.0,1.95,2.44,1.07,30,High demand inelasticity detected. Increasing price by 25.0% maximizes expected daily profit to $1.07.
Expiry Stocks to Company,Expiry Stocks to Company,ASPIRE GO MAX 1DAY SPH 30LENS PK,ASPIRE GO MAX 1DAY SPH 30LENS PK,Tag71,0.7,1.0,1.25,25.0,2.14,2.68,1.18,30,High demand inelasticity detected. Increasing price by 25.0% maximizes expected daily profit to $1.18.
Expiry Stocks to Company,Expiry Stocks to Company,ASPIRE GO MAX 1DAY TORIC 30LENS PK,ASPIRE GO MAX 1DAY TORIC 30LENS PK,Tag71,0.7,1.0,1.25,25.0,2.14,2.68,1.18,30,High demand inelasticity detected. Increasing price by 25.0% maximizes expected daily profit to $1.18.
Expiry Stocks to Company,Expiry Stocks to Company,ASPIRE PRO (3 LENS PACK),ASPIRE PRO (3 LENS PACK),Tag71,0.7,1.0,1.25,25.0,56.82,71.03,31.25,285,High demand inelasticity detected. Increasing price by 25.0% maximizes expected daily profit to $31.25.
Expiry Stocks to Company,Expiry Stocks to Company,ASPIRE PRO TORIC (3 LENS PACK),ASPIRE PRO TORIC (3 LENS PACK),Tag71,0.7,1.0,1.25,25.0,12.98,16.23,7.14,65,High demand inelasticity detected. Increasing price by 25.0% maximizes expected daily profit to $7.14.
Expiry Stocks to Company,Expiry Stocks to Company,Biofinity Energys New ( 3pk ),Biofinity Energys New ( 3pk ),Tag71,0.7,1.0,1.25,25.0,2.24,2.8,1.23,30,High demand inelasticity detected. Increasing price by 25.0% maximizes expected daily profit to $1.23.
Expiry Stocks to Company,Expiry Stocks to Company,Biomedics Now ( 6pk ) New,Biomedics Now ( 6pk ) New,Tag71,0.7,1.0,1.25,25.0,36.9,46.12,20.3,185,High demand inelasticity detected. Increasing price by 25.0% maximizes expected daily profit to $20.30.
Expiry Stocks to Company,Expiry Stocks to Company,Biomedics Now (1lens Pk),Biomedics Now (1lens Pk),Tag71,0.7,1.0,1.25,25.0,30.9,38.62,17.0,155,High demand inelasticity detected. Increasing price by 25.0% maximizes expected daily profit to $17.00.
Eye 2 Eye Opticals KPHB,Eye 2 Eye Opticals KPHB,ASPIRE PRO MULTIFOCAL (3LENS PACK),ASPIRE PRO MULTIFOCAL (3LENS PACK),Tag71,1167.6,1668.0,2085.0,25.0,7.8,16263.0,7155.72,40,"High demand inelasticity detected. Increasing price by 25.0% maximizes expected daily profit to $7,155.72."
Eye Care Hyderabad Super Speciality Eye Hospital,Eye Care Hyderabad Super Speciality Eye Hospital,ASPIRE GO MAX 1DAY M.F 30LENS PK,ASPIRE GO MAX 1DAY M.F 30LENS PK,Tag71,1533.0,2190.0,2737.5,25.0,2.31,6323.62,2782.39,30,"High demand inelasticity detected. Increasing price by 25.0% maximizes expected daily profit to $2,782.39."
Eye Care Hyderabad Super Speciality Eye Hospital,Eye Care Hyderabad Super Speciality Eye Hospital,ASPIRE GO MAX 1DAY SPH 30LENS PK,ASPIRE GO MAX 1DAY SPH 30LENS PK,Tag71,1036.7,1481.0,1851.25,25.0,10.12,18734.65,8243.25,50,"High demand inelasticity detected. Increasing price by 25.0% maximizes expected daily profit to $8,243.25."
Eye Care Hyderabad Super Speciality Eye Hospital,Eye Care Hyderabad Super Speciality Eye Hospital,ASPIRE PRO TORIC (3 LENS PACK),ASPIRE PRO TORIC (3 LENS PACK),Tag71,804.3,1149.0,1436.25,25.0,2.2,3159.75,1390.29,30,"High demand inelasticity detected. Increasing price by 25.0% maximizes expected daily profit to $1,390.29."
Eye Care Opticals {Motinagar),Eye Care Opticals {Motinagar),ASPIRE GO MAX 1DAY TORIC 30LENS PK,ASPIRE GO MAX 1DAY TORIC 30LENS PK,Tag71,1227.8,1754.0,2192.5,25.0,1.96,4297.3,1890.81,30,"High demand inelasticity detected. Increasing price by 25.0% maximizes expected daily profit to $1,890.81."
Eye Needs - Chandanagar,Eye Needs - Chandanagar,ASPIRE PRO (3 LENS PACK),ASPIRE PRO (3 LENS PACK),Tag71,765.1,1093.0,1366.25,25.0,2.03,2773.49,1220.33,30,"High demand inelasticity detected. Increasing price by 25.0% maximizes expected daily profit to $1,220.33."
Eye Needs - Chandanagar,Eye Needs - Chandanagar,ASPIRE PRO TORIC (3 LENS PACK),ASPIRE PRO TORIC (3 LENS PACK),Tag71,804.3,1149.0,1436.25,25.0,2.15,3087.94,1358.69,30,"High demand inelasticity detected. Increasing price by 25.0% maximizes expected daily profit to $1,358.69."
Eye Tech Optics P,Eye Tech Optics P,ASPIRE GO MAX 1DAY SPH 30LENS PK,ASPIRE GO MAX 1DAY SPH 30LENS PK,Intra State B2B,989.8,1414.0,1767.5,25.0,1.94,3428.95,1508.74,30,"High demand inelasticity detected. Increasing price by 25.0% maximizes expected daily profit to $1,508.74."
Eye Tech Optics P,Eye Tech Optics P,ASPIRE PRO (3 LENS PACK),ASPIRE PRO (3 LENS PACK),Intra State B2B,728.52,1040.75,1300.94,25.0,2.19,2849.06,1253.6,30,"High demand inelasticity detected. Increasing price by 25.0% maximizes expected daily profit to $1,253.60."
Eye Tech Optics P,Eye Tech Optics P,ASPIRE PRO (6 LENS PACK),ASPIRE PRO (6 LENS PACK),Intra State B2B,1403.15,2004.5,2505.62,25.0,2.19,5487.31,2414.41,30,"High demand inelasticity detected. Increasing price by 25.0% maximizes expected daily profit to $2,414.41."
Eye Tech Optics P,Eye Tech Optics P,ASPIRE PRO TORIC (3 LENS PACK),ASPIRE PRO TORIC (3 LENS PACK),Intra State B2B,766.32,1094.75,1368.44,25.0,2.59,3544.26,1559.49,30,"High demand inelasticity detected. Increasing price by 25.0% maximizes expected daily profit to $1,559.49."
Eye Tech Optics P,Eye Tech Optics P,Biofinity Energys  (3 lens pack) New,Biofinity Energys  (3 lens pack) New,Intra State B2B,746.87,1066.96,1333.7,25.0,2.25,3000.83,1320.37,30,"High demand inelasticity detected. Increasing price by 25.0% maximizes expected daily profit to $1,320.37."
Eye Tech Optics P,Eye Tech Optics P,MY DAY (30 LENS PK),MY DAY (30 LENS PK),Intra State B2B,1262.27,1803.25,2254.06,25.0,1.59,3583.96,1576.95,30,"High demand inelasticity detected. Increasing price by 25.0% maximizes expected daily profit to $1,576.95."
Eye Tech Optics P,Eye Tech Optics P,MY DAY TORIC (30 LENS PK),MY DAY TORIC (30 LENS PK),Intra State B2B,1360.28,1943.25,1943.25,0.0,2.85,5538.26,1661.46,30,"Current price is at the optimal profit-maximizing point of $1,943.25."
Eye Wear opticals--Athapur,Eye Wear opticals--Athapur,ASPIRE AIR TORIC (3 LENS PACK),ASPIRE AIR TORIC (3 LENS PACK),Tag71,584.5,835.0,1043.75,25.0,2.1,2191.88,964.43,30,High demand inelasticity detected. Increasing price by 25.0% maximizes expected daily profit to $964.43.
Eye Wear opticals--Athapur,Eye Wear opticals--Athapur,ASPIRE PRO (3 LENS PACK),ASPIRE PRO (3 LENS PACK),Tag71,765.1,1093.0,1366.25,25.0,2.02,2759.82,1214.32,30,"High demand inelasticity detected. Increasing price by 25.0% maximizes expected daily profit to $1,214.32."
Eyegear Optics India Private Limited,Eyegear Optics India Private Limited,ASPIRE PRO TORIC (3 LENS PACK),ASPIRE PRO TORIC (3 LENS PACK),Intra State B2B,766.32,1094.75,1368.44,25.0,2.18,2983.2,1312.62,30,"High demand inelasticity detected. Increasing price by 25.0% maximizes expected daily profit to $1,312.62."
Eyegear Optics India Private Limited,Eyegear Optics India Private Limited,Biofinity Torics 3 Lens pack (new) XR,Biofinity Torics 3 Lens pack (new) XR,Intra State B2B,1734.42,2477.75,3097.19,25.0,1.84,5698.83,2507.5,30,"High demand inelasticity detected. Increasing price by 25.0% maximizes expected daily profit to $2,507.50."
Eyeris Opticals (k),Eyeris Opticals (k),ASPIRE PRO (3 LENS PACK),ASPIRE PRO (3 LENS PACK),Tag71,764.92,1092.75,1365.94,25.0,2.09,2854.81,1256.13,30,"High demand inelasticity detected. Increasing price by 25.0% maximizes expected daily profit to $1,256.13."
Eyezone Opticals,Eyezone Opticals,ASPIRE AIR TORIC (3 LENS PACK),ASPIRE AIR TORIC (3 LENS PACK),Intra State B2B,556.5,795.0,993.75,25.0,2.25,2235.94,983.81,30,High demand inelasticity detected. Increasing price by 25.0% maximizes expected daily profit to $983.81.
Eyezone Opticals,Eyezone Opticals,Biomedics Now (6 Lens pack) NEW,Biomedics Now (6 Lens pack) NEW,Tag71,0.7,1.0,1.25,25.0,2.43,3.04,1.34,30,High demand inelasticity detected. Increasing price by 25.0% maximizes expected daily profit to $1.34.
Focus Optical Motinagar,Focus Optical Motinagar,ASPIRE PRO TORIC (3 LENS PACK),ASPIRE PRO TORIC (3 LENS PACK),Tag71,805.0,1150.0,1437.5,25.0,2.6,3737.5,1644.5,30,"High demand inelasticity detected. Increasing price by 25.0% maximizes expected daily profit to $1,644.50."
Focus Optical Motinagar,Focus Optical Motinagar,Biofinity XR 6 Lense pack (new),Biofinity XR 6 Lense pack (new),Intra State B2B,1488.38,2126.25,2657.81,25.0,1.81,4810.64,2116.67,30,"High demand inelasticity detected. Increasing price by 25.0% maximizes expected daily profit to $2,116.67."
GANESH ENTERPRISES,GANESH ENTERPRISES,BONDSET FAST SETTING 60 GM,BONDSET FAST SETTING 60 GM,Intra State B2B,8.86,12.65,15.81,24.98,33.9,535.96,235.61,170,High demand inelasticity detected. Increasing price by 24.98% maximizes expected daily profit to $235.61.
GANESH ENTERPRISES,GANESH ENTERPRISES,BONDSET SANITARY UNDER WATER 25 GM,BONDSET SANITARY UNDER WATER 25 GM,Intra State B2B,7.8,11.15,13.94,25.02,59.8,833.61,367.17,300,High demand inelasticity detected. Increasing price by 25.02% maximizes expected daily profit to $367.17.
GANESH ENTERPRISES,GANESH ENTERPRISES,RESIBOND BATHMATE 150GM TUBE,RESIBOND BATHMATE 150GM TUBE,Intra State B2B,29.66,42.37,52.96,24.99,9.81,519.54,228.57,50,High demand inelasticity detected. Increasing price by 24.99% maximizes expected daily profit to $228.57.
GANESH ENTERPRISES,GANESH ENTERPRISES,VEGAQUICK 20 GM (S),VEGAQUICK 20 GM (S),Intra State B2B,22.44,32.06,40.08,25.02,20.03,802.8,353.33,100,High demand inelasticity detected. Increasing price by 25.02% maximizes expected daily profit to $353.33.
GLOBAL MEDIQUIPS,GLOBAL MEDIQUIPS,Safe AQ Max III 50s Foil,Safe AQ Max III 50s Foil,Intra State B2B,0.7,1.0,1.25,25.0,30.02,37.52,16.51,150,High demand inelasticity detected. Increasing price by 25.0% maximizes expected daily profit to $16.51.
GLOBAL MEDIQUIPS,GLOBAL MEDIQUIPS,Safe AQ Max III Meter,Safe AQ Max III Meter,Intra State B2B,525.0,750.0,937.5,25.0,30.01,28134.38,12379.12,150,"High demand inelasticity detected. Increasing price by 25.0% maximizes expected daily profit to $12,379.12."
Ganapathi Hardware & Tools,Ganapathi Hardware & Tools,FILLX ULTRA 2K CHOCOLATE BROWN 1 KG,FILLX ULTRA 2K CHOCOLATE BROWN 1 KG,Intra State B2B,417.72,596.75,745.94,25.0,2.13,1588.85,699.11,30,High demand inelasticity detected. Increasing price by 25.0% maximizes expected daily profit to $699.11.
Ganapathi Hardware & Tools,Ganapathi Hardware & Tools,FILLX ULTRA 2K IRON GRAY 1KG,FILLX ULTRA 2K IRON GRAY 1KG,Intra State B2B,417.72,596.75,745.94,25.0,1.77,1320.31,580.95,30,High demand inelasticity detected. Increasing price by 25.0% maximizes expected daily profit to $580.95.
Ganapathi Hardware & Tools,Ganapathi Hardware & Tools,FILLX ULTRA 2K PURE WHITE 1 KG,FILLX ULTRA 2K PURE WHITE 1 KG,Intra State B2B,417.72,596.75,745.94,25.0,2.13,1588.85,699.11,30,High demand inelasticity detected. Increasing price by 25.0% maximizes expected daily profit to $699.11.
Ganapathi Hardware & Tools,Ganapathi Hardware & Tools,FILLX ULTRA 2K SIGNAL BLACK 1 KG,FILLX ULTRA 2K SIGNAL BLACK 1 KG,Intra State B2B,417.72,596.75,745.94,25.0,2.13,1588.85,699.11,30,High demand inelasticity detected. Increasing price by 25.0% maximizes expected daily profit to $699.11.
Ganesh Plywood & Hardware,Ganesh Plywood & Hardware,VETRA LV (401) 20 GM (SCHEME),VETRA LV (401) 20 GM (SCHEME),Tag71,36.68,52.4,65.5,25.0,319.68,20939.04,9213.18,1600,"High demand inelasticity detected. Increasing price by 25.0% maximizes expected daily profit to $9,213.18."
Gourav Trade Link  KPHB,Gourav Trade Link  KPHB,RESIBOND GP 100 CLEAR 260 ML,RESIBOND GP 100 CLEAR 260 ML,Tag71,77.0,110.0,137.5,25.0,47.9,6586.25,2897.95,240,"High demand inelasticity detected. Increasing price by 25.0% maximizes expected daily profit to $2,897.95."
Gourav Trade Link  KPHB,Gourav Trade Link  KPHB,RESIBOND GP 100 WHITE 260 ML,RESIBOND GP 100 WHITE 260 ML,Tag71,77.0,110.0,137.5,25.0,47.9,6586.25,2897.95,240,"High demand inelasticity detected. Increasing price by 25.0% maximizes expected daily profit to $2,897.95."
Gourav Trade Link  KPHB,Gourav Trade Link  KPHB,VEGAQUICK 20 GM (S),VEGAQUICK 20 GM (S),Tag71,26.48,37.83,47.29,25.01,119.79,5664.87,2492.83,600,"High demand inelasticity detected. Increasing price by 25.01% maximizes expected daily profit to $2,492.83."
Gourav Trade Link  KPHB,Gourav Trade Link  KPHB,VETRA LV (401) 20 GM (SCHEME),VETRA LV (401) 20 GM (SCHEME),Tag71,36.68,52.4,65.5,25.0,59.91,3924.1,1726.61,300,"High demand inelasticity detected. Increasing price by 25.0% maximizes expected daily profit to $1,726.61."
Hanuman Glass Plywood & Hardware,Hanuman Glass Plywood & Hardware,VEGAQUICK 20 GM (S),VEGAQUICK 20 GM (S),Tag71,26.48,37.83,47.29,25.01,20.09,950.06,418.07,100,High demand inelasticity detected. Increasing price by 25.01% maximizes expected daily profit to $418.07.
Hill Traders,Hill Traders,BONDSET FAST SETTING 60 GM,BONDSET FAST SETTING 60 GM,Tag71,10.45,14.93,18.66,24.98,33.95,633.51,278.73,170,High demand inelasticity detected. Increasing price by 24.98% maximizes expected daily profit to $278.73.
Hill Traders,Hill Traders,BONDSET SANITARY UNDER WATER 60 GM,BONDSET SANITARY UNDER WATER 60 GM,Tag71,15.74,22.48,28.1,25.0,33.95,954.0,419.62,170,High demand inelasticity detected. Increasing price by 25.0% maximizes expected daily profit to $419.62.
Hill Traders,Hill Traders,BONDSET WHITE 25 GM,BONDSET WHITE 25 GM,Tag71,5.49,7.85,9.81,24.97,59.85,587.13,258.55,300,High demand inelasticity detected. Increasing price by 24.97% maximizes expected daily profit to $258.55.
Hill Traders,Hill Traders,BONDTITE FAST & CLEAR 36 GM,BONDTITE FAST & CLEAR 36 GM,Tag71,82.05,117.21,146.51,25.0,11.99,1756.65,772.88,60,High demand inelasticity detected. Increasing price by 25.0% maximizes expected daily profit to $772.88.
Hill Traders,Hill Traders,BONDTITE FAST & CLEAR 450 GM (S),BONDTITE FAST & CLEAR 450 GM (S),Tag71,555.3,793.28,991.6,25.0,2.19,2171.6,955.5,30,High demand inelasticity detected. Increasing price by 25.0% maximizes expected daily profit to $955.50.
Hill Traders,Hill Traders,BONDTITE FAST & CLEAR 90 GM,BONDTITE FAST & CLEAR 90 GM,Tag71,170.54,243.63,304.54,25.0,10.01,3048.45,1341.34,50,"High demand inelasticity detected. Increasing price by 25.0% maximizes expected daily profit to $1,341.34."
Hill Traders,Hill Traders,EZY DRAIN CLEANER 40 GM JAR,EZY DRAIN CLEANER 40 GM JAR,Tag71,10.6,15.15,18.94,25.02,49.61,939.61,413.75,250,High demand inelasticity detected. Increasing price by 25.02% maximizes expected daily profit to $413.75.
Hill Traders,Hill Traders,FILLX ULTRA 2K IRON GRAY 1KG,FILLX ULTRA 2K IRON GRAY 1KG,Tag71,492.91,704.16,880.2,25.0,1.77,1557.95,685.5,30,High demand inelasticity detected. Increasing price by 25.0% maximizes expected daily profit to $685.50.
Hill Traders,Hill Traders,FILLX ULTRA 2K PURE WHITE 1 KG,FILLX ULTRA 2K PURE WHITE 1 KG,Tag71,492.98,704.25,880.31,25.0,1.85,1628.57,716.56,30,High demand inelasticity detected. Increasing price by 25.0% maximizes expected daily profit to $716.56.
Hill Traders,Hill Traders,FILLX ULTRA 2K SIGNAL BLACK 1 KG,FILLX ULTRA 2K SIGNAL BLACK 1 KG,Tag71,492.98,704.25,880.31,25.0,1.85,1628.57,716.56,30,High demand inelasticity detected. Increasing price by 25.0% maximizes expected daily profit to $716.56.
Hill Traders,Hill Traders,RESIBOND GP 100 BLACK 260 ML,RESIBOND GP 100 BLACK 260 ML,Tag71,82.08,117.26,146.58,25.0,12.02,1761.89,775.29,60,High demand inelasticity detected. Increasing price by 25.0% maximizes expected daily profit to $775.29.
Hill Traders,Hill Traders,RESIBOND GP 100 CLEAR 260 ML,RESIBOND GP 100 CLEAR 260 ML,Tag71,82.08,117.26,146.58,25.0,24.05,3525.25,1551.23,120,"High demand inelasticity detected. Increasing price by 25.0% maximizes expected daily profit to $1,551.23."
Hill Traders,Hill Traders,RESIBOND GP 100 WHITE 260 ML,RESIBOND GP 100 WHITE 260 ML,Tag71,82.08,117.26,146.58,25.0,24.0,3517.92,1548.0,120,"High demand inelasticity detected. Increasing price by 25.0% maximizes expected daily profit to $1,548.00."
Hill Traders,Hill Traders,RESITAPE PVC TAPE BLACK 17MM X 6 MTR,RESITAPE PVC TAPE BLACK 17MM X 6 MTR,Tag71,5.68,8.12,10.15,25.0,29.98,304.3,134.01,150,High demand inelasticity detected. Increasing price by 25.0% maximizes expected daily profit to $134.01.
Hill Traders,Hill Traders,RESITAPE PVC TAPE RED 17MM X 6 MTR,RESITAPE PVC TAPE RED 17MM X 6 MTR,Tag71,5.68,8.12,10.15,25.0,29.98,304.3,134.01,150,High demand inelasticity detected. Increasing price by 25.0% maximizes expected daily profit to $134.01.
Hill Traders,Hill Traders,VEGAQUICK 20 GM (S),VEGAQUICK 20 GM (S),Tag71,26.48,37.83,47.29,25.01,20.1,950.53,418.28,100,High demand inelasticity detected. Increasing price by 25.01% maximizes expected daily profit to $418.28.
Hill Traders,Hill Traders,VETRA LV (401) 20 GM (SCHEME),VETRA LV (401) 20 GM (SCHEME),Tag71,36.68,52.4,65.5,25.0,39.93,2615.41,1150.78,200,"High demand inelasticity detected. Increasing price by 25.0% maximizes expected daily profit to $1,150.78."
Hill Traders,Hill Traders,VETRA LV (401) 50 GM (SHEME),VETRA LV (401) 50 GM (SHEME),Tag71,74.1,105.86,132.32,25.0,20.08,2656.99,1169.06,100,"High demand inelasticity detected. Increasing price by 25.0% maximizes expected daily profit to $1,169.06."
Hill Traders,Hill Traders,VETRA SUPERFIX HV 703 125 GM,VETRA SUPERFIX HV 703 125 GM,Tag71,149.32,213.31,266.64,25.0,2.5,666.6,293.3,30,High demand inelasticity detected. Increasing price by 25.0% maximizes expected daily profit to $293.30.
Hyderabad Eye Institute - Hospital Supply,Hyderabad Eye Institute - Hospital Supply,MY DAY TORIC (30 LENS PK),MY DAY TORIC (30 LENS PK),Tag71,1134.0,1620.0,2025.0,25.0,76.76,155439.0,68393.16,385,"High demand inelasticity detected. Increasing price by 25.0% maximizes expected daily profit to $68,393.16."
Hyderabad Eye Institute - Kadappa,Hyderabad Eye Institute - Kadappa,ASPIRE PRO TORIC (3 LENS PACK),ASPIRE PRO TORIC (3 LENS PACK),Inter State B2B,766.32,1094.75,1368.44,25.0,2.47,3380.05,1487.24,30,"High demand inelasticity detected. Increasing price by 25.0% maximizes expected daily profit to $1,487.24."
Hyderabad Eye Institute - kismathpur,Hyderabad Eye Institute - kismathpur,ASPIRE PRO TORIC (3 LENS PACK),ASPIRE PRO TORIC (3 LENS PACK),Intra State B2B,766.32,1094.75,1368.44,25.0,2.47,3380.05,1487.24,30,"High demand inelasticity detected. Increasing price by 25.0% maximizes expected daily profit to $1,487.24."
Hyderabad Eye Institute- Vijayawada,Hyderabad Eye Institute- Vijayawada,ASPIRE GO MAX 1DAY TORIC 30LENS PK,ASPIRE GO MAX 1DAY TORIC 30LENS PK,Inter State B2B,1169.0,1670.0,2087.5,25.0,2.39,4989.12,2195.22,30,"High demand inelasticity detected. Increasing price by 25.0% maximizes expected daily profit to $2,195.22."
Hyderabad Eye Institute- Vijayawada,Hyderabad Eye Institute- Vijayawada,ASPIRE PRO (3 LENS PACK),ASPIRE PRO (3 LENS PACK),Inter State B2B,728.52,1040.75,1300.94,25.0,2.44,3174.29,1396.7,30,"High demand inelasticity detected. Increasing price by 25.0% maximizes expected daily profit to $1,396.70."
Hyderabad Eye Institute- Vijayawada,Hyderabad Eye Institute- Vijayawada,ASPIRE PRO (6 LENS PACK),ASPIRE PRO (6 LENS PACK),Inter State B2B,1403.15,2004.5,2505.62,25.0,2.83,7090.9,3119.99,30,"High demand inelasticity detected. Increasing price by 25.0% maximizes expected daily profit to $3,119.99."
Hyderabad Eye Institute- Vijayawada,Hyderabad Eye Institute- Vijayawada,ASPIRE PRO TORIC (3 LENS PACK),ASPIRE PRO TORIC (3 LENS PACK),Inter State B2B,766.32,1094.75,1368.44,25.0,8.04,11002.26,4841.04,40,"High demand inelasticity detected. Increasing price by 25.0% maximizes expected daily profit to $4,841.04."
Hyderabad Eye Institute- Vijayawada,Hyderabad Eye Institute- Vijayawada,Biofinity Torics 3 Lens pack (new) XR,Biofinity Torics 3 Lens pack (new) XR,Inter State B2B,1734.42,2477.75,3097.19,25.0,2.69,8331.44,3665.85,30,"High demand inelasticity detected. Increasing price by 25.0% maximizes expected daily profit to $3,665.85."
Hyderabad Eye Institute- Vijayawada,Hyderabad Eye Institute- Vijayawada,Biofinity XR 6 Lense pack (new),Biofinity XR 6 Lense pack (new),Inter State B2B,1488.38,2126.25,2657.81,25.0,2.83,7521.6,3309.49,30,"High demand inelasticity detected. Increasing price by 25.0% maximizes expected daily profit to $3,309.49."
Hyderabad Eye Institute- Vizag,Hyderabad Eye Institute- Vizag,ASPIRE AIR (3 LENS PACK),ASPIRE AIR (3 LENS PACK),Inter State B2B,488.95,698.5,873.12,25.0,2.07,1807.36,795.23,30,High demand inelasticity detected. Increasing price by 25.0% maximizes expected daily profit to $795.23.
Hyderabad Eye Institute- Vizag,Hyderabad Eye Institute- Vizag,ASPIRE AIR (6 LENS PACK) New,ASPIRE AIR (6 LENS PACK) New,Inter State B2B,922.95,1318.5,1648.12,25.0,1.78,2933.65,1290.8,30,"High demand inelasticity detected. Increasing price by 25.0% maximizes expected daily profit to $1,290.80."
Hyderabad Eye Institute- Vizag,Hyderabad Eye Institute- Vizag,ASPIRE GO 30LENS PK - NEW,ASPIRE GO 30LENS PK - NEW,Inter State B2B,716.62,1023.75,1279.69,25.0,2.56,3276.01,1441.46,30,"High demand inelasticity detected. Increasing price by 25.0% maximizes expected daily profit to $1,441.46."
Hyderabad Eye Institute- Vizag,Hyderabad Eye Institute- Vizag,ASPIRE GO MAX 1DAY TORIC 30LENS PK,ASPIRE GO MAX 1DAY TORIC 30LENS PK,Inter State B2B,1169.0,1670.0,2087.5,25.0,2.39,4989.12,2195.22,30,"High demand inelasticity detected. Increasing price by 25.0% maximizes expected daily profit to $2,195.22."
Hyderabad Eye Institute- Vizag,Hyderabad Eye Institute- Vizag,ASPIRE PRO (3 LENS PACK),ASPIRE PRO (3 LENS PACK),Inter State B2B,728.52,1040.75,1300.94,25.0,7.06,9184.64,4041.29,35,"High demand inelasticity detected. Increasing price by 25.0% maximizes expected daily profit to $4,041.29."
Hyderabad Eye Institute- Vizag,Hyderabad Eye Institute- Vizag,ASPIRE PRO (6 LENS PACK),ASPIRE PRO (6 LENS PACK),Inter State B2B,1403.15,2004.5,2505.62,25.0,2.83,7090.9,3119.99,30,"High demand inelasticity detected. Increasing price by 25.0% maximizes expected daily profit to $3,119.99."
Hyderabad Eye Institute- Vizag,Hyderabad Eye Institute- Vizag,ASPIRE PRO TORIC (3 LENS PACK),ASPIRE PRO TORIC (3 LENS PACK),Inter State B2B,766.32,1094.75,1368.44,25.0,12.99,17776.04,7821.54,65,"High demand inelasticity detected. Increasing price by 25.0% maximizes expected daily profit to $7,821.54."
Hyderabad Eye Institute- Vizag,Hyderabad Eye Institute- Vizag,Biofinity Torics 3 Lens pack (new) XR,Biofinity Torics 3 Lens pack (new) XR,Inter State B2B,1734.42,2477.75,3097.19,25.0,2.69,8331.44,3665.85,30,"High demand inelasticity detected. Increasing price by 25.0% maximizes expected daily profit to $3,665.85."
Hyderabad Eye Institute- Vizag,Hyderabad Eye Institute- Vizag,Biofinity XR 6 Lense pack (new),Biofinity XR 6 Lense pack (new),Inter State B2B,1488.38,2126.25,2657.81,25.0,26.25,69767.51,30697.54,135,"High demand inelasticity detected. Increasing price by 25.0% maximizes expected daily profit to $30,697.54."
Hyderabad Eye Institute- Vizag,Hyderabad Eye Institute- Vizag,Proclear 6 Lens pack(New),Proclear 6 Lens pack(New),Inter State B2B,681.62,973.75,1217.19,25.0,2.34,2848.22,1253.23,30,"High demand inelasticity detected. Increasing price by 25.0% maximizes expected daily profit to $1,253.23."
Hyderabad Eye Institute-B.H,Hyderabad Eye Institute-B.H,ASPIRE GO MAX 1DAY SPH 30LENS PK,ASPIRE GO MAX 1DAY SPH 30LENS PK,Intra State B2B,989.8,1414.0,1767.5,25.0,2.26,3994.55,1757.6,30,"High demand inelasticity detected. Increasing price by 25.0% maximizes expected daily profit to $1,757.60."
Hyderabad Eye Institute-B.H,Hyderabad Eye Institute-B.H,ASPIRE GO MAX 1DAY TORIC 30LENS PK,ASPIRE GO MAX 1DAY TORIC 30LENS PK,Intra State B2B,1169.0,1670.0,2087.5,25.0,2.26,4717.75,2075.81,30,"High demand inelasticity detected. Increasing price by 25.0% maximizes expected daily profit to $2,075.81."
Hyderabad Eye Institute-B.H,Hyderabad Eye Institute-B.H,ASPIRE PRO (3 LENS PACK),ASPIRE PRO (3 LENS PACK),Intra State B2B,728.52,1040.75,1300.94,25.0,18.98,24691.84,10864.53,95,"High demand inelasticity detected. Increasing price by 25.0% maximizes expected daily profit to $10,864.53."
Hyderabad Eye Institute-B.H,Hyderabad Eye Institute-B.H,ASPIRE PRO (6 LENS PACK),ASPIRE PRO (6 LENS PACK),Intra State B2B,1403.15,2004.5,2505.62,25.0,37.04,92808.16,40835.49,185,"High demand inelasticity detected. Increasing price by 25.0% maximizes expected daily profit to $40,835.49."
Hyderabad Eye Institute-B.H,Hyderabad Eye Institute-B.H,ASPIRE PRO TORIC (3 LENS PACK),ASPIRE PRO TORIC (3 LENS PACK),Intra State B2B,766.32,1094.75,1368.44,25.0,77.2,105643.57,46483.66,395,"High demand inelasticity detected. Increasing price by 25.0% maximizes expected daily profit to $46,483.66."
Hyderabad Eye Institute-B.H,Hyderabad Eye Institute-B.H,Biofinity Torics 3 Lens pack (new) XR,Biofinity Torics 3 Lens pack (new) XR,Intra State B2B,1734.42,2477.75,3097.19,25.0,44.02,136338.3,59989.14,225,"High demand inelasticity detected. Increasing price by 25.0% maximizes expected daily profit to $59,989.14."
Hyderabad Eye Institute-B.H,Hyderabad Eye Institute-B.H,Biofinity XR 6 Lense pack (new),Biofinity XR 6 Lense pack (new),Intra State B2B,1488.38,2126.25,2657.81,25.0,40.51,107667.88,47373.61,210,"High demand inelasticity detected. Increasing price by 25.0% maximizes expected daily profit to $47,373.61."
Hyderabad Eye Institute-B.H,Hyderabad Eye Institute-B.H,MY DAY (30 LENS PK),MY DAY (30 LENS PK),Intra State B2B,1262.27,1803.25,2254.06,25.0,2.11,4756.07,2092.68,30,"High demand inelasticity detected. Increasing price by 25.0% maximizes expected daily profit to $2,092.68."
Hyderabad Eye Institute-B.H,Hyderabad Eye Institute-B.H,MY DAY TORIC (30 LENS PK),MY DAY TORIC (30 LENS PK),Intra State B2B,1360.28,1943.25,2429.06,25.0,2.11,5125.32,2255.13,30,"High demand inelasticity detected. Increasing price by 25.0% maximizes expected daily profit to $2,255.13."
Hyderabad Eye Institute-B.H,Hyderabad Eye Institute-B.H,Proclear 6 Lens pack(New),Proclear 6 Lens pack(New),Intra State B2B,681.62,973.75,1217.19,25.0,2.5,3042.98,1338.93,30,"High demand inelasticity detected. Increasing price by 25.0% maximizes expected daily profit to $1,338.93."
Hyderabad Eye Institute-Bhubaneswar,Hyderabad Eye Institute-Bhubaneswar,ASPIRE AIR TORIC (3 LENS PACK),ASPIRE AIR TORIC (3 LENS PACK),Inter State B2B,556.5,795.0,993.75,25.0,2.75,2732.81,1202.44,30,"High demand inelasticity detected. Increasing price by 25.0% maximizes expected daily profit to $1,202.44."
Hyderabad Eye Institute-Bhubaneswar,Hyderabad Eye Institute-Bhubaneswar,ASPIRE PRO (6 LENS PACK),ASPIRE PRO (6 LENS PACK),Inter State B2B,1403.15,2004.5,2505.62,25.0,3.02,7566.97,3329.46,30,"High demand inelasticity detected. Increasing price by 25.0% maximizes expected daily profit to $3,329.46."
Hyderabad Eye Institute-Bhubaneswar,Hyderabad Eye Institute-Bhubaneswar,ASPIRE PRO TORIC (3 LENS PACK),ASPIRE PRO TORIC (3 LENS PACK),Inter State B2B,766.32,1094.75,1368.44,25.0,2.47,3380.05,1487.24,30,"High demand inelasticity detected. Increasing price by 25.0% maximizes expected daily profit to $1,487.24."
Hyderabad Eye Institute-Bhubaneswar,Hyderabad Eye Institute-Bhubaneswar,Biofinity Torics 3 Lens pack (new) XR,Biofinity Torics 3 Lens pack (new) XR,Inter State B2B,1734.42,2477.75,3097.19,25.0,2.87,8888.94,3911.15,30,"High demand inelasticity detected. Increasing price by 25.0% maximizes expected daily profit to $3,911.15."
Hyderabad Eye Institute-Bhubaneswar,Hyderabad Eye Institute-Bhubaneswar,Biofinity XR 6 Lense pack (new),Biofinity XR 6 Lense pack (new),Inter State B2B,1488.38,2126.25,2657.81,25.0,16.42,43641.24,19202.04,80,"High demand inelasticity detected. Increasing price by 25.0% maximizes expected daily profit to $19,202.04."
Hyderabed Eye Institute - Kondapur,Hyderabed Eye Institute - Kondapur,ASPIRE PRO (3 LENS PACK),ASPIRE PRO (3 LENS PACK),Intra State B2B,728.52,1040.75,1300.94,25.0,2.41,3135.27,1379.53,30,"High demand inelasticity detected. Increasing price by 25.0% maximizes expected daily profit to $1,379.53."
Hyderabed Eye Institute - Kondapur,Hyderabed Eye Institute - Kondapur,Biofinity Torics 3 Lens pack (new) XR,Biofinity Torics 3 Lens pack (new) XR,Intra State B2B,1734.42,2477.75,3097.19,25.0,2.81,8703.1,3829.38,30,"High demand inelasticity detected. Increasing price by 25.0% maximizes expected daily profit to $3,829.38."
Jagadamba Sanitary & Electricals K.Nagar,Jagadamba Sanitary & Electricals K.Nagar,BONDTITE FAST & CLEAR 13 GM,BONDTITE FAST & CLEAR 13 GM,Intra State B2B,33.58,47.97,59.96,24.99,24.93,1494.8,657.65,125,High demand inelasticity detected. Increasing price by 24.99% maximizes expected daily profit to $657.65.
Jagadamba Sanitary & Electricals K.Nagar,Jagadamba Sanitary & Electricals K.Nagar,BONDTITE FAST & CLEAR 180 GM,BONDTITE FAST & CLEAR 180 GM,Intra State B2B,232.59,332.27,415.34,25.0,2.11,876.37,385.6,30,High demand inelasticity detected. Increasing price by 25.0% maximizes expected daily profit to $385.60.
Jagadamba Sanitary & Electricals K.Nagar,Jagadamba Sanitary & Electricals K.Nagar,BONDTITE FAST & CLEAR 270 GM,BONDTITE FAST & CLEAR 270 GM,Intra State B2B,317.62,453.75,567.19,25.0,2.11,1196.77,526.59,30,High demand inelasticity detected. Increasing price by 25.0% maximizes expected daily profit to $526.59.
Jagadamba Sanitary & Electricals K.Nagar,Jagadamba Sanitary & Electricals K.Nagar,BONDTITE FAST & CLEAR 36 GM,BONDTITE FAST & CLEAR 36 GM,Intra State B2B,69.53,99.33,124.16,25.0,11.91,1478.75,650.64,60,High demand inelasticity detected. Increasing price by 25.0% maximizes expected daily profit to $650.64.
Jagadamba Sanitary & Electricals K.Nagar,Jagadamba Sanitary & Electricals K.Nagar,EZY DRAIN CLEANER 40 GM JAR,EZY DRAIN CLEANER 40 GM JAR,Intra State B2B,8.99,12.84,16.05,25.0,49.61,796.24,350.25,250,High demand inelasticity detected. Increasing price by 25.0% maximizes expected daily profit to $350.25.
Jagadamba Sanitary & Electricals K.Nagar,Jagadamba Sanitary & Electricals K.Nagar,FILLX FILLER COAL BLACK 3.75 KG,FILLX FILLER COAL BLACK 3.75 KG,Intra State B2B,293.18,418.83,523.54,25.0,1.84,963.31,423.86,30,High demand inelasticity detected. Increasing price by 25.0% maximizes expected daily profit to $423.86.
Jagadamba Sanitary & Electricals K.Nagar,Jagadamba Sanitary & Electricals K.Nagar,FILLX FILLER IVORY 3.75 KG,FILLX FILLER IVORY 3.75 KG,Intra State B2B,293.18,418.83,523.54,25.0,1.84,963.31,423.86,30,High demand inelasticity detected. Increasing price by 25.0% maximizes expected daily profit to $423.86.
Jagadamba Sanitary & Electricals K.Nagar,Jagadamba Sanitary & Electricals K.Nagar,FILLX FILLER JADE WHITE 3.75 KG,FILLX FILLER JADE WHITE 3.75 KG,Intra State B2B,293.18,418.83,523.54,25.0,1.84,963.31,423.86,30,High demand inelasticity detected. Increasing price by 25.0% maximizes expected daily profit to $423.86.
Jagadamba Sanitary & Electricals K.Nagar,Jagadamba Sanitary & Electricals K.Nagar,FILLX FILLER MIDNIGHT GREY 3.75 KG,FILLX FILLER MIDNIGHT GREY 3.75 KG,Intra State B2B,293.18,418.83,523.54,25.0,1.84,963.31,423.86,30,High demand inelasticity detected. Increasing price by 25.0% maximizes expected daily profit to $423.86.
Jagadamba Sanitary & Electricals K.Nagar,Jagadamba Sanitary & Electricals K.Nagar,FILLX SFEG RESIN KIT 1.25KG,FILLX SFEG RESIN KIT 1.25KG,Intra State B2B,1025.03,1464.33,1830.41,25.0,15.54,28444.57,12515.61,80,"High demand inelasticity detected. Increasing price by 25.0% maximizes expected daily profit to $12,515.61."
Jagadamba Sanitary & Electricals K.Nagar,Jagadamba Sanitary & Electricals K.Nagar,FILLX ULTRA 2K CHOCOLATE BROWN 1 KG,FILLX ULTRA 2K CHOCOLATE BROWN 1 KG,Intra State B2B,417.72,596.75,745.94,25.0,1.84,1372.53,603.92,30,High demand inelasticity detected. Increasing price by 25.0% maximizes expected daily profit to $603.92.
Jagadamba Sanitary & Electricals K.Nagar,Jagadamba Sanitary & Electricals K.Nagar,FILLX ULTRA 2K DUSTY GREY 1 KG,FILLX ULTRA 2K DUSTY GREY 1 KG,Intra State B2B,417.72,596.75,745.94,25.0,1.84,1372.53,603.92,30,High demand inelasticity detected. Increasing price by 25.0% maximizes expected daily profit to $603.92.
Jagadamba Sanitary & Electricals K.Nagar,Jagadamba Sanitary & Electricals K.Nagar,FILLX ULTRA 2K LIGHT IVORY 1KG,FILLX ULTRA 2K LIGHT IVORY 1KG,Intra State B2B,412.3,589.0,736.25,25.0,1.84,1354.7,596.07,30,High demand inelasticity detected. Increasing price by 25.0% maximizes expected daily profit to $596.07.
Jagadamba Sanitary & Electricals K.Nagar,Jagadamba Sanitary & Electricals K.Nagar,FILLX ULTRA 2K LIGHT IVORY 5 KG,FILLX ULTRA 2K LIGHT IVORY 5 KG,Intra State B2B,1547.0,2210.0,2762.5,25.0,1.6,4420.0,1944.8,30,"High demand inelasticity detected. Increasing price by 25.0% maximizes expected daily profit to $1,944.80."
Jagadamba Sanitary & Electricals K.Nagar,Jagadamba Sanitary & Electricals K.Nagar,FILLX ULTRA 2K SIGNAL BLACK 1 KG,FILLX ULTRA 2K SIGNAL BLACK 1 KG,Intra State B2B,417.72,596.75,745.94,25.0,1.84,1372.53,603.92,30,High demand inelasticity detected. Increasing price by 25.0% maximizes expected daily profit to $603.92.
Jagadamba Sanitary & Electricals K.Nagar,Jagadamba Sanitary & Electricals K.Nagar,FILLX ULTRA 2K SIGNAL BLACK 5KG,FILLX ULTRA 2K SIGNAL BLACK 5KG,Intra State B2B,1568.36,2240.52,2800.65,25.0,1.6,4481.04,1971.66,30,"High demand inelasticity detected. Increasing price by 25.0% maximizes expected daily profit to $1,971.66."
Jagadamba Sanitary & Electricals K.Nagar,Jagadamba Sanitary & Electricals K.Nagar,RESIBOND BATHMATE 150GM TUBE,RESIBOND BATHMATE 150GM TUBE,Intra State B2B,29.66,42.37,52.96,24.99,29.72,1573.97,692.48,150,High demand inelasticity detected. Increasing price by 24.99% maximizes expected daily profit to $692.48.
Jagadamba Sanitary & Electricals K.Nagar,Jagadamba Sanitary & Electricals K.Nagar,RESIBOND GP 100 BLACK 260 ML,RESIBOND GP 100 BLACK 260 ML,Intra State B2B,69.56,99.37,124.21,25.0,23.97,2977.31,1309.96,120,"High demand inelasticity detected. Increasing price by 25.0% maximizes expected daily profit to $1,309.96."
Jagadamba Sanitary & Electricals K.Nagar,Jagadamba Sanitary & Electricals K.Nagar,RESIBOND GP 100 CLEAR 260 ML,RESIBOND GP 100 CLEAR 260 ML,Intra State B2B,69.56,99.37,124.21,25.0,47.9,5949.66,2617.73,240,"High demand inelasticity detected. Increasing price by 25.0% maximizes expected daily profit to $2,617.73."
Jagadamba Sanitary & Electricals K.Nagar,Jagadamba Sanitary & Electricals K.Nagar,RESIBOND GP 100 WHITE 260 ML,RESIBOND GP 100 WHITE 260 ML,Intra State B2B,69.56,99.37,124.21,25.0,24.06,2988.49,1314.88,120,"High demand inelasticity detected. Increasing price by 25.0% maximizes expected daily profit to $1,314.88."
Jagadamba Sanitary & Electricals K.Nagar,Jagadamba Sanitary & Electricals K.Nagar,SOLVOBOND UPVC 606 100ML,SOLVOBOND UPVC 606 100ML,Intra State B2B,59.6,85.14,106.42,24.99,12.1,1287.68,566.52,60,High demand inelasticity detected. Increasing price by 24.99% maximizes expected daily profit to $566.52.
Jagadamba Sanitary & Electricals K.Nagar,Jagadamba Sanitary & Electricals K.Nagar,SOLVOBOND UPVC 606 50ML,SOLVOBOND UPVC 606 50ML,Intra State B2B,36.67,52.39,65.49,25.0,24.05,1575.03,693.12,120,High demand inelasticity detected. Increasing price by 25.0% maximizes expected daily profit to $693.12.
Jagadamba Sanitary & Electricals K.Nagar,Jagadamba Sanitary & Electricals K.Nagar,VETRA LV (401) 20 GM (SCHEME),VETRA LV (401) 20 GM (SCHEME),Intra State B2B,31.09,44.41,55.51,24.99,134.03,7440.01,3273.01,600,"High demand inelasticity detected. Increasing price by 24.99% maximizes expected daily profit to $3,273.01."
Jagadamba Sanitary & Electricals K.Nagar,Jagadamba Sanitary & Electricals K.Nagar,VETRA LV (401) 50 GM (SHEME),VETRA LV (401) 50 GM (SHEME),Intra State B2B,62.8,89.71,112.14,25.0,39.94,4478.87,1970.64,200,"High demand inelasticity detected. Increasing price by 25.0% maximizes expected daily profit to $1,970.64."
Jai Bhavani Plywood & Hardware,Jai Bhavani Plywood & Hardware,BONDSET FAST SETTING 25 GM,BONDSET FAST SETTING 25 GM,Tag71,5.49,7.85,9.81,24.97,119.71,1174.36,517.15,600,High demand inelasticity detected. Increasing price by 24.97% maximizes expected daily profit to $517.15.
Jain Opticals Vijayawada,Jain Opticals Vijayawada,ASPIRE GO MAX 1DAY TORIC 30LENS PK,ASPIRE GO MAX 1DAY TORIC 30LENS PK,Inter State B2B,1169.0,1670.0,2087.5,25.0,2.1,4383.75,1928.85,30,"High demand inelasticity detected. Increasing price by 25.0% maximizes expected daily profit to $1,928.85."
Jain Opticals Vijayawada,Jain Opticals Vijayawada,ASPIRE PRO (3 LENS PACK),ASPIRE PRO (3 LENS PACK),Inter State B2B,728.52,1040.75,1300.94,25.0,1.7,2211.6,973.11,30,High demand inelasticity detected. Increasing price by 25.0% maximizes expected daily profit to $973.11.
Jain Opticals Vijayawada,Jain Opticals Vijayawada,ASPIRE PRO (6 LENS PACK),ASPIRE PRO (6 LENS PACK),Inter State B2B,1403.15,2004.5,2505.62,25.0,1.94,4860.9,2138.79,30,"High demand inelasticity detected. Increasing price by 25.0% maximizes expected daily profit to $2,138.79."
Jain Opticals Vijayawada,Jain Opticals Vijayawada,Biofinity XR 6 Lense pack (new),Biofinity XR 6 Lense pack (new),Inter State B2B,1488.38,2126.25,2657.81,25.0,1.97,5235.89,2303.78,30,"High demand inelasticity detected. Increasing price by 25.0% maximizes expected daily profit to $2,303.78."
K.R.Reddy Opticalss-Kothapet,K.R.Reddy Opticalss-Kothapet,ASPIRE AIR (6 LENS PACK) New,ASPIRE AIR (6 LENS PACK) New,Intra State B2B,922.95,1318.5,1648.12,25.0,1.66,2735.88,1203.78,30,"High demand inelasticity detected. Increasing price by 25.0% maximizes expected daily profit to $1,203.78."
K.R.Reddy Opticalss-Kothapet,K.R.Reddy Opticalss-Kothapet,ASPIRE AIR TORIC (3 LENS PACK),ASPIRE AIR TORIC (3 LENS PACK),Intra State B2B,0.7,1.0,1.25,25.0,2.15,2.69,1.18,30,High demand inelasticity detected. Increasing price by 25.0% maximizes expected daily profit to $1.18.
K.R.Reddy Opticalss-Kothapet,K.R.Reddy Opticalss-Kothapet,ASPIRE GO MAX 1DAY TORIC 30LENS PK,ASPIRE GO MAX 1DAY TORIC 30LENS PK,Intra State B2B,1169.0,1670.0,2087.5,25.0,1.97,4112.38,1809.44,30,"High demand inelasticity detected. Increasing price by 25.0% maximizes expected daily profit to $1,809.44."
K.R.Reddy Opticalss-Kothapet,K.R.Reddy Opticalss-Kothapet,Biofinity XR 6 Lense pack (new),Biofinity XR 6 Lense pack (new),Intra State B2B,1488.38,2126.25,2657.81,25.0,2.36,6272.43,2759.85,30,"High demand inelasticity detected. Increasing price by 25.0% maximizes expected daily profit to $2,759.85."
K.R.Reddy Opticalss-Kothapet,K.R.Reddy Opticalss-Kothapet,Biomedics Now (6 Lens pack),Biomedics Now (6 Lens pack),Intra State B2B,674.62,963.75,1204.69,25.0,2.12,2553.94,1123.75,30,"High demand inelasticity detected. Increasing price by 25.0% maximizes expected daily profit to $1,123.75."
KHATU SHYAM STONE TOOLS AND CHEMICALS,KHATU SHYAM STONE TOOLS AND CHEMICALS,BONDTITE FAST & CLEAR 1 KG (S),BONDTITE FAST & CLEAR 1 KG (S),Intra State B2B,872.96,1247.09,1558.86,25.0,2.23,3476.26,1529.56,30,"High demand inelasticity detected. Increasing price by 25.0% maximizes expected daily profit to $1,529.56."
KHATU SHYAM STONE TOOLS AND CHEMICALS,KHATU SHYAM STONE TOOLS AND CHEMICALS,BONDTITE FAST & CLEAR 450 GM (S),BONDTITE FAST & CLEAR 450 GM (S),Intra State B2B,470.59,672.27,840.34,25.0,2.18,1831.94,806.06,30,High demand inelasticity detected. Increasing price by 25.0% maximizes expected daily profit to $806.06.
KHATU SHYAM STONE TOOLS AND CHEMICALS,KHATU SHYAM STONE TOOLS AND CHEMICALS,BONDTITE SUPER STRENGTH 1.8 KG (S),BONDTITE SUPER STRENGTH 1.8 KG (S),Intra State B2B,612.38,874.83,1093.54,25.0,2.18,2383.92,1048.93,30,"High demand inelasticity detected. Increasing price by 25.0% maximizes expected daily profit to $1,048.93."
KHATU SHYAM STONE TOOLS AND CHEMICALS,KHATU SHYAM STONE TOOLS AND CHEMICALS,BONDTITE SUPER STRENGTH 450 GM (S),BONDTITE SUPER STRENGTH 450 GM (S),Intra State B2B,241.54,345.06,431.32,25.0,2.18,940.28,413.72,30,High demand inelasticity detected. Increasing price by 25.0% maximizes expected daily profit to $413.72.
KHATU SHYAM STONE TOOLS AND CHEMICALS,KHATU SHYAM STONE TOOLS AND CHEMICALS,FILLX SFEG RESIN KIT 1.25KG,FILLX SFEG RESIN KIT 1.25KG,Intra State B2B,1025.03,1464.33,1830.41,25.0,1.7,3111.7,1369.15,30,"High demand inelasticity detected. Increasing price by 25.0% maximizes expected daily profit to $1,369.15."
KHATU SHYAM STONE TOOLS AND CHEMICALS,KHATU SHYAM STONE TOOLS AND CHEMICALS,FILLX ULTRA 2K CHOCOLATE BROWN 1 KG,FILLX ULTRA 2K CHOCOLATE BROWN 1 KG,Intra State B2B,417.72,596.75,745.94,25.0,1.84,1372.53,603.92,30,High demand inelasticity detected. Increasing price by 25.0% maximizes expected daily profit to $603.92.
KHATU SHYAM STONE TOOLS AND CHEMICALS,KHATU SHYAM STONE TOOLS AND CHEMICALS,FILLX ULTRA 2K IRON GRAY 1KG,FILLX ULTRA 2K IRON GRAY 1KG,Intra State B2B,417.72,596.75,745.94,25.0,1.84,1372.53,603.92,30,High demand inelasticity detected. Increasing price by 25.0% maximizes expected daily profit to $603.92.
KHATU SHYAM STONE TOOLS AND CHEMICALS,KHATU SHYAM STONE TOOLS AND CHEMICALS,FILLX ULTRA 2K SIGNAL BLACK 1 KG,FILLX ULTRA 2K SIGNAL BLACK 1 KG,Intra State B2B,417.72,596.75,745.94,25.0,1.84,1372.53,603.92,30,High demand inelasticity detected. Increasing price by 25.0% maximizes expected daily profit to $603.92.
KHATU SHYAM STONE TOOLS AND CHEMICALS,KHATU SHYAM STONE TOOLS AND CHEMICALS,VETRA LV (401) 20 GM (SCHEME),VETRA LV (401) 20 GM (SCHEME),Intra State B2B,31.09,44.41,55.51,24.99,103.74,5758.61,2533.33,500,"High demand inelasticity detected. Increasing price by 24.99% maximizes expected daily profit to $2,533.33."
KSR EYE WEAR -B.H,KSR EYE WEAR -B.H,ASPIRE GO MAX 1DAY TORIC 30LENS PK,ASPIRE GO MAX 1DAY TORIC 30LENS PK,Intra State B2B,1169.0,1670.0,2087.5,25.0,1.91,3987.12,1754.34,30,"High demand inelasticity detected. Increasing price by 25.0% maximizes expected daily profit to $1,754.34."
KSR EYE WEAR -B.H,KSR EYE WEAR -B.H,ASPIRE PRO (3 LENS PACK),ASPIRE PRO (3 LENS PACK),Intra State B2B,728.52,1040.75,1300.94,25.0,2.07,2692.95,1184.91,30,"High demand inelasticity detected. Increasing price by 25.0% maximizes expected daily profit to $1,184.91."
KSR EYE WEAR -B.H,KSR EYE WEAR -B.H,ASPIRE PRO (6 LENS PACK),ASPIRE PRO (6 LENS PACK),Intra State B2B,1403.15,2004.5,2505.62,25.0,1.88,4710.57,2072.64,30,"High demand inelasticity detected. Increasing price by 25.0% maximizes expected daily profit to $2,072.64."
KSR EYE WEAR -B.H,KSR EYE WEAR -B.H,ASPIRE PRO TORIC (3 LENS PACK),ASPIRE PRO TORIC (3 LENS PACK),Intra State B2B,766.32,1094.75,1368.44,25.0,2.32,3174.78,1396.92,30,"High demand inelasticity detected. Increasing price by 25.0% maximizes expected daily profit to $1,396.92."
KSR EYE WEAR -B.H,KSR EYE WEAR -B.H,Biofinity Torics 3 Lens pack (new) XR,Biofinity Torics 3 Lens pack (new) XR,Intra State B2B,1734.42,2477.75,3097.19,25.0,1.84,5698.83,2507.5,30,"High demand inelasticity detected. Increasing price by 25.0% maximizes expected daily profit to $2,507.50."
KSR EYE WEAR -B.H,KSR EYE WEAR -B.H,MY DAY (30 LENS PK),MY DAY (30 LENS PK),Intra State B2B,1262.27,1803.25,1803.25,0.0,2.76,4976.97,1493.1,30,"Current price is at the optimal profit-maximizing point of $1,803.25."
KSR EYE WEAR -B.H,KSR EYE WEAR -B.H,MY DAY TORIC (30 LENS PK),MY DAY TORIC (30 LENS PK),Intra State B2B,1360.28,1943.25,2429.06,25.0,1.69,4105.11,1806.24,30,"High demand inelasticity detected. Increasing price by 25.0% maximizes expected daily profit to $1,806.24."
Krishna Ecommerce Technologies Private Limited - Gurugram,Krishna Ecommerce Technologies Private Limited - Gurugram,ACUVUE OASYS 6pk,ACUVUE OASYS 6pk,Inter State B2B,1268.4,1812.0,2265.0,25.0,6.7,15175.5,6677.22,35,"High demand inelasticity detected. Increasing price by 25.0% maximizes expected daily profit to $6,677.22."
Krishna Ecommerce Technologies Private Limited - Gurugram,Krishna Ecommerce Technologies Private Limited - Gurugram,Acuvue Moist For Lacreon,Acuvue Moist For Lacreon,Inter State B2B,1050.0,1500.0,1875.0,25.0,2.17,4068.75,1790.25,30,"High demand inelasticity detected. Increasing price by 25.0% maximizes expected daily profit to $1,790.25."
Krishna Ecommerce Technologies Private Limited - Gurugram,Krishna Ecommerce Technologies Private Limited - Gurugram,Acuvue Vita For Astigmatism,Acuvue Vita For Astigmatism,Inter State B2B,1148.0,1640.0,2050.0,25.0,2.17,4448.5,1957.34,30,"High demand inelasticity detected. Increasing price by 25.0% maximizes expected daily profit to $1,957.34."
Krishna Ecommerce Technologies Private Limited - Gurugram,Krishna Ecommerce Technologies Private Limited - Gurugram,MOIST 1 DAY ACUVUE 30PK,MOIST 1 DAY ACUVUE 30PK,Inter State B2B,1050.0,1500.0,1875.0,25.0,134.25,251718.75,110756.25,700,"High demand inelasticity detected. Increasing price by 25.0% maximizes expected daily profit to $110,756.25."
Krishna Ecommerce Technologies Private Limited - Gurugram,Krishna Ecommerce Technologies Private Limited - Gurugram,PV 2 Spherical 6 Lens pack,PV 2 Spherical 6 Lens pack,Inter State B2B,941.5,1345.0,1681.25,25.0,36.87,61987.69,27274.58,185,"High demand inelasticity detected. Increasing price by 25.0% maximizes expected daily profit to $27,274.58."
Krishna Ecommerce Technologies Private Limited - Gurugram,Krishna Ecommerce Technologies Private Limited - Gurugram,SL Toric 6 Lens Packs,SL Toric 6 Lens Packs,Inter State B2B,966.87,1381.25,1726.56,25.0,3.16,5455.93,2400.62,30,"High demand inelasticity detected. Increasing price by 25.0% maximizes expected daily profit to $2,400.62."
Krishna Ecommerce Technologies Private Limited - Gurugram,Krishna Ecommerce Technologies Private Limited - Gurugram,SL59,SL59,Inter State B2B,462.0,660.0,825.0,25.0,9.1,7507.5,3303.3,45,"High demand inelasticity detected. Increasing price by 25.0% maximizes expected daily profit to $3,303.30."
Krishna Ecommerce Technologies Private Limited - Gurugram,Krishna Ecommerce Technologies Private Limited - Gurugram,pv-2 toric,pv-2 toric,Inter State B2B,1186.87,1695.53,2119.41,25.0,2.36,5001.81,2200.79,30,"High demand inelasticity detected. Increasing price by 25.0% maximizes expected daily profit to $2,200.79."
Ksr Eyecare Private Limited- Jublihills,Ksr Eyecare Private Limited- Jublihills,ASPIRE AIR TORIC (3 LENS PACK),ASPIRE AIR TORIC (3 LENS PACK),Intra State B2B,556.5,795.0,993.75,25.0,1.98,1967.62,865.75,30,High demand inelasticity detected. Increasing price by 25.0% maximizes expected daily profit to $865.75.
Ksr Eyecare Private Limited- Jublihills,Ksr Eyecare Private Limited- Jublihills,ASPIRE GO MAX 1DAY M.F 30LENS PK,ASPIRE GO MAX 1DAY M.F 30LENS PK,Intra State B2B,1459.68,2085.25,2606.56,25.0,2.01,5239.19,2305.23,30,"High demand inelasticity detected. Increasing price by 25.0% maximizes expected daily profit to $2,305.23."
Ksr Eyecare Private Limited- Jublihills,Ksr Eyecare Private Limited- Jublihills,ASPIRE GO MAX 1DAY TORIC 30LENS PK,ASPIRE GO MAX 1DAY TORIC 30LENS PK,Intra State B2B,1169.0,1670.0,2087.5,25.0,1.81,3778.38,1662.49,30,"High demand inelasticity detected. Increasing price by 25.0% maximizes expected daily profit to $1,662.49."
Ksr Eyecare Private Limited- Jublihills,Ksr Eyecare Private Limited- Jublihills,ASPIRE PRO (3 LENS PACK),ASPIRE PRO (3 LENS PACK),Intra State B2B,728.52,1040.75,1300.94,25.0,1.75,2276.64,1001.74,30,"High demand inelasticity detected. Increasing price by 25.0% maximizes expected daily profit to $1,001.74."
Ksr Eyecare Private Limited- Jublihills,Ksr Eyecare Private Limited- Jublihills,ASPIRE PRO MULTIFOCAL (3LENS PACK),ASPIRE PRO MULTIFOCAL (3LENS PACK),Intra State B2B,1111.77,1588.25,1985.31,25.0,1.91,3791.94,1668.46,30,"High demand inelasticity detected. Increasing price by 25.0% maximizes expected daily profit to $1,668.46."
Ksr Eyecare Private Limited- Jublihills,Ksr Eyecare Private Limited- Jublihills,ASPIRE PRO MULTIFOCAL TRIAL 1LENS PK,ASPIRE PRO MULTIFOCAL TRIAL 1LENS PK,Intra State B2B,0.7,1.0,1.25,25.0,2.0,2.5,1.1,30,High demand inelasticity detected. Increasing price by 25.0% maximizes expected daily profit to $1.10.
Ksr Eyecare Private Limited- Jublihills,Ksr Eyecare Private Limited- Jublihills,ASPIRE PRO TORIC (3 LENS PACK),ASPIRE PRO TORIC (3 LENS PACK),Intra State B2B,766.32,1094.75,1368.44,25.0,7.88,10783.31,4744.71,40,"High demand inelasticity detected. Increasing price by 25.0% maximizes expected daily profit to $4,744.71."
Ksr Eyecare Private Limited- Jublihills,Ksr Eyecare Private Limited- Jublihills,ASPIRE PRO TRAIL (1 LENS PACK),ASPIRE PRO TRAIL (1 LENS PACK),Intra State B2B,0.7,1.0,1.25,25.0,2.18,2.73,1.2,30,High demand inelasticity detected. Increasing price by 25.0% maximizes expected daily profit to $1.20.
Ksr Eyecare Private Limited- Jublihills,Ksr Eyecare Private Limited- Jublihills,Biofinity Torics 3 Lens pack (new) XR,Biofinity Torics 3 Lens pack (new) XR,Intra State B2B,1734.42,2477.75,3097.19,25.0,2.38,7371.31,3243.39,30,"High demand inelasticity detected. Increasing price by 25.0% maximizes expected daily profit to $3,243.39."
Ksr Eyecare Private Limited- Jublihills,Ksr Eyecare Private Limited- Jublihills,Biomedics Now ( 6pk ) New,Biomedics Now ( 6pk ) New,Intra State B2B,674.62,963.75,1204.69,25.0,2.17,2614.18,1150.25,30,"High demand inelasticity detected. Increasing price by 25.0% maximizes expected daily profit to $1,150.25."
Ksr Eyecare Private Limited- Jublihills,Ksr Eyecare Private Limited- Jublihills,Clarity 1Day MF 1Pk Trail,Clarity 1Day MF 1Pk Trail,Intra State B2B,0.7,1.0,1.25,25.0,2.21,2.76,1.22,30,High demand inelasticity detected. Increasing price by 25.0% maximizes expected daily profit to $1.22.
Ksr Eyecare Private Limited- Jublihills,Ksr Eyecare Private Limited- Jublihills,MY DAY (30 LENS PK),MY DAY (30 LENS PK),Tag71,0.7,1.0,1.25,25.0,2.15,2.69,1.18,30,High demand inelasticity detected. Increasing price by 25.0% maximizes expected daily profit to $1.18.
Ksr Eyecare Private Limited- Jublihills,Ksr Eyecare Private Limited- Jublihills,MY DAY TORIC (30 LENS PK),MY DAY TORIC (30 LENS PK),Intra State B2B,1360.28,1943.25,2429.06,25.0,1.91,4639.5,2041.37,30,"High demand inelasticity detected. Increasing price by 25.0% maximizes expected daily profit to $2,041.37."
LALITA BIOSCIENCES,LALITA BIOSCIENCES,Safe AQ Max I Meter,Safe AQ Max I Meter,Intra State B2B,210.0,300.0,375.0,25.0,2.38,892.5,392.7,30,High demand inelasticity detected. Increasing price by 25.0% maximizes expected daily profit to $392.70.
LALITA BIOSCIENCES,LALITA BIOSCIENCES,Safe AQ Max I Strips Vial 100s,Safe AQ Max I Strips Vial 100s,Intra State B2B,315.0,450.0,562.5,25.0,2.38,1338.75,589.05,30,High demand inelasticity detected. Increasing price by 25.0% maximizes expected daily profit to $589.05.
LVP KISMTHPUR,LVP KISMTHPUR,ASPIRE PRO TORIC (3 LENS PACK),ASPIRE PRO TORIC (3 LENS PACK),Tag71,0.7,1.0,1.25,25.0,2.48,3.1,1.36,30,High demand inelasticity detected. Increasing price by 25.0% maximizes expected daily profit to $1.36.
LVP KISMTHPUR,LVP KISMTHPUR,Proclear 6 Lens pack(New),Proclear 6 Lens pack(New),Tag71,0.7,1.0,1.25,25.0,2.13,2.66,1.17,30,High demand inelasticity detected. Increasing price by 25.0% maximizes expected daily profit to $1.17.
LVPEI - BHILLS,LVPEI - BHILLS,ASPIRE AIR (6 LENS PACK) New,ASPIRE AIR (6 LENS PACK) New,Tag71,0.7,1.0,1.25,25.0,1.92,2.4,1.06,30,High demand inelasticity detected. Increasing price by 25.0% maximizes expected daily profit to $1.06.
LVPEI - BHILLS,LVPEI - BHILLS,ASPIRE GO MAX 1DAY SPH 30LENS PK,ASPIRE GO MAX 1DAY SPH 30LENS PK,Tag71,0.7,1.0,1.25,25.0,2.11,2.64,1.16,30,High demand inelasticity detected. Increasing price by 25.0% maximizes expected daily profit to $1.16.
LVPEI - BHILLS,LVPEI - BHILLS,ASPIRE GO MAX 1DAY TORIC 30LENS PK,ASPIRE GO MAX 1DAY TORIC 30LENS PK,Tag71,0.7,1.0,1.25,25.0,2.03,2.54,1.12,30,High demand inelasticity detected. Increasing price by 25.0% maximizes expected daily profit to $1.12.
LVPEI - BHILLS,LVPEI - BHILLS,ASPIRE PRO (3 LENS PACK),ASPIRE PRO (3 LENS PACK),Tag71,0.7,1.0,1.25,25.0,2.13,2.66,1.17,30,High demand inelasticity detected. Increasing price by 25.0% maximizes expected daily profit to $1.17.
LVPEI - BHILLS,LVPEI - BHILLS,ASPIRE PRO (6 LENS PACK),ASPIRE PRO (6 LENS PACK),Tag71,0.7,1.0,1.25,25.0,6.98,8.73,3.84,35,High demand inelasticity detected. Increasing price by 25.0% maximizes expected daily profit to $3.84.
LVPEI - BHILLS,LVPEI - BHILLS,ASPIRE PRO TORIC (3 LENS PACK),ASPIRE PRO TORIC (3 LENS PACK),Tag71,0.7,1.0,1.25,25.0,10.21,12.76,5.62,50,High demand inelasticity detected. Increasing price by 25.0% maximizes expected daily profit to $5.62.
LVPEI - BHILLS,LVPEI - BHILLS,ASPIRE PRO TORIC TRAIL (1 LENS PACK),ASPIRE PRO TORIC TRAIL (1 LENS PACK),Tag71,0.7,1.0,1.25,25.0,2.32,2.9,1.28,30,High demand inelasticity detected. Increasing price by 25.0% maximizes expected daily profit to $1.28.
LVPEI - BHILLS,LVPEI - BHILLS,Biofinity Torics 3 Lens pack (new) XR,Biofinity Torics 3 Lens pack (new) XR,Tag71,0.7,1.0,1.25,25.0,3.07,3.84,1.69,30,High demand inelasticity detected. Increasing price by 25.0% maximizes expected daily profit to $1.69.
LVPEI - BHILLS,LVPEI - BHILLS,Biofinity XR 6 Lense pack (new),Biofinity XR 6 Lense pack (new),Tag71,0.7,1.0,1.25,25.0,2.41,3.01,1.33,30,High demand inelasticity detected. Increasing price by 25.0% maximizes expected daily profit to $1.33.
LVPEI - BHILLS,LVPEI - BHILLS,MY DAY (30 LENS PK),MY DAY (30 LENS PK),Tag71,0.7,1.0,1.25,25.0,2.13,2.66,1.17,30,High demand inelasticity detected. Increasing price by 25.0% maximizes expected daily profit to $1.17.
LVPEI - BHILLS,LVPEI - BHILLS,MY DAY TORIC (30 LENS PK),MY DAY TORIC (30 LENS PK),Tag71,0.7,1.0,1.25,25.0,2.13,2.66,1.17,30,High demand inelasticity detected. Increasing price by 25.0% maximizes expected daily profit to $1.17.
LVPEI - BHILLS,LVPEI - BHILLS,Proclear 6 Lens pack(New),Proclear 6 Lens pack(New),Tag71,0.7,1.0,1.25,25.0,2.2,2.75,1.21,30,High demand inelasticity detected. Increasing price by 25.0% maximizes expected daily profit to $1.21.
LVPEI - KADAPA,LVPEI - KADAPA,ASPIRE PRO TORIC (3 LENS PACK),ASPIRE PRO TORIC (3 LENS PACK),Tag71,0.7,1.0,1.25,25.0,2.18,2.73,1.2,30,High demand inelasticity detected. Increasing price by 25.0% maximizes expected daily profit to $1.20.
LVPEI - MADHAPUR,LVPEI - MADHAPUR,ASPIRE PRO (3 LENS PACK),ASPIRE PRO (3 LENS PACK),Tag71,0.7,1.0,1.25,25.0,2.42,3.02,1.33,30,High demand inelasticity detected. Increasing price by 25.0% maximizes expected daily profit to $1.33.
LVPEI - MADHAPUR,LVPEI - MADHAPUR,ASPIRE PRO TORIC (3 LENS PACK),ASPIRE PRO TORIC (3 LENS PACK),Tag71,0.7,1.0,1.25,25.0,2.25,2.81,1.24,30,High demand inelasticity detected. Increasing price by 25.0% maximizes expected daily profit to $1.24.
LVPEI - MADHAPUR,LVPEI - MADHAPUR,Biofinity Torics 3 Lens pack (new) XR,Biofinity Torics 3 Lens pack (new) XR,Tag71,0.7,1.0,1.25,25.0,2.61,3.26,1.44,30,High demand inelasticity detected. Increasing price by 25.0% maximizes expected daily profit to $1.44.
LVPEI- Vijayawads,LVPEI- Vijayawads,ASPIRE GO MAX 1DAY TORIC 30LENS PK,ASPIRE GO MAX 1DAY TORIC 30LENS PK,Tag71,0.7,1.0,1.25,25.0,2.02,2.52,1.11,30,High demand inelasticity detected. Increasing price by 25.0% maximizes expected daily profit to $1.11.
LVPEI- Vijayawads,LVPEI- Vijayawads,ASPIRE PRO (3 LENS PACK),ASPIRE PRO (3 LENS PACK),Tag71,0.7,1.0,1.25,25.0,2.02,2.52,1.11,30,High demand inelasticity detected. Increasing price by 25.0% maximizes expected daily profit to $1.11.
LVPEI- Vijayawads,LVPEI- Vijayawads,ASPIRE PRO (6 LENS PACK),ASPIRE PRO (6 LENS PACK),Tag71,0.7,1.0,1.25,25.0,2.02,2.52,1.11,30,High demand inelasticity detected. Increasing price by 25.0% maximizes expected daily profit to $1.11.
LVPEI- Vijayawads,LVPEI- Vijayawads,ASPIRE PRO TORIC (3 LENS PACK),ASPIRE PRO TORIC (3 LENS PACK),Tag71,0.7,1.0,1.25,25.0,2.4,3.0,1.32,30,High demand inelasticity detected. Increasing price by 25.0% maximizes expected daily profit to $1.32.
LVPEI- Vijayawads,LVPEI- Vijayawads,Biofinity Torics 3 Lens pack (new) XR,Biofinity Torics 3 Lens pack (new) XR,Tag71,0.7,1.0,1.25,25.0,2.15,2.69,1.18,30,High demand inelasticity detected. Increasing price by 25.0% maximizes expected daily profit to $1.18.
LVPEI- Vijayawads,LVPEI- Vijayawads,Biofinity XR 6 Lense pack (new),Biofinity XR 6 Lense pack (new),Tag71,0.7,1.0,1.25,25.0,2.14,2.68,1.18,30,High demand inelasticity detected. Increasing price by 25.0% maximizes expected daily profit to $1.18.
LVPI - Vizag,LVPI - Vizag,ASPIRE AIR (6 LENS PACK) New,ASPIRE AIR (6 LENS PACK) New,Tag71,0.7,1.0,1.25,25.0,1.51,1.89,0.83,30,High demand inelasticity detected. Increasing price by 25.0% maximizes expected daily profit to $0.83.
LVPI - Vizag,LVPI - Vizag,ASPIRE AIR TORIC (3 LENS PACK),ASPIRE AIR TORIC (3 LENS PACK),Tag71,0.7,1.0,1.25,25.0,2.0,2.5,1.1,30,High demand inelasticity detected. Increasing price by 25.0% maximizes expected daily profit to $1.10.
LVPI - Vizag,LVPI - Vizag,ASPIRE GO 30LENS PK - NEW,ASPIRE GO 30LENS PK - NEW,Tag71,0.7,1.0,1.25,25.0,2.06,2.58,1.13,30,High demand inelasticity detected. Increasing price by 25.0% maximizes expected daily profit to $1.13.
LVPI - Vizag,LVPI - Vizag,ASPIRE GO MAX 1DAY SPH 30LENS PK,ASPIRE GO MAX 1DAY SPH 30LENS PK,Tag71,0.7,1.0,1.25,25.0,2.02,2.52,1.11,30,High demand inelasticity detected. Increasing price by 25.0% maximizes expected daily profit to $1.11.
LVPI - Vizag,LVPI - Vizag,ASPIRE GO MAX 1DAY TORIC 30LENS PK,ASPIRE GO MAX 1DAY TORIC 30LENS PK,Tag71,0.7,1.0,1.25,25.0,2.02,2.52,1.11,30,High demand inelasticity detected. Increasing price by 25.0% maximizes expected daily profit to $1.11.
LVPI - Vizag,LVPI - Vizag,ASPIRE PRO (3 LENS PACK),ASPIRE PRO (3 LENS PACK),Tag71,0.7,1.0,1.25,25.0,1.99,2.49,1.09,30,High demand inelasticity detected. Increasing price by 25.0% maximizes expected daily profit to $1.09.
LVPI - Vizag,LVPI - Vizag,ASPIRE PRO (6 LENS PACK),ASPIRE PRO (6 LENS PACK),Tag71,0.7,1.0,1.25,25.0,1.88,2.35,1.03,30,High demand inelasticity detected. Increasing price by 25.0% maximizes expected daily profit to $1.03.
LVPI - Vizag,LVPI - Vizag,ASPIRE PRO TORIC (3 LENS PACK),ASPIRE PRO TORIC (3 LENS PACK),Tag71,0.7,1.0,1.25,25.0,2.84,3.55,1.56,30,High demand inelasticity detected. Increasing price by 25.0% maximizes expected daily profit to $1.56.
LVPI - Vizag,LVPI - Vizag,Biofinity Torics 3 Lens pack (new) XR,Biofinity Torics 3 Lens pack (new) XR,Tag71,0.7,1.0,1.25,25.0,2.15,2.69,1.18,30,High demand inelasticity detected. Increasing price by 25.0% maximizes expected daily profit to $1.18.
LVPI - Vizag,LVPI - Vizag,Biofinity XR 6 Lense pack (new),Biofinity XR 6 Lense pack (new),Tag71,0.7,1.0,1.25,25.0,1.84,2.3,1.01,30,High demand inelasticity detected. Increasing price by 25.0% maximizes expected daily profit to $1.01.
LVPI - Vizag,LVPI - Vizag,Proclear 6 Lens pack(New),Proclear 6 Lens pack(New),Tag71,0.7,1.0,1.25,25.0,2.02,2.52,1.11,30,High demand inelasticity detected. Increasing price by 25.0% maximizes expected daily profit to $1.11.
LVPI- Bubaneshwar,LVPI- Bubaneshwar,ASPIRE AIR (6 LENS PACK) New,ASPIRE AIR (6 LENS PACK) New,Tag71,0.7,1.0,1.25,25.0,1.83,2.29,1.01,30,High demand inelasticity detected. Increasing price by 25.0% maximizes expected daily profit to $1.01.
LVPI- Bubaneshwar,LVPI- Bubaneshwar,ASPIRE AIR TORIC (3 LENS PACK),ASPIRE AIR TORIC (3 LENS PACK),Tag71,0.7,1.0,1.25,25.0,1.79,2.24,0.98,30,High demand inelasticity detected. Increasing price by 25.0% maximizes expected daily profit to $0.98.
LVPI- Bubaneshwar,LVPI- Bubaneshwar,ASPIRE PRO (6 LENS PACK),ASPIRE PRO (6 LENS PACK),Tag71,0.7,1.0,1.25,25.0,2.02,2.52,1.11,30,High demand inelasticity detected. Increasing price by 25.0% maximizes expected daily profit to $1.11.
LVPI- Bubaneshwar,LVPI- Bubaneshwar,ASPIRE PRO TORIC (3 LENS PACK),ASPIRE PRO TORIC (3 LENS PACK),Tag71,0.7,1.0,1.25,25.0,2.01,2.51,1.11,30,High demand inelasticity detected. Increasing price by 25.0% maximizes expected daily profit to $1.11.
LVPI- Bubaneshwar,LVPI- Bubaneshwar,Biofinity Torics 3 Lens pack (new) XR,Biofinity Torics 3 Lens pack (new) XR,Tag71,0.7,1.0,1.25,25.0,2.52,3.15,1.39,30,High demand inelasticity detected. Increasing price by 25.0% maximizes expected daily profit to $1.39.
LVPI- Bubaneshwar,LVPI- Bubaneshwar,Biofinity XR 6 Lense pack (new),Biofinity XR 6 Lense pack (new),Tag71,0.7,1.0,1.25,25.0,2.41,3.01,1.33,30,High demand inelasticity detected. Increasing price by 25.0% maximizes expected daily profit to $1.33.
LVPI- Bubaneshwar,LVPI- Bubaneshwar,MY DAY (30 LENS PK),MY DAY (30 LENS PK),Tag71,0.7,1.0,1.25,25.0,2.02,2.52,1.11,30,High demand inelasticity detected. Increasing price by 25.0% maximizes expected daily profit to $1.11.
Lalitha Spectacles Eye Design - Moosarambagh,Lalitha Spectacles Eye Design - Moosarambagh,ASPIRE PRO TORIC (3 LENS PACK),ASPIRE PRO TORIC (3 LENS PACK),Intra State B2B,766.32,1094.75,1368.44,25.0,2.08,2846.36,1252.41,30,"High demand inelasticity detected. Increasing price by 25.0% maximizes expected daily profit to $1,252.41."
Lalitha Spectacles Eye Design - Moosarambagh,Lalitha Spectacles Eye Design - Moosarambagh,MY DAY TORIC (30 LENS PK),MY DAY TORIC (30 LENS PK),Intra State B2B,1360.28,1943.25,2429.06,25.0,1.84,4469.47,1966.56,30,"High demand inelasticity detected. Increasing price by 25.0% maximizes expected daily profit to $1,966.56."
Laxmi Paint House,Laxmi Paint House,VETRA LV (401) 20 GM (SCHEME),VETRA LV (401) 20 GM (SCHEME),Intra State B2B,31.09,44.41,55.51,24.99,39.9,2214.85,974.36,200,High demand inelasticity detected. Increasing price by 24.99% maximizes expected daily profit to $974.36.
Laxmi Paint House,Laxmi Paint House,VETRA LV (401) 50 GM (SHEME),VETRA LV (401) 50 GM (SHEME),Intra State B2B,62.8,89.71,112.14,25.0,39.88,4472.14,1967.68,200,"High demand inelasticity detected. Increasing price by 25.0% maximizes expected daily profit to $1,967.68."
Liberty (abids),Liberty (abids),Biofinity XR 6 Lense pack (new),Biofinity XR 6 Lense pack (new),Tag71,1676.5,2395.0,2993.75,25.0,2.1,6286.88,2766.22,30,"High demand inelasticity detected. Increasing price by 25.0% maximizes expected daily profit to $2,766.22."
MAHADEV OPTICALS - KARIMNAGAR,MAHADEV OPTICALS - KARIMNAGAR,ASPIRE AIR (6 LENS PACK) New,ASPIRE AIR (6 LENS PACK) New,Intra State B2B,922.95,1318.5,1318.5,0.0,2.78,3665.43,1099.63,30,"Current price is at the optimal profit-maximizing point of $1,318.50."
MAHADEV OPTICALS - KARIMNAGAR,MAHADEV OPTICALS - KARIMNAGAR,ASPIRE GO MAX 1DAY TORIC 30LENS PK,ASPIRE GO MAX 1DAY TORIC 30LENS PK,Intra State B2B,1169.0,1670.0,2087.5,25.0,1.81,3778.38,1662.49,30,"High demand inelasticity detected. Increasing price by 25.0% maximizes expected daily profit to $1,662.49."
MAHADEV OPTICALS - KARIMNAGAR,MAHADEV OPTICALS - KARIMNAGAR,ASPIRE PRO MULTIFOCAL TRIAL 1LENS PK,ASPIRE PRO MULTIFOCAL TRIAL 1LENS PK,Tag71,0.7,1.0,1.25,25.0,1.98,2.48,1.09,30,High demand inelasticity detected. Increasing price by 25.0% maximizes expected daily profit to $1.09.
MAHADEV OPTICALS - KARIMNAGAR,MAHADEV OPTICALS - KARIMNAGAR,Clarity 1Day 1Pk Trails,Clarity 1Day 1Pk Trails,Intra State B2B,0.7,1.0,1.25,25.0,39.9,49.88,21.95,200,High demand inelasticity detected. Increasing price by 25.0% maximizes expected daily profit to $21.95.
MAHADEV OPTICALS - KARIMNAGAR,MAHADEV OPTICALS - KARIMNAGAR,Courier Chargers,Courier Chargers,Tag71,105.0,150.0,150.0,0.0,2.68,402.0,120.6,30,Current price is at the optimal profit-maximizing point of $150.00.
MAHADEV OPTICALS - KARIMNAGAR,MAHADEV OPTICALS - KARIMNAGAR,MY DAY TORIC (30 LENS PK),MY DAY TORIC (30 LENS PK),Intra State B2B,1360.28,1943.25,2429.06,25.0,2.08,5052.44,2223.06,30,"High demand inelasticity detected. Increasing price by 25.0% maximizes expected daily profit to $2,223.06."
MAHAVIR OPTICS - ABIDS,MAHAVIR OPTICS - ABIDS,ASPIRE AIR (3 LENS PACK),ASPIRE AIR (3 LENS PACK),Intra State B2B,326.84,466.92,466.92,0.0,2.46,1148.62,344.6,30,Current price is at the optimal profit-maximizing point of $466.92.
MAHAVIR OPTICS - ABIDS,MAHAVIR OPTICS - ABIDS,ASPIRE AIR (6 LENS PACK) New,ASPIRE AIR (6 LENS PACK) New,Intra State B2B,645.88,922.69,922.69,0.0,2.54,2343.63,703.1,30,Current price is at the optimal profit-maximizing point of $922.69.
MAHAVIR OPTICS - ABIDS,MAHAVIR OPTICS - ABIDS,ASPIRE AIR TORIC (3 LENS PACK),ASPIRE AIR TORIC (3 LENS PACK),Tag71,0.7,1.0,1.25,25.0,8.03,10.04,4.42,40,High demand inelasticity detected. Increasing price by 25.0% maximizes expected daily profit to $4.42.
MAHAVIR OPTICS - ABIDS,MAHAVIR OPTICS - ABIDS,ASPIRE AIR TORIC TRAIL (1 LENS PACK),ASPIRE AIR TORIC TRAIL (1 LENS PACK),Intra State B2B,0.7,1.0,1.25,25.0,2.0,2.5,1.1,30,High demand inelasticity detected. Increasing price by 25.0% maximizes expected daily profit to $1.10.
MAHAVIR OPTICS - ABIDS,MAHAVIR OPTICS - ABIDS,ASPIRE GO 30LENS PK - NEW,ASPIRE GO 30LENS PK - NEW,Intra State B2B,485.34,693.35,866.69,25.0,8.73,7566.2,3329.19,45,"High demand inelasticity detected. Increasing price by 25.0% maximizes expected daily profit to $3,329.19."
MAHAVIR OPTICS - ABIDS,MAHAVIR OPTICS - ABIDS,ASPIRE GO MAX 1DAY M.F 30LENS PK,ASPIRE GO MAX 1DAY M.F 30LENS PK,Intra State B2B,1078.73,1541.05,1926.31,25.0,2.14,4122.3,1813.82,30,"High demand inelasticity detected. Increasing price by 25.0% maximizes expected daily profit to $1,813.82."
MAHAVIR OPTICS - ABIDS,MAHAVIR OPTICS - ABIDS,ASPIRE GO MAX 1DAY SPH 30LENS PK,ASPIRE GO MAX 1DAY SPH 30LENS PK,Intra State B2B,668.86,955.52,1194.4,25.0,1.89,2257.42,993.27,30,High demand inelasticity detected. Increasing price by 25.0% maximizes expected daily profit to $993.27.
MAHAVIR OPTICS - ABIDS,MAHAVIR OPTICS - ABIDS,ASPIRE GO MAX 1DAY TORIC 30LENS PK,ASPIRE GO MAX 1DAY TORIC 30LENS PK,Intra State B2B,846.31,1209.02,1511.28,25.0,2.72,4110.68,1808.72,30,"High demand inelasticity detected. Increasing price by 25.0% maximizes expected daily profit to $1,808.72."
MAHAVIR OPTICS - ABIDS,MAHAVIR OPTICS - ABIDS,ASPIRE PRO (3 LENS PACK),ASPIRE PRO (3 LENS PACK),Intra State B2B,493.35,704.79,880.99,25.0,2.13,1876.51,825.67,30,High demand inelasticity detected. Increasing price by 25.0% maximizes expected daily profit to $825.67.
MAHAVIR OPTICS - ABIDS,MAHAVIR OPTICS - ABIDS,ASPIRE PRO (6 LENS PACK),ASPIRE PRO (6 LENS PACK),Intra State B2B,950.17,1357.39,1696.74,25.0,1.87,3172.9,1396.09,30,"High demand inelasticity detected. Increasing price by 25.0% maximizes expected daily profit to $1,396.09."
MAHAVIR OPTICS - ABIDS,MAHAVIR OPTICS - ABIDS,ASPIRE PRO MULTIFOCAL (3LENS PACK),ASPIRE PRO MULTIFOCAL (3LENS PACK),Intra State B2B,1021.54,1459.35,1824.19,25.0,1.7,3101.12,1364.51,30,"High demand inelasticity detected. Increasing price by 25.0% maximizes expected daily profit to $1,364.51."
MAHAVIR OPTICS - ABIDS,MAHAVIR OPTICS - ABIDS,ASPIRE PRO MULTIFOCAL TRIAL 1LENS PK,ASPIRE PRO MULTIFOCAL TRIAL 1LENS PK,Intra State B2B,0.7,1.0,1.25,25.0,2.0,2.5,1.1,30,High demand inelasticity detected. Increasing price by 25.0% maximizes expected daily profit to $1.10.
MAHAVIR OPTICS - ABIDS,MAHAVIR OPTICS - ABIDS,ASPIRE PRO TORIC (3 LENS PACK),ASPIRE PRO TORIC (3 LENS PACK),Tag71,0.7,1.0,1.25,25.0,1.78,2.23,0.98,30,High demand inelasticity detected. Increasing price by 25.0% maximizes expected daily profit to $0.98.
MAHAVIR OPTICS - ABIDS,MAHAVIR OPTICS - ABIDS,ASPIRE PRO TRAIL (1 LENS PACK),ASPIRE PRO TRAIL (1 LENS PACK),Intra State B2B,0.7,1.0,1.25,25.0,2.1,2.62,1.16,30,High demand inelasticity detected. Increasing price by 25.0% maximizes expected daily profit to $1.16.
MAHAVIR OPTICS - ABIDS,MAHAVIR OPTICS - ABIDS,Biofinity Energys  (3 lens pack) New,Biofinity Energys  (3 lens pack) New,Intra State B2B,616.57,880.81,1101.01,25.0,2.12,2334.14,1027.01,30,"High demand inelasticity detected. Increasing price by 25.0% maximizes expected daily profit to $1,027.01."
MAHAVIR OPTICS - ABIDS,MAHAVIR OPTICS - ABIDS,Biofinity XR 6 Lense pack (new),Biofinity XR 6 Lense pack (new),Intra State B2B,1491.31,2130.45,2663.06,25.0,1.87,4979.92,2191.17,30,"High demand inelasticity detected. Increasing price by 25.0% maximizes expected daily profit to $2,191.17."
MAHAVIR OPTICS - ABIDS,MAHAVIR OPTICS - ABIDS,Biomedics Now ( 6pk ) New,Biomedics Now ( 6pk ) New,Intra State B2B,302.87,432.67,540.84,25.0,2.2,1189.85,523.53,30,High demand inelasticity detected. Increasing price by 25.0% maximizes expected daily profit to $523.53.
MAHAVIR OPTICS - ABIDS,MAHAVIR OPTICS - ABIDS,Biomedics Now (1lens Pk),Biomedics Now (1lens Pk),Intra State B2B,53.74,76.77,95.96,25.0,259.76,24926.57,10967.07,1300,"High demand inelasticity detected. Increasing price by 25.0% maximizes expected daily profit to $10,967.07."
MAHAVIR OPTICS - ABIDS,MAHAVIR OPTICS - ABIDS,Biomedics Now (6 Lens pack) NEW,Biomedics Now (6 Lens pack) NEW,Intra State B2B,302.87,432.67,540.84,25.0,2.07,1119.54,492.6,30,High demand inelasticity detected. Increasing price by 25.0% maximizes expected daily profit to $492.60.
MAHAVIR OPTICS - ABIDS,MAHAVIR OPTICS - ABIDS,Clarity 1Day MF 1Pk Trail,Clarity 1Day MF 1Pk Trail,Intra State B2B,0.7,1.0,1.25,25.0,2.02,2.52,1.11,30,High demand inelasticity detected. Increasing price by 25.0% maximizes expected daily profit to $1.11.
MAHAVIR OPTICS - ABIDS,MAHAVIR OPTICS - ABIDS,Coupoun Air Toric,Coupoun Air Toric,Intra State B2B,402.91,575.58,719.48,25.0,66.75,48025.29,21131.05,335,"High demand inelasticity detected. Increasing price by 25.0% maximizes expected daily profit to $21,131.05."
MAHAVIR OPTICS - ABIDS,MAHAVIR OPTICS - ABIDS,Coupoun Pro Toric,Coupoun Pro Toric,Tag71,0.7,1.0,1.25,25.0,2.17,2.71,1.19,30,High demand inelasticity detected. Increasing price by 25.0% maximizes expected daily profit to $1.19.
MAHAVIR OPTICS - ABIDS,MAHAVIR OPTICS - ABIDS,MY DAY (30 LENS PK),MY DAY (30 LENS PK),Tag71,0.7,1.0,1.25,25.0,2.15,2.69,1.18,30,High demand inelasticity detected. Increasing price by 25.0% maximizes expected daily profit to $1.18.
MAHAVIR OPTICS - ABIDS,MAHAVIR OPTICS - ABIDS,MY DAY TORIC (30 LENS PK),MY DAY TORIC (30 LENS PK),Intra State B2B,1097.42,1567.74,1959.67,25.0,1.86,3644.99,1603.79,30,"High demand inelasticity detected. Increasing price by 25.0% maximizes expected daily profit to $1,603.79."
MAHAVIR OPTICS - ABIDS,MAHAVIR OPTICS - ABIDS,Proclear 6 Lens pack(New),Proclear 6 Lens pack(New),Intra State B2B,572.37,817.67,1022.09,25.0,1.85,1890.87,831.98,30,High demand inelasticity detected. Increasing price by 25.0% maximizes expected daily profit to $831.98.
MARTHALA HOSPITALS PVT LTD,MARTHALA HOSPITALS PVT LTD,RGB PREPRAZOR,RGB PREPRAZOR,Intra State B2B,8.4,12.0,15.0,25.0,99.8,1497.0,658.68,500,High demand inelasticity detected. Increasing price by 25.0% maximizes expected daily profit to $658.68.
MAXIVISIO SUPER SPECIALITY EYE HOSPITAL - Vanastalipuram,MAXIVISIO SUPER SPECIALITY EYE HOSPITAL - Vanastalipuram,Proclear 6 Lens pack(New),Proclear 6 Lens pack(New),Intra State B2B,681.62,973.75,1217.19,25.0,2.33,2836.05,1247.88,30,"High demand inelasticity detected. Increasing price by 25.0% maximizes expected daily profit to $1,247.88."
MAXIVISION SUPER SPECIALITY EYE HOSPITALS - Madhapur,MAXIVISION SUPER SPECIALITY EYE HOSPITALS - Madhapur,ASPIRE PRO TORIC (3 LENS PACK),ASPIRE PRO TORIC (3 LENS PACK),Intra State B2B,766.32,1094.75,1368.44,25.0,2.22,3037.94,1336.71,30,"High demand inelasticity detected. Increasing price by 25.0% maximizes expected daily profit to $1,336.71."
MAXIVISION SUPER SPECIALITY EYE HOSPITALS - Madhapur,MAXIVISION SUPER SPECIALITY EYE HOSPITALS - Madhapur,Biofinity Torics 3 Lens pack (new) XR,Biofinity Torics 3 Lens pack (new) XR,Intra State B2B,1734.42,2477.75,3097.19,25.0,2.1,6504.1,2861.82,30,"High demand inelasticity detected. Increasing price by 25.0% maximizes expected daily profit to $2,861.82."
MAXIVISION SUPER SPECIALITY EYE HOSPITALS - Somajiguda,MAXIVISION SUPER SPECIALITY EYE HOSPITALS - Somajiguda,ASPIRE GO MAX 1DAY M.F 30LENS PK,ASPIRE GO MAX 1DAY M.F 30LENS PK,Intra State B2B,1459.68,2085.25,2606.56,25.0,1.9,4952.46,2179.07,30,"High demand inelasticity detected. Increasing price by 25.0% maximizes expected daily profit to $2,179.07."
MAXIVISION SUPER SPECIALITY EYE HOSPITALS - Somajiguda,MAXIVISION SUPER SPECIALITY EYE HOSPITALS - Somajiguda,ASPIRE PRO MULTIFOCAL (3LENS PACK),ASPIRE PRO MULTIFOCAL (3LENS PACK),Tag71,0.7,1.0,1.25,25.0,1.54,1.93,0.85,30,High demand inelasticity detected. Increasing price by 25.0% maximizes expected daily profit to $0.85.
MAXIVISION SUPER SPECIALITY EYE HOSPITALS - Somajiguda,MAXIVISION SUPER SPECIALITY EYE HOSPITALS - Somajiguda,ASPIRE PRO TORIC (3 LENS PACK),ASPIRE PRO TORIC (3 LENS PACK),Tag71,0.7,1.0,1.25,25.0,1.52,1.9,0.84,30,High demand inelasticity detected. Increasing price by 25.0% maximizes expected daily profit to $0.84.
MAXIVISION SUPER SPECIALITY EYE HOSPITALS - Somajiguda,MAXIVISION SUPER SPECIALITY EYE HOSPITALS - Somajiguda,Biofinity Torics 3 Lens pack (new) XR,Biofinity Torics 3 Lens pack (new) XR,Intra State B2B,1734.42,2477.75,3097.19,25.0,2.72,8424.36,3706.73,30,"High demand inelasticity detected. Increasing price by 25.0% maximizes expected daily profit to $3,706.73."
MAXIVISION SUPER SPECIALITY EYE HOSPITALS - Somajiguda,MAXIVISION SUPER SPECIALITY EYE HOSPITALS - Somajiguda,Biofinity XR 6 Lense pack (new),Biofinity XR 6 Lense pack (new),Intra State B2B,1488.38,2126.25,2657.81,25.0,2.03,5395.35,2373.94,30,"High demand inelasticity detected. Increasing price by 25.0% maximizes expected daily profit to $2,373.94."
MAXIVISION SUPER SPECIALITY EYE HOSPITALS - Somajiguda,MAXIVISION SUPER SPECIALITY EYE HOSPITALS - Somajiguda,MY DAY (30 LENS PK),MY DAY (30 LENS PK),Intra State B2B,1262.27,1803.25,1803.25,0.0,2.88,5193.36,1558.02,30,"Current price is at the optimal profit-maximizing point of $1,803.25."
MAXIVISION SUPER SPECIALITY EYE HOSPITALS - Somajiguda,MAXIVISION SUPER SPECIALITY EYE HOSPITALS - Somajiguda,MY DAY TORIC (30 LENS PK),MY DAY TORIC (30 LENS PK),Intra State B2B,1360.28,1943.25,1943.25,0.0,2.74,5324.51,1597.34,30,"Current price is at the optimal profit-maximizing point of $1,943.25."
MAXIVISION SUPER SPECIALITY EYE HOSPITALS-AS Rao Nagar,MAXIVISION SUPER SPECIALITY EYE HOSPITALS-AS Rao Nagar,ASPIRE PRO TORIC (3 LENS PACK),ASPIRE PRO TORIC (3 LENS PACK),Intra State B2B,766.32,1094.75,1368.44,25.0,2.17,2969.51,1306.6,30,"High demand inelasticity detected. Increasing price by 25.0% maximizes expected daily profit to $1,306.60."
MAXIVISION SUPER SPECIALITY EYE HOSPITALS-AS Rao Nagar,MAXIVISION SUPER SPECIALITY EYE HOSPITALS-AS Rao Nagar,MY DAY (30 LENS PK),MY DAY (30 LENS PK),Intra State B2B,1262.27,1803.25,2254.06,25.0,1.73,3899.52,1715.8,30,"High demand inelasticity detected. Increasing price by 25.0% maximizes expected daily profit to $1,715.80."
MAXIVISION SUPER SPECIALITY EYE HOSPITALS-AS Rao Nagar,MAXIVISION SUPER SPECIALITY EYE HOSPITALS-AS Rao Nagar,MY DAY TORIC (30 LENS PK),MY DAY TORIC (30 LENS PK),Intra State B2B,1360.28,1943.25,2429.06,25.0,1.73,4202.27,1848.99,30,"High demand inelasticity detected. Increasing price by 25.0% maximizes expected daily profit to $1,848.99."
Maa Netralaya - Vizag,Maa Netralaya - Vizag,ASPIRE PRO (6 LENS PACK),ASPIRE PRO (6 LENS PACK),Tag71,1473.5,2105.0,2631.25,25.0,1.94,5104.62,2246.03,30,"High demand inelasticity detected. Increasing price by 25.0% maximizes expected daily profit to $2,246.03."
Maa Netralaya - Vizag,Maa Netralaya - Vizag,Biofinity XR 6 Lense pack (new),Biofinity XR 6 Lense pack (new),Tag71,1563.1,2233.0,2791.25,25.0,1.75,4884.69,2149.26,30,"High demand inelasticity detected. Increasing price by 25.0% maximizes expected daily profit to $2,149.26."
Maa Netralaya - Vizag,Maa Netralaya - Vizag,Courier Chargers,Courier Chargers,Tag71,105.0,150.0,150.0,0.0,2.64,396.0,118.8,30,Current price is at the optimal profit-maximizing point of $150.00.
Mahalaxmi Enterprises,Mahalaxmi Enterprises,BONDTITE FAST & CLEAR 1 KG (S),BONDTITE FAST & CLEAR 1 KG (S),Intra State B2B,879.72,1256.75,1570.94,25.0,2.1,3298.97,1451.56,30,"High demand inelasticity detected. Increasing price by 25.0% maximizes expected daily profit to $1,451.56."
Mahalaxmi Enterprises,Mahalaxmi Enterprises,VETRA LV (401) 20 GM (SCHEME),VETRA LV (401) 20 GM (SCHEME),Intra State B2B,31.09,44.41,55.51,24.99,133.96,7436.12,3271.3,700,"High demand inelasticity detected. Increasing price by 24.99% maximizes expected daily profit to $3,271.30."
Mukunda Opticians,Mukunda Opticians,ASPIRE PRO TORIC (3 LENS PACK),ASPIRE PRO TORIC (3 LENS PACK),Tag71,0.7,1.0,1.25,25.0,1.82,2.27,1.0,30,High demand inelasticity detected. Increasing price by 25.0% maximizes expected daily profit to $1.00.
Mukunda Opticians,Mukunda Opticians,Biofinity XR 6 Lense pack (new),Biofinity XR 6 Lense pack (new),Tag71,1563.1,2233.0,2791.25,25.0,2.04,5694.15,2505.43,30,"High demand inelasticity detected. Increasing price by 25.0% maximizes expected daily profit to $2,505.43."
Mukunda Opticians,Mukunda Opticians,Coupoun Pro Toric,Coupoun Pro Toric,Tag71,0.7,1.0,1.25,25.0,2.02,2.52,1.11,30,High demand inelasticity detected. Increasing price by 25.0% maximizes expected daily profit to $1.11.
Mukunda Opticians,Mukunda Opticians,MY DAY (30 LENS PK),MY DAY (30 LENS PK),Tag71,0.7,1.0,1.25,25.0,1.97,2.46,1.08,30,High demand inelasticity detected. Increasing price by 25.0% maximizes expected daily profit to $1.08.
N-Vision,N-Vision,Biomedics Now (6 Lens pack) NEW,Biomedics Now (6 Lens pack) NEW,Tag71,455.0,650.0,812.5,25.0,2.04,1657.5,729.3,30,High demand inelasticity detected. Increasing price by 25.0% maximizes expected daily profit to $729.30.
N-Vision,N-Vision,MY DAY (30 LENS PK),MY DAY (30 LENS PK),Tag71,1325.1,1893.0,2366.25,25.0,1.66,3927.97,1728.31,30,"High demand inelasticity detected. Increasing price by 25.0% maximizes expected daily profit to $1,728.31."
NEW ARIHANT OPTICIANS - Himayatnagar,NEW ARIHANT OPTICIANS - Himayatnagar,ASPIRE PRO (3 LENS PACK),ASPIRE PRO (3 LENS PACK),Intra State B2B,728.52,1040.75,1300.94,25.0,1.64,2133.54,938.77,30,High demand inelasticity detected. Increasing price by 25.0% maximizes expected daily profit to $938.77.
NEW ARIHANT OPTICIANS - Himayatnagar,NEW ARIHANT OPTICIANS - Himayatnagar,ASPIRE PRO (6 LENS PACK),ASPIRE PRO (6 LENS PACK),Intra State B2B,1403.15,2004.5,2505.62,25.0,1.7,4259.55,1874.2,30,"High demand inelasticity detected. Increasing price by 25.0% maximizes expected daily profit to $1,874.20."
NEW ARIHANT OPTICIANS - Himayatnagar,NEW ARIHANT OPTICIANS - Himayatnagar,ASPIRE PRO MULTIFOCAL (3LENS PACK),ASPIRE PRO MULTIFOCAL (3LENS PACK),Intra State B2B,1111.77,1588.25,1985.31,25.0,1.8,3573.56,1572.37,30,"High demand inelasticity detected. Increasing price by 25.0% maximizes expected daily profit to $1,572.37."
NEW ARIHANT OPTICIANS - Himayatnagar,NEW ARIHANT OPTICIANS - Himayatnagar,ASPIRE PRO TORIC (3 LENS PACK),ASPIRE PRO TORIC (3 LENS PACK),Intra State B2B,766.32,1094.75,1368.44,25.0,2.16,2955.83,1300.58,30,"High demand inelasticity detected. Increasing price by 25.0% maximizes expected daily profit to $1,300.58."
NEW ARIHANT OPTICIANS - Himayatnagar,NEW ARIHANT OPTICIANS - Himayatnagar,ASPIRE PRO TORIC TRAIL (1 LENS PACK),ASPIRE PRO TORIC TRAIL (1 LENS PACK),Intra State B2B,0.7,1.0,1.25,25.0,2.04,2.55,1.12,30,High demand inelasticity detected. Increasing price by 25.0% maximizes expected daily profit to $1.12.
NEW ARIHANT OPTICIANS - Himayatnagar,NEW ARIHANT OPTICIANS - Himayatnagar,Proclear 6 Lens pack(New),Proclear 6 Lens pack(New),Intra State B2B,681.62,973.75,1217.19,25.0,1.98,2410.04,1060.43,30,"High demand inelasticity detected. Increasing price by 25.0% maximizes expected daily profit to $1,060.43."
Neo Vision Habsiguda,Neo Vision Habsiguda,MY DAY TORIC (30 LENS PK),MY DAY TORIC (30 LENS PK),Tag71,1428.0,2040.0,2550.0,25.0,1.93,4921.5,2165.46,30,"High demand inelasticity detected. Increasing price by 25.0% maximizes expected daily profit to $2,165.46."
New Orient Opticals,New Orient Opticals,Biomedics Now ( 6pk ) New,Biomedics Now ( 6pk ) New,Tag71,708.4,1012.0,1265.0,25.0,19.8,25047.0,11020.68,100,"High demand inelasticity detected. Increasing price by 25.0% maximizes expected daily profit to $11,020.68."
Noble Health Care,Noble Health Care,Safe AQ Max I Meter,Safe AQ Max I Meter,Intra State B2B,77.0,110.0,137.5,25.0,10.06,1383.25,608.63,50,High demand inelasticity detected. Increasing price by 25.0% maximizes expected daily profit to $608.63.
Noble Health Care,Noble Health Care,Safe AQ Max I Strips Vial 100s,Safe AQ Max I Strips Vial 100s,Intra State B2B,294.0,420.0,525.0,25.0,29.95,15723.75,6918.45,150,"High demand inelasticity detected. Increasing price by 25.0% maximizes expected daily profit to $6,918.45."
OPTICA VISION MATTERS - West Maredpally,OPTICA VISION MATTERS - West Maredpally,ASPIRE GO MAX 1DAY SPH 30LENS PK,ASPIRE GO MAX 1DAY SPH 30LENS PK,Intra State B2B,989.8,1414.0,1767.5,25.0,1.8,3181.5,1399.86,30,"High demand inelasticity detected. Increasing price by 25.0% maximizes expected daily profit to $1,399.86."
OPTICA VISION MATTERS - West Maredpally,OPTICA VISION MATTERS - West Maredpally,ASPIRE GO MAX 1DAY TORIC 30LENS PK,ASPIRE GO MAX 1DAY TORIC 30LENS PK,Intra State B2B,1169.0,1670.0,2087.5,25.0,1.71,3569.62,1570.63,30,"High demand inelasticity detected. Increasing price by 25.0% maximizes expected daily profit to $1,570.63."
OPTICA VISION MATTERS - West Maredpally,OPTICA VISION MATTERS - West Maredpally,ASPIRE PRO (6 LENS PACK),ASPIRE PRO (6 LENS PACK),Intra State B2B,0.7,1.0,1.25,25.0,25.63,32.04,14.1,125,High demand inelasticity detected. Increasing price by 25.0% maximizes expected daily profit to $14.10.
OPTICA VISION MATTERS - West Maredpally,OPTICA VISION MATTERS - West Maredpally,Biofinity Multifocal Torics 3Pk,Biofinity Multifocal Torics 3Pk,Intra State B2B,2603.65,3719.5,4649.38,25.0,2.04,9484.74,4173.29,30,"High demand inelasticity detected. Increasing price by 25.0% maximizes expected daily profit to $4,173.29."
OPTICA VISION MATTERS - West Maredpally,OPTICA VISION MATTERS - West Maredpally,Coupoun Pro Toric,Coupoun Pro Toric,Tag71,0.7,1.0,1.25,25.0,1.92,2.4,1.06,30,High demand inelasticity detected. Increasing price by 25.0% maximizes expected daily profit to $1.06.
OPTICA VISION MATTERS - West Maredpally,OPTICA VISION MATTERS - West Maredpally,MY DAY (30 LENS PK),MY DAY (30 LENS PK),Tag71,0.7,1.0,1.25,25.0,2.49,3.11,1.37,30,High demand inelasticity detected. Increasing price by 25.0% maximizes expected daily profit to $1.37.
OPTICA VISION MATTERS - West Maredpally,OPTICA VISION MATTERS - West Maredpally,MY DAY TORIC (30 LENS PK),MY DAY TORIC (30 LENS PK),Intra State B2B,1360.28,1943.25,2429.06,25.0,2.08,5052.44,2223.06,30,"High demand inelasticity detected. Increasing price by 25.0% maximizes expected daily profit to $2,223.06."
Opti Journey Innovations,Opti Journey Innovations,Assorted Contact Lenses,Assorted Contact Lenses,Inter State B2B,903.0,1290.0,1612.5,25.0,329.54,531383.25,233808.63,1650,"High demand inelasticity detected. Increasing price by 25.0% maximizes expected daily profit to $233,808.63."
Opti Journey Innovations,Opti Journey Innovations,MY DAY (30 LENS PK),MY DAY (30 LENS PK),Inter State B2B,903.0,1290.0,1612.5,25.0,654.03,1054623.38,464034.28,3285,"High demand inelasticity detected. Increasing price by 25.0% maximizes expected daily profit to $464,034.28."
Opti Journey Innovations,Opti Journey Innovations,PV 2 Spherical 6 Lens pack,PV 2 Spherical 6 Lens pack,Inter State B2B,941.5,1345.0,1681.25,25.0,149.77,251800.81,110792.36,750,"High demand inelasticity detected. Increasing price by 25.0% maximizes expected daily profit to $110,792.36."
Opti Journey Innovations,Opti Journey Innovations,Proclear 6 Lens pack(New),Proclear 6 Lens pack(New),Inter State B2B,640.5,915.0,1143.75,25.0,684.04,782370.75,344243.13,3865,"High demand inelasticity detected. Increasing price by 25.0% maximizes expected daily profit to $344,243.13."
Opti Journey Innovations,Opti Journey Innovations,SL59,SL59,Inter State B2B,479.5,685.0,856.25,25.0,761.29,651854.56,286816.01,9725,"High demand inelasticity detected. Increasing price by 25.0% maximizes expected daily profit to $286,816.01."
Opti Journey Innovations,Opti Journey Innovations,Ultra Toric,Ultra Toric,Inter State B2B,1526.0,2180.0,2725.0,25.0,49.87,135895.75,59794.13,250,"High demand inelasticity detected. Increasing price by 25.0% maximizes expected daily profit to $59,794.13."
Optical Hut Vizag,Optical Hut Vizag,ASPIRE GO MAX 1DAY SPH 30LENS PK,ASPIRE GO MAX 1DAY SPH 30LENS PK,Tag71,1036.7,1481.0,1851.25,25.0,1.88,3480.35,1531.35,30,"High demand inelasticity detected. Increasing price by 25.0% maximizes expected daily profit to $1,531.35."
Optocura Ventures LLP - Jubilee Hills,Optocura Ventures LLP - Jubilee Hills,ASPIRE GO MAX 1DAY M.F 30LENS PK,ASPIRE GO MAX 1DAY M.F 30LENS PK,Intra State B2B,1459.68,2085.25,2606.56,25.0,1.68,4379.02,1926.76,30,"High demand inelasticity detected. Increasing price by 25.0% maximizes expected daily profit to $1,926.76."
Optocura Ventures LLP - Jubilee Hills,Optocura Ventures LLP - Jubilee Hills,ASPIRE PRO (3 LENS PACK),ASPIRE PRO (3 LENS PACK),Intra State B2B,728.52,1040.75,1300.94,25.0,2.02,2627.9,1156.29,30,"High demand inelasticity detected. Increasing price by 25.0% maximizes expected daily profit to $1,156.29."
Optocura Ventures LLP - Jubilee Hills,Optocura Ventures LLP - Jubilee Hills,ASPIRE PRO MULTIFOCAL (3LENS PACK),ASPIRE PRO MULTIFOCAL (3LENS PACK),Intra State B2B,1111.77,1588.25,1985.31,25.0,1.73,3434.59,1511.22,30,"High demand inelasticity detected. Increasing price by 25.0% maximizes expected daily profit to $1,511.22."
Optocura Ventures LLP - Jubilee Hills,Optocura Ventures LLP - Jubilee Hills,ASPIRE PRO MULTIFOCAL TRIAL 1LENS PK,ASPIRE PRO MULTIFOCAL TRIAL 1LENS PK,Intra State B2B,0.7,1.0,1.25,25.0,2.01,2.51,1.11,30,High demand inelasticity detected. Increasing price by 25.0% maximizes expected daily profit to $1.11.
Optocura Ventures LLP - Jubilee Hills,Optocura Ventures LLP - Jubilee Hills,ASPIRE PRO TORIC (3 LENS PACK),ASPIRE PRO TORIC (3 LENS PACK),Intra State B2B,766.32,1094.75,1368.44,25.0,2.12,2901.09,1276.49,30,"High demand inelasticity detected. Increasing price by 25.0% maximizes expected daily profit to $1,276.49."
Optocura Ventures LLP - Jubilee Hills,Optocura Ventures LLP - Jubilee Hills,MY DAY (30 LENS PK),MY DAY (30 LENS PK),Intra State B2B,1262.27,1803.25,2254.06,25.0,1.66,3741.74,1646.37,30,"High demand inelasticity detected. Increasing price by 25.0% maximizes expected daily profit to $1,646.37."
Optocura Ventures LLP - Jubilee Hills,Optocura Ventures LLP - Jubilee Hills,MY DAY TORIC (30 LENS PK),MY DAY TORIC (30 LENS PK),Intra State B2B,1360.28,1943.25,2429.06,25.0,1.66,4032.24,1774.17,30,"High demand inelasticity detected. Increasing price by 25.0% maximizes expected daily profit to $1,774.17."
Our Vision Opticals Vijayawada,Our Vision Opticals Vijayawada,Courier Chargers,Courier Chargers,Inter State B2B,70.0,100.0,125.0,25.0,1.72,215.0,94.6,30,High demand inelasticity detected. Increasing price by 25.0% maximizes expected daily profit to $94.60.
Our Vision Opticals Vijayawada,Our Vision Opticals Vijayawada,MY DAY TORIC (30 LENS PK),MY DAY TORIC (30 LENS PK),Inter State B2B,1360.28,1943.25,2429.06,25.0,1.74,4226.56,1859.68,30,"High demand inelasticity detected. Increasing price by 25.0% maximizes expected daily profit to $1,859.68."
PAREENA EYE CARE CENTER,PAREENA EYE CARE CENTER,ASPIRE GO MAX 1DAY TORIC 30LENS PK,ASPIRE GO MAX 1DAY TORIC 30LENS PK,Intra State B2B,1169.0,1670.0,2087.5,25.0,1.83,3820.12,1680.86,30,"High demand inelasticity detected. Increasing price by 25.0% maximizes expected daily profit to $1,680.86."
PAREENA EYE CARE CENTER,PAREENA EYE CARE CENTER,MY DAY TORIC (30 LENS PK),MY DAY TORIC (30 LENS PK),Intra State B2B,1360.28,1943.25,2429.06,25.0,1.73,4202.27,1848.99,30,"High demand inelasticity detected. Increasing price by 25.0% maximizes expected daily profit to $1,848.99."
POOJA OPTICALS -- V.P,POOJA OPTICALS -- V.P,Biofinity Energys New ( 3pk ),Biofinity Energys New ( 3pk ),Tag71,894.6,1278.0,1533.6,20.0,1.75,2683.8,1118.25,30,"High demand inelasticity detected. Increasing price by 20.0% maximizes expected daily profit to $1,118.25."
PRISTINE OPTICALS,PRISTINE OPTICALS,ASPIRE GO MAX 1DAY SPH 30LENS PK,ASPIRE GO MAX 1DAY SPH 30LENS PK,Intra State B2B,989.8,1414.0,1767.5,25.0,1.81,3199.18,1407.64,30,"High demand inelasticity detected. Increasing price by 25.0% maximizes expected daily profit to $1,407.64."
PRISTINE OPTICALS,PRISTINE OPTICALS,ASPIRE GO MAX 1DAY TORIC 30LENS PK,ASPIRE GO MAX 1DAY TORIC 30LENS PK,Intra State B2B,1169.0,1670.0,2087.5,25.0,1.8,3757.5,1653.3,30,"High demand inelasticity detected. Increasing price by 25.0% maximizes expected daily profit to $1,653.30."
PRISTINE OPTICALS,PRISTINE OPTICALS,ASPIRE PRO (3 LENS PACK),ASPIRE PRO (3 LENS PACK),Intra State B2B,728.52,1040.75,1300.94,25.0,1.91,2484.8,1093.32,30,"High demand inelasticity detected. Increasing price by 25.0% maximizes expected daily profit to $1,093.32."
PRISTINE OPTICALS,PRISTINE OPTICALS,ASPIRE PRO (6 LENS PACK),ASPIRE PRO (6 LENS PACK),Intra State B2B,1403.15,2004.5,2004.5,0.0,2.74,5492.33,1647.7,30,"Current price is at the optimal profit-maximizing point of $2,004.50."
PRISTINE OPTICALS,PRISTINE OPTICALS,ASPIRE PRO MULTIFOCAL (3LENS PACK),ASPIRE PRO MULTIFOCAL (3LENS PACK),Intra State B2B,1111.77,1588.25,1985.31,25.0,1.83,3633.12,1598.58,30,"High demand inelasticity detected. Increasing price by 25.0% maximizes expected daily profit to $1,598.58."
PRISTINE OPTICALS,PRISTINE OPTICALS,ASPIRE PRO TORIC (3 LENS PACK),ASPIRE PRO TORIC (3 LENS PACK),Intra State B2B,766.32,1094.75,1368.44,25.0,2.12,2901.09,1276.49,30,"High demand inelasticity detected. Increasing price by 25.0% maximizes expected daily profit to $1,276.49."
PRISTINE OPTICALS,PRISTINE OPTICALS,ASPIRE PRO TORIC TRAIL (1 LENS PACK),ASPIRE PRO TORIC TRAIL (1 LENS PACK),Intra State B2B,0.7,1.0,1.25,25.0,2.12,2.65,1.17,30,High demand inelasticity detected. Increasing price by 25.0% maximizes expected daily profit to $1.17.
PRO VISION OPTOMETRY,PRO VISION OPTOMETRY,MY DAY TORIC (30 LENS PK),MY DAY TORIC (30 LENS PK),Tag71,1428.0,2040.0,2550.0,25.0,1.87,4768.5,2098.14,30,"High demand inelasticity detected. Increasing price by 25.0% maximizes expected daily profit to $2,098.14."
Pavan Enterprises Miyapur,Pavan Enterprises Miyapur,BONDSET FAST SETTING 25 GM,BONDSET FAST SETTING 25 GM,Intra State B2B,4.66,6.65,8.31,24.96,59.79,496.85,218.23,300,High demand inelasticity detected. Increasing price by 24.96% maximizes expected daily profit to $218.23.
Pavan Enterprises Miyapur,Pavan Enterprises Miyapur,BONDSET FAST SETTING 60 GM,BONDSET FAST SETTING 60 GM,Intra State B2B,8.86,12.65,15.81,24.98,33.9,535.96,235.61,170,High demand inelasticity detected. Increasing price by 24.98% maximizes expected daily profit to $235.61.
Pavan Enterprises Miyapur,Pavan Enterprises Miyapur,RESIBOND GP 100 CLEAR 260 ML,RESIBOND GP 100 CLEAR 260 ML,Intra State B2B,69.56,99.37,124.21,25.0,23.96,2976.07,1309.41,120,"High demand inelasticity detected. Increasing price by 25.0% maximizes expected daily profit to $1,309.41."
Pavan Enterprises Miyapur,Pavan Enterprises Miyapur,RESIBOND GP 100 WHITE 260 ML,RESIBOND GP 100 WHITE 260 ML,Intra State B2B,69.56,99.37,124.21,25.0,23.96,2976.07,1309.41,120,"High demand inelasticity detected. Increasing price by 25.0% maximizes expected daily profit to $1,309.41."
Pavan Enterprises Miyapur,Pavan Enterprises Miyapur,VETRA LV (401) 50 GM (SHEME),VETRA LV (401) 50 GM (SHEME),Intra State B2B,62.8,89.71,112.14,25.0,19.98,2240.56,985.81,100,High demand inelasticity detected. Increasing price by 25.0% maximizes expected daily profit to $985.81.
Pavan Enterprises Miyapur,Pavan Enterprises Miyapur,VETRA SUPERFIX HV 703 125 GM,VETRA SUPERFIX HV 703 125 GM,Intra State B2B,126.54,180.77,225.96,25.0,2.32,524.23,230.65,30,High demand inelasticity detected. Increasing price by 25.0% maximizes expected daily profit to $230.65.
Pavan Plywood & Hardware,Pavan Plywood & Hardware,RESIBOND GP 100 WHITE 260 ML,RESIBOND GP 100 WHITE 260 ML,Tag71,77.0,110.0,137.5,25.0,47.84,6578.0,2894.32,240,"High demand inelasticity detected. Increasing price by 25.0% maximizes expected daily profit to $2,894.32."
Pavan Plywood & Hardware,Pavan Plywood & Hardware,VEGAQUICK 20 GM (S),VEGAQUICK 20 GM (S),Tag71,26.48,37.83,47.29,25.01,20.0,945.8,416.2,100,High demand inelasticity detected. Increasing price by 25.01% maximizes expected daily profit to $416.20.
Pavan Plywood & Hardware,Pavan Plywood & Hardware,VETRA LV (401) 20 GM (SCHEME),VETRA LV (401) 20 GM (SCHEME),Tag71,36.68,52.4,65.5,25.0,20.0,1310.0,576.4,100,High demand inelasticity detected. Increasing price by 25.0% maximizes expected daily profit to $576.40.
Pooja Power Tools,Pooja Power Tools,BONDSET FAST SETTING 25 GM,BONDSET FAST SETTING 25 GM,Intra State B2B,4.66,6.65,8.31,24.96,59.8,496.94,218.27,300,High demand inelasticity detected. Increasing price by 24.96% maximizes expected daily profit to $218.27.
Pooja Power Tools,Pooja Power Tools,BONDSET FAST SETTING 60 GM,BONDSET FAST SETTING 60 GM,Intra State B2B,8.86,12.65,15.81,24.98,33.9,535.96,235.61,170,High demand inelasticity detected. Increasing price by 24.98% maximizes expected daily profit to $235.61.
Pooja Power Tools,Pooja Power Tools,VETRA LV (401) 20 GM (SCHEME),VETRA LV (401) 20 GM (SCHEME),Intra State B2B,31.09,44.41,55.51,24.99,20.01,1110.76,488.64,100,High demand inelasticity detected. Increasing price by 24.99% maximizes expected daily profit to $488.64.
Poonam Plywood & Hardware,Poonam Plywood & Hardware,BONDTITE FAST & CLEAR 1 KG (S),BONDTITE FAST & CLEAR 1 KG (S),Intra State B2B,872.96,1247.09,1558.86,25.0,2.1,3273.61,1440.39,30,"High demand inelasticity detected. Increasing price by 25.0% maximizes expected daily profit to $1,440.39."
Poonam Plywood & Hardware,Poonam Plywood & Hardware,BONDTITE FAST & CLEAR 180 GM,BONDTITE FAST & CLEAR 180 GM,Intra State B2B,232.59,332.27,415.34,25.0,11.86,4925.93,2167.41,60,"High demand inelasticity detected. Increasing price by 25.0% maximizes expected daily profit to $2,167.41."
Poonam Plywood & Hardware,Poonam Plywood & Hardware,BONDTITE FAST & CLEAR 450 GM (S),BONDTITE FAST & CLEAR 450 GM (S),Intra State B2B,470.59,672.27,840.34,25.0,2.04,1714.29,754.29,30,High demand inelasticity detected. Increasing price by 25.0% maximizes expected daily profit to $754.29.
Poonam Plywood & Hardware,Poonam Plywood & Hardware,RESIBOND GP 100 WHITE 260 ML,RESIBOND GP 100 WHITE 260 ML,Intra State B2B,77.0,110.0,137.5,25.0,23.96,3294.5,1449.58,120,"High demand inelasticity detected. Increasing price by 25.0% maximizes expected daily profit to $1,449.58."
Poonam Plywood & Hardware,Poonam Plywood & Hardware,VEGAQUICK 20 GM (S),VEGAQUICK 20 GM (S),Intra State B2B,22.44,32.06,40.08,25.02,59.83,2397.99,1055.4,300,"High demand inelasticity detected. Increasing price by 25.02% maximizes expected daily profit to $1,055.40."
Poonam Plywood & Hardware,Poonam Plywood & Hardware,VETRA LV (401) 20 GM (SCHEME),VETRA LV (401) 20 GM (SCHEME),Intra State B2B,31.09,44.41,55.51,24.99,20.01,1110.76,488.64,100,High demand inelasticity detected. Increasing price by 24.99% maximizes expected daily profit to $488.64.
Prime Opticians-NMDC,Prime Opticians-NMDC,ASPIRE PRO TORIC (3 LENS PACK),ASPIRE PRO TORIC (3 LENS PACK),Tag71,804.3,1149.0,1436.25,25.0,2.12,3044.85,1339.73,30,"High demand inelasticity detected. Increasing price by 25.0% maximizes expected daily profit to $1,339.73."
Prime Opticians-NMDC,Prime Opticians-NMDC,MY DAY TORIC (30 LENS PK),MY DAY TORIC (30 LENS PK),Tag71,1428.0,2040.0,2550.0,25.0,1.77,4513.5,1985.94,30,"High demand inelasticity detected. Increasing price by 25.0% maximizes expected daily profit to $1,985.94."
R.R Vision Care,R.R Vision Care,ASPIRE GO MAX 1DAY M.F 30LENS PK,ASPIRE GO MAX 1DAY M.F 30LENS PK,Intra State B2B,1459.68,2085.25,2606.56,25.0,1.71,4457.22,1961.16,30,"High demand inelasticity detected. Increasing price by 25.0% maximizes expected daily profit to $1,961.16."
R.R Vision Care,R.R Vision Care,ASPIRE GO MAX 1DAY SPH 30LENS PK,ASPIRE GO MAX 1DAY SPH 30LENS PK,Intra State B2B,630.0,900.0,1125.0,25.0,2.21,2486.25,1093.95,30,"High demand inelasticity detected. Increasing price by 25.0% maximizes expected daily profit to $1,093.95."
R.R Vision Care,R.R Vision Care,ASPIRE PRO (6 LENS PACK),ASPIRE PRO (6 LENS PACK),Tag71,0.7,1.0,1.25,25.0,2.08,2.6,1.14,30,High demand inelasticity detected. Increasing price by 25.0% maximizes expected daily profit to $1.14.
R.R Vision Care,R.R Vision Care,ASPIRE PRO TORIC (3 LENS PACK),ASPIRE PRO TORIC (3 LENS PACK),Intra State B2B,766.32,1094.75,1368.44,25.0,2.06,2818.99,1240.37,30,"High demand inelasticity detected. Increasing price by 25.0% maximizes expected daily profit to $1,240.37."
R.R Vision Care,R.R Vision Care,Biofinity Torics 3 Lens pack (new) XR,Biofinity Torics 3 Lens pack (new) XR,Intra State B2B,1734.42,2477.75,3097.19,25.0,2.06,6380.21,2807.31,30,"High demand inelasticity detected. Increasing price by 25.0% maximizes expected daily profit to $2,807.31."
R.R Vision Care,R.R Vision Care,Biofinity XR 6 Lense pack (new),Biofinity XR 6 Lense pack (new),Intra State B2B,1488.38,2126.25,2657.81,25.0,1.69,4491.7,1976.34,30,"High demand inelasticity detected. Increasing price by 25.0% maximizes expected daily profit to $1,976.34."
R.R Vision Care,R.R Vision Care,Biomedics Now ( 6pk ) New,Biomedics Now ( 6pk ) New,Intra State B2B,674.62,963.75,1204.69,25.0,2.01,2421.43,1065.44,30,"High demand inelasticity detected. Increasing price by 25.0% maximizes expected daily profit to $1,065.44."
R.R Vision Care,R.R Vision Care,Biomedics Now (6 Lens pack) NEW,Biomedics Now (6 Lens pack) NEW,Intra State B2B,294.0,420.0,525.0,25.0,2.04,1071.0,471.24,30,High demand inelasticity detected. Increasing price by 25.0% maximizes expected daily profit to $471.24.
R.R Vision Care,R.R Vision Care,Courier Chargers,Courier Chargers,Intra State B2B,105.0,150.0,150.0,0.0,2.64,396.0,118.8,30,Current price is at the optimal profit-maximizing point of $150.00.
R.R Vision Care,R.R Vision Care,MY DAY (30 LENS PK),MY DAY (30 LENS PK),Intra State B2B,1262.27,1803.25,2254.06,25.0,1.71,3854.44,1695.96,30,"High demand inelasticity detected. Increasing price by 25.0% maximizes expected daily profit to $1,695.96."
RISHAB OPTICS - Abids,RISHAB OPTICS - Abids,Biomedics Now ( 6pk ) New,Biomedics Now ( 6pk ) New,Intra State B2B,674.62,963.75,1204.69,25.0,7.78,9372.49,4123.94,40,"High demand inelasticity detected. Increasing price by 25.0% maximizes expected daily profit to $4,123.94."
RamaKrishna A.P,RamaKrishna A.P,ASPIRE AIR TORIC (3 LENS PACK),ASPIRE AIR TORIC (3 LENS PACK),Tag71,584.5,835.0,1043.75,25.0,1.91,1993.56,877.17,30,High demand inelasticity detected. Increasing price by 25.0% maximizes expected daily profit to $877.17.
RamaKrishna A.P,RamaKrishna A.P,ASPIRE PRO (3 LENS PACK),ASPIRE PRO (3 LENS PACK),Tag71,765.1,1093.0,1366.25,25.0,1.62,2213.33,973.86,30,High demand inelasticity detected. Increasing price by 25.0% maximizes expected daily profit to $973.86.
RamaKrishna A.P,RamaKrishna A.P,ASPIRE PRO (6 LENS PACK),ASPIRE PRO (6 LENS PACK),Tag71,1473.5,2105.0,2631.25,25.0,1.74,4578.38,2014.48,30,"High demand inelasticity detected. Increasing price by 25.0% maximizes expected daily profit to $2,014.48."
RamaKrishna A.P,RamaKrishna A.P,ASPIRE PRO TORIC (3 LENS PACK),ASPIRE PRO TORIC (3 LENS PACK),Tag71,804.3,1149.0,1436.25,25.0,2.04,2929.95,1289.18,30,"High demand inelasticity detected. Increasing price by 25.0% maximizes expected daily profit to $1,289.18."
RamaKrishna A.P,RamaKrishna A.P,Courier Chargers,Courier Chargers,Tag71,105.0,150.0,150.0,0.0,2.62,393.0,117.9,30,Current price is at the optimal profit-maximizing point of $150.00.
RamaKrishna A.P,RamaKrishna A.P,MY DAY (30 LENS PK),MY DAY (30 LENS PK),Tag71,1325.1,1893.0,2366.25,25.0,1.73,4093.61,1801.19,30,"High demand inelasticity detected. Increasing price by 25.0% maximizes expected daily profit to $1,801.19."
Ramdev Eletrical & Hardware,Ramdev Eletrical & Hardware,BONDSET FAST SETTING 25 GM,BONDSET FAST SETTING 25 GM,Tag71,5.49,7.85,9.81,24.97,59.79,586.54,258.29,300,High demand inelasticity detected. Increasing price by 24.97% maximizes expected daily profit to $258.29.
Ramdev Eletrical & Hardware,Ramdev Eletrical & Hardware,BONDSET FAST SETTING 60 GM,BONDSET FAST SETTING 60 GM,Tag71,10.45,14.93,18.66,24.98,33.9,632.57,278.32,170,High demand inelasticity detected. Increasing price by 24.98% maximizes expected daily profit to $278.32.
Ramdev Eletrical & Hardware,Ramdev Eletrical & Hardware,BONDSET SANITARY UNDER WATER 25 GM,BONDSET SANITARY UNDER WATER 25 GM,Tag71,9.21,13.16,16.45,25.0,59.79,983.55,432.88,300,High demand inelasticity detected. Increasing price by 25.0% maximizes expected daily profit to $432.88.
Ramdev Eletrical & Hardware,Ramdev Eletrical & Hardware,BONDTITE FAST & CLEAR 450 GM (S),BONDTITE FAST & CLEAR 450 GM (S),Tag71,555.3,793.28,991.6,25.0,2.01,1993.12,876.96,30,High demand inelasticity detected. Increasing price by 25.0% maximizes expected daily profit to $876.96.
Ramdev Eletrical & Hardware,Ramdev Eletrical & Hardware,EZY DRAIN CLEANER 40 GM JAR,EZY DRAIN CLEANER 40 GM JAR,Tag71,10.6,15.15,18.94,25.02,49.55,938.48,413.25,250,High demand inelasticity detected. Increasing price by 25.02% maximizes expected daily profit to $413.25.
Ramdev Eletrical & Hardware,Ramdev Eletrical & Hardware,VEGAQUICK 20 GM (S),VEGAQUICK 20 GM (S),Tag71,26.48,37.83,47.29,25.01,60.01,2837.87,1248.81,300,"High demand inelasticity detected. Increasing price by 25.01% maximizes expected daily profit to $1,248.81."
Rao Associates M/s,Rao Associates M/s,ASPIRE PRO (6 LENS PACK),ASPIRE PRO (6 LENS PACK),Inter State B2B,978.11,1397.3,1746.62,25.0,1.94,3388.44,1490.91,30,"High demand inelasticity detected. Increasing price by 25.0% maximizes expected daily profit to $1,490.91."
Rao Associates M/s,Rao Associates M/s,ASPIRE PRO TORIC (3 LENS PACK),ASPIRE PRO TORIC (3 LENS PACK),Inter State B2B,591.42,844.88,1056.1,25.0,2.05,2165.0,952.59,30,High demand inelasticity detected. Increasing price by 25.0% maximizes expected daily profit to $952.59.
Rao Associates M/s,Rao Associates M/s,Courier Chargers,Courier Chargers,Inter State B2B,84.0,120.0,120.0,0.0,2.63,315.6,94.68,30,Current price is at the optimal profit-maximizing point of $120.00.
Rao Associates M/s,Rao Associates M/s,Proclear 6 Lens pack(New),Proclear 6 Lens pack(New),Inter State B2B,589.21,841.73,1052.16,25.0,2.43,2556.75,1124.97,30,"High demand inelasticity detected. Increasing price by 25.0% maximizes expected daily profit to $1,124.97."
Ravi Hospital,Ravi Hospital,Safe AQ Max I Meter,Safe AQ Max I Meter,Tag71,0.7,1.0,1.25,25.0,2.48,3.1,1.36,30,High demand inelasticity detected. Increasing price by 25.0% maximizes expected daily profit to $1.36.
Ravi Hospital,Ravi Hospital,Safe AQ Max I Strips Vial 100s,Safe AQ Max I Strips Vial 100s,Tag71,353.67,505.25,631.56,25.0,10.24,6467.17,2845.59,50,"High demand inelasticity detected. Increasing price by 25.0% maximizes expected daily profit to $2,845.59."
Ravi Hospital,Ravi Hospital,Twist Sinodraw Lancet 28G 50s,Twist Sinodraw Lancet 28G 50s,Tag71,0.7,1.0,1.25,25.0,10.26,12.82,5.64,50,High demand inelasticity detected. Increasing price by 25.0% maximizes expected daily profit to $5.64.
Ray Optics,Ray Optics,ASPIRE PRO TORIC (3 LENS PACK),ASPIRE PRO TORIC (3 LENS PACK),Tag71,804.3,1149.0,1436.25,25.0,2.04,2929.95,1289.18,30,"High demand inelasticity detected. Increasing price by 25.0% maximizes expected daily profit to $1,289.18."
Ray Optics,Ray Optics,Courier Chargers,Courier Chargers,Tag71,84.0,120.0,150.0,25.0,1.7,255.0,112.2,30,High demand inelasticity detected. Increasing price by 25.0% maximizes expected daily profit to $112.20.
Rishi Swarup HUF,Rishi Swarup HUF,ASPIRE GO MAX 1DAY M.F 30LENS PK,ASPIRE GO MAX 1DAY M.F 30LENS PK,B2C Small,1459.68,2085.25,2606.56,25.0,1.66,4326.89,1903.82,30,"High demand inelasticity detected. Increasing price by 25.0% maximizes expected daily profit to $1,903.82."
Rishi Swarup HUF,Rishi Swarup HUF,ASPIRE GO MAX 1DAY SPH 30LENS PK,ASPIRE GO MAX 1DAY SPH 30LENS PK,B2C Small,989.8,1414.0,1767.5,25.0,1.84,3252.2,1430.97,30,"High demand inelasticity detected. Increasing price by 25.0% maximizes expected daily profit to $1,430.97."
Rishi Swarup HUF,Rishi Swarup HUF,ASPIRE GO MAX 1DAY TORIC 30LENS PK,ASPIRE GO MAX 1DAY TORIC 30LENS PK,B2C Small,1169.0,1670.0,2087.5,25.0,1.55,3235.62,1423.67,30,"High demand inelasticity detected. Increasing price by 25.0% maximizes expected daily profit to $1,423.67."
Rishi Swarup HUF,Rishi Swarup HUF,ASPIRE PRO (3 LENS PACK),ASPIRE PRO (3 LENS PACK),B2C Small,728.52,1040.75,1300.94,25.0,1.91,2484.8,1093.32,30,"High demand inelasticity detected. Increasing price by 25.0% maximizes expected daily profit to $1,093.32."
Rishi Swarup HUF,Rishi Swarup HUF,ASPIRE PRO (6 LENS PACK),ASPIRE PRO (6 LENS PACK),B2C Small,1403.15,2004.5,2505.62,25.0,2.0,5011.24,2204.94,30,"High demand inelasticity detected. Increasing price by 25.0% maximizes expected daily profit to $2,204.94."
Rishi Swarup HUF,Rishi Swarup HUF,ASPIRE PRO TORIC (3 LENS PACK),ASPIRE PRO TORIC (3 LENS PACK),B2C Small,766.32,1094.75,1368.44,25.0,2.54,3475.84,1529.38,30,"High demand inelasticity detected. Increasing price by 25.0% maximizes expected daily profit to $1,529.38."
Rishi Swarup HUF,Rishi Swarup HUF,ASPIRE PRO TORIC TRAIL (1 LENS PACK),ASPIRE PRO TORIC TRAIL (1 LENS PACK),B2C Small,0.7,1.0,1.25,25.0,2.12,2.65,1.17,30,High demand inelasticity detected. Increasing price by 25.0% maximizes expected daily profit to $1.17.
Rishi Swarup HUF,Rishi Swarup HUF,ASPIRE PRO TRAIL (1 LENS PACK),ASPIRE PRO TRAIL (1 LENS PACK),B2C Small,0.7,1.0,1.25,25.0,2.04,2.55,1.12,30,High demand inelasticity detected. Increasing price by 25.0% maximizes expected daily profit to $1.12.
Rishi Swarup HUF,Rishi Swarup HUF,Biofinity Energys New ( 3pk ),Biofinity Energys New ( 3pk ),B2C Small,851.72,1216.75,1520.94,25.0,2.04,3102.72,1365.21,30,"High demand inelasticity detected. Increasing price by 25.0% maximizes expected daily profit to $1,365.21."
Rishi Swarup HUF,Rishi Swarup HUF,Biofinity Torics 3 Lens pack (new) XR,Biofinity Torics 3 Lens pack (new) XR,B2C Small,1734.42,2477.75,3097.19,25.0,2.1,6504.1,2861.82,30,"High demand inelasticity detected. Increasing price by 25.0% maximizes expected daily profit to $2,861.82."
Royal Glass Works,Royal Glass Works,VEGAQUICK 20 GM (S),VEGAQUICK 20 GM (S),Tag71,26.48,37.83,47.29,25.01,20.2,955.26,420.36,100,High demand inelasticity detected. Increasing price by 25.01% maximizes expected daily profit to $420.36.
Royal Glass Works,Royal Glass Works,VETRA LV (401) 20 GM (SCHEME),VETRA LV (401) 20 GM (SCHEME),Tag71,36.68,52.4,65.5,25.0,20.2,1323.1,582.16,100,High demand inelasticity detected. Increasing price by 25.0% maximizes expected daily profit to $582.16.
SABERIS EYE WEAR ASSCOCIATES,SABERIS EYE WEAR ASSCOCIATES,ASPIRE GO MAX 1DAY M.F 30LENS PK,ASPIRE GO MAX 1DAY M.F 30LENS PK,Intra State B2B,1459.68,2085.25,2606.56,25.0,1.78,4639.68,2041.45,30,"High demand inelasticity detected. Increasing price by 25.0% maximizes expected daily profit to $2,041.45."
SANKARA EYE HOSPITAL,SANKARA EYE HOSPITAL,Biofinity XR 6 Lense pack (new),Biofinity XR 6 Lense pack (new),Intra State B2B,1488.38,2126.25,2657.81,25.0,2.02,5368.78,2362.25,30,"High demand inelasticity detected. Increasing price by 25.0% maximizes expected daily profit to $2,362.25."
SHANMUKHA AYURVEDA HEALTH CARE,SHANMUKHA AYURVEDA HEALTH CARE,Lanset,Lanset,Intra State B2B,42.0,60.0,75.0,25.0,9.81,735.75,323.73,50,High demand inelasticity detected. Increasing price by 25.0% maximizes expected daily profit to $323.73.
SHANMUKHA AYURVEDA HEALTH CARE,SHANMUKHA AYURVEDA HEALTH CARE,Safe AQ Max I Meter,Safe AQ Max I Meter,Intra State B2B,0.7,1.0,1.25,25.0,2.69,3.36,1.48,30,High demand inelasticity detected. Increasing price by 25.0% maximizes expected daily profit to $1.48.
SHANMUKHA AYURVEDA HEALTH CARE,SHANMUKHA AYURVEDA HEALTH CARE,Safe AQ Max I Strips Vial 100s,Safe AQ Max I Strips Vial 100s,Intra State B2B,455.0,650.0,812.5,25.0,2.5,2031.25,893.75,30,High demand inelasticity detected. Increasing price by 25.0% maximizes expected daily profit to $893.75.
SHANMUKHA AYURVEDA HEALTH CARE,SHANMUKHA AYURVEDA HEALTH CARE,Safe AQ Max III 50s Foil,Safe AQ Max III 50s Foil,Intra State B2B,559.3,799.0,998.75,25.0,2.58,2576.78,1133.78,30,"High demand inelasticity detected. Increasing price by 25.0% maximizes expected daily profit to $1,133.78."
SHANMUKHA AYURVEDA HEALTH CARE,SHANMUKHA AYURVEDA HEALTH CARE,Safe AQ Max III Meter,Safe AQ Max III Meter,Intra State B2B,0.7,1.0,1.25,25.0,2.69,3.36,1.48,30,High demand inelasticity detected. Increasing price by 25.0% maximizes expected daily profit to $1.48.
SHANMUKHA AYURVEDA HEALTH CARE,SHANMUKHA AYURVEDA HEALTH CARE,Twist Sinodraw Lancet 28G 50s,Twist Sinodraw Lancet 28G 50s,Intra State B2B,42.0,60.0,75.0,25.0,60.01,4500.75,1980.33,300,"High demand inelasticity detected. Increasing price by 25.0% maximizes expected daily profit to $1,980.33."
SHARATH MAXIVISION EYE HOSPITAL - Warangal,SHARATH MAXIVISION EYE HOSPITAL - Warangal,ASPIRE PRO (6 LENS PACK),ASPIRE PRO (6 LENS PACK),Intra State B2B,1403.15,2004.5,2505.62,25.0,1.94,4860.9,2138.79,30,"High demand inelasticity detected. Increasing price by 25.0% maximizes expected daily profit to $2,138.79."
SHARATH MAXIVISION EYE HOSPITAL - Warangal,SHARATH MAXIVISION EYE HOSPITAL - Warangal,Biofinity XR 6 Lense pack (new),Biofinity XR 6 Lense pack (new),Intra State B2B,1488.38,2126.25,2657.81,25.0,2.02,5368.78,2362.25,30,"High demand inelasticity detected. Increasing price by 25.0% maximizes expected daily profit to $2,362.25."
SHREE NETRA EYE WEAR - Srinagar Colony,SHREE NETRA EYE WEAR - Srinagar Colony,ASPIRE GO MAX 1DAY M.F 30LENS PK,ASPIRE GO MAX 1DAY M.F 30LENS PK,Intra State B2B,1459.68,2085.25,2606.56,25.0,1.68,4379.02,1926.76,30,"High demand inelasticity detected. Increasing price by 25.0% maximizes expected daily profit to $1,926.76."
SHREE NETRA EYE WEAR - Srinagar Colony,SHREE NETRA EYE WEAR - Srinagar Colony,ASPIRE GO MAX 1DAY SPH 30LENS PK,ASPIRE GO MAX 1DAY SPH 30LENS PK,Intra State B2B,989.8,1414.0,1767.5,25.0,1.71,3022.42,1329.87,30,"High demand inelasticity detected. Increasing price by 25.0% maximizes expected daily profit to $1,329.87."
SHREE NETRA EYE WEAR - Srinagar Colony,SHREE NETRA EYE WEAR - Srinagar Colony,ASPIRE PRO (3 LENS PACK),ASPIRE PRO (3 LENS PACK),Intra State B2B,728.52,1040.75,1300.94,25.0,1.85,2406.74,1058.98,30,"High demand inelasticity detected. Increasing price by 25.0% maximizes expected daily profit to $1,058.98."
SHREE NETRA EYE WEAR - Srinagar Colony,SHREE NETRA EYE WEAR - Srinagar Colony,ASPIRE PRO MULTIFOCAL (3LENS PACK),ASPIRE PRO MULTIFOCAL (3LENS PACK),Intra State B2B,1111.77,1588.25,1985.31,25.0,1.66,3295.61,1450.08,30,"High demand inelasticity detected. Increasing price by 25.0% maximizes expected daily profit to $1,450.08."
SHREE NETRA EYE WEAR - Srinagar Colony,SHREE NETRA EYE WEAR - Srinagar Colony,ASPIRE PRO MULTIFOCAL TRIAL 1LENS PK,ASPIRE PRO MULTIFOCAL TRIAL 1LENS PK,Intra State B2B,0.7,1.0,1.25,25.0,1.96,2.45,1.08,30,High demand inelasticity detected. Increasing price by 25.0% maximizes expected daily profit to $1.08.
SHREE NETRA EYE WEAR - Srinagar Colony,SHREE NETRA EYE WEAR - Srinagar Colony,ASPIRE PRO TORIC (3 LENS PACK),ASPIRE PRO TORIC (3 LENS PACK),Intra State B2B,766.32,1094.75,1368.44,25.0,2.21,3024.25,1330.69,30,"High demand inelasticity detected. Increasing price by 25.0% maximizes expected daily profit to $1,330.69."
SHREE NETRA EYE WEAR - Srinagar Colony,SHREE NETRA EYE WEAR - Srinagar Colony,ASPIRE PRO TRAIL (1 LENS PACK),ASPIRE PRO TRAIL (1 LENS PACK),Intra State B2B,0.7,1.0,1.25,25.0,2.1,2.62,1.16,30,High demand inelasticity detected. Increasing price by 25.0% maximizes expected daily profit to $1.16.
SHREE NETRA EYE WEAR - Srinagar Colony,SHREE NETRA EYE WEAR - Srinagar Colony,Biofinity Torics 3 Lens pack (new) XR,Biofinity Torics 3 Lens pack (new) XR,Intra State B2B,1734.42,2477.75,3097.19,25.0,1.76,5451.05,2398.48,30,"High demand inelasticity detected. Increasing price by 25.0% maximizes expected daily profit to $2,398.48."
SHREE NETRA EYE WEAR - Srinagar Colony,SHREE NETRA EYE WEAR - Srinagar Colony,Biofinity XR 6 Lense pack (new),Biofinity XR 6 Lense pack (new),Intra State B2B,1488.38,2126.25,2657.81,25.0,1.86,4943.53,2175.14,30,"High demand inelasticity detected. Increasing price by 25.0% maximizes expected daily profit to $2,175.14."
SHREE NETRA EYE WEAR - Srinagar Colony,SHREE NETRA EYE WEAR - Srinagar Colony,MY DAY (30 LENS PK),MY DAY (30 LENS PK),Intra State B2B,1262.27,1803.25,1803.25,0.0,2.62,4724.52,1417.37,30,"Current price is at the optimal profit-maximizing point of $1,803.25."
SHREE NETRA EYE WEAR - Srinagar Colony,SHREE NETRA EYE WEAR - Srinagar Colony,MY DAY TORIC (30 LENS PK),MY DAY TORIC (30 LENS PK),Intra State B2B,1360.28,1943.25,2429.06,25.0,1.73,4202.27,1848.99,30,"High demand inelasticity detected. Increasing price by 25.0% maximizes expected daily profit to $1,848.99."
SLG HEALTHNEEDS,SLG HEALTHNEEDS,ACUVUE OASYS 6pk,ACUVUE OASYS 6pk,Intra State B2B,700.0,1000.0,1250.0,25.0,1.91,2387.5,1050.5,30,"High demand inelasticity detected. Increasing price by 25.0% maximizes expected daily profit to $1,050.50."
SLG HEALTHNEEDS,SLG HEALTHNEEDS,ASPIRE AIR (6 LENS PACK) New,ASPIRE AIR (6 LENS PACK) New,Intra State B2B,326.83,466.9,583.62,25.0,2.08,1213.93,534.12,30,High demand inelasticity detected. Increasing price by 25.0% maximizes expected daily profit to $534.12.
SLG HEALTHNEEDS,SLG HEALTHNEEDS,ASPIRE AIR TORIC (3 LENS PACK),ASPIRE AIR TORIC (3 LENS PACK),Intra State B2B,402.5,575.0,718.75,25.0,35.9,25803.12,11353.38,180,"High demand inelasticity detected. Increasing price by 25.0% maximizes expected daily profit to $11,353.38."
SLG HEALTHNEEDS,SLG HEALTHNEEDS,ASPIRE GO 30LENS PK - NEW,ASPIRE GO 30LENS PK - NEW,Intra State B2B,485.1,693.0,866.25,25.0,16.95,14682.94,6460.49,85,"High demand inelasticity detected. Increasing price by 25.0% maximizes expected daily profit to $6,460.49."
SLG HEALTHNEEDS,SLG HEALTHNEEDS,ASPIRE GO MAX 1DAY M.F 30LENS PK,ASPIRE GO MAX 1DAY M.F 30LENS PK,Intra State B2B,1078.0,1540.0,1925.0,25.0,2.25,4331.25,1905.75,30,"High demand inelasticity detected. Increasing price by 25.0% maximizes expected daily profit to $1,905.75."
SLG HEALTHNEEDS,SLG HEALTHNEEDS,ASPIRE GO MAX 1DAY SPH 30LENS PK,ASPIRE GO MAX 1DAY SPH 30LENS PK,Intra State B2B,668.5,955.0,1193.75,25.0,2.39,2853.06,1255.35,30,"High demand inelasticity detected. Increasing price by 25.0% maximizes expected daily profit to $1,255.35."
SLG HEALTHNEEDS,SLG HEALTHNEEDS,ASPIRE GO MAX 1DAY TORIC 30LENS PK,ASPIRE GO MAX 1DAY TORIC 30LENS PK,Intra State B2B,846.3,1209.0,1511.25,25.0,6.91,10442.74,4594.8,35,"High demand inelasticity detected. Increasing price by 25.0% maximizes expected daily profit to $4,594.80."
SLG HEALTHNEEDS,SLG HEALTHNEEDS,ASPIRE PRO (3 LENS PACK),ASPIRE PRO (3 LENS PACK),Intra State B2B,492.8,704.0,880.0,25.0,23.93,21058.4,9265.7,120,"High demand inelasticity detected. Increasing price by 25.0% maximizes expected daily profit to $9,265.70."
SLG HEALTHNEEDS,SLG HEALTHNEEDS,ASPIRE PRO (6 LENS PACK),ASPIRE PRO (6 LENS PACK),Intra State B2B,949.9,1357.0,1696.25,25.0,13.93,23628.76,10396.66,70,"High demand inelasticity detected. Increasing price by 25.0% maximizes expected daily profit to $10,396.66."
SLG HEALTHNEEDS,SLG HEALTHNEEDS,ASPIRE PRO MULTIFOCAL (3LENS PACK),ASPIRE PRO MULTIFOCAL (3LENS PACK),Intra State B2B,1021.3,1459.0,1823.75,25.0,10.83,19751.21,8690.53,55,"High demand inelasticity detected. Increasing price by 25.0% maximizes expected daily profit to $8,690.53."
SLG HEALTHNEEDS,SLG HEALTHNEEDS,ASPIRE PRO TORIC (3 LENS PACK),ASPIRE PRO TORIC (3 LENS PACK),Intra State B2B,574.0,820.0,1025.0,25.0,36.96,37884.0,16668.96,185,"High demand inelasticity detected. Increasing price by 25.0% maximizes expected daily profit to $16,668.96."
SLG HEALTHNEEDS,SLG HEALTHNEEDS,Acuvue Oasys With Hydraluxe,Acuvue Oasys With Hydraluxe,Intra State B2B,1050.0,1500.0,1875.0,25.0,2.33,4368.75,1922.25,30,"High demand inelasticity detected. Increasing price by 25.0% maximizes expected daily profit to $1,922.25."
SLG HEALTHNEEDS,SLG HEALTHNEEDS,Acuvue Vita For Astigmatism,Acuvue Vita For Astigmatism,Intra State B2B,665.0,950.0,1187.5,25.0,2.46,2921.25,1285.35,30,"High demand inelasticity detected. Increasing price by 25.0% maximizes expected daily profit to $1,285.35."
SLG HEALTHNEEDS,SLG HEALTHNEEDS,Biofinity Torics 3 Lens pack (new) XR,Biofinity Torics 3 Lens pack (new) XR,Intra State B2B,1734.42,2477.75,3097.19,25.0,2.63,8145.61,3584.09,30,"High demand inelasticity detected. Increasing price by 25.0% maximizes expected daily profit to $3,584.09."
SLG HEALTHNEEDS,SLG HEALTHNEEDS,Biofinity XR 6 Lense pack (new),Biofinity XR 6 Lense pack (new),Intra State B2B,1488.38,2126.25,2657.81,25.0,12.07,32079.77,14115.02,60,"High demand inelasticity detected. Increasing price by 25.0% maximizes expected daily profit to $14,115.02."
SLG HEALTHNEEDS,SLG HEALTHNEEDS,Biomedics Now ( 6pk ) New,Biomedics Now ( 6pk ) New,Intra State B2B,302.4,432.0,540.0,25.0,61.88,33415.2,14702.69,310,"High demand inelasticity detected. Increasing price by 25.0% maximizes expected daily profit to $14,702.69."
SLG HEALTHNEEDS,SLG HEALTHNEEDS,Biomedics Now (6 Lens pack) NEW,Biomedics Now (6 Lens pack) NEW,Tag71,0.7,1.0,1.25,25.0,45.99,57.49,25.29,230,High demand inelasticity detected. Increasing price by 25.0% maximizes expected daily profit to $25.29.
SLG HEALTHNEEDS,SLG HEALTHNEEDS,MY DAY (30 LENS PK),MY DAY (30 LENS PK),Intra State B2B,871.5,1245.0,1556.25,25.0,49.0,76256.25,33552.75,245,"High demand inelasticity detected. Increasing price by 25.0% maximizes expected daily profit to $33,552.75."
SLG HEALTHNEEDS,SLG HEALTHNEEDS,MY DAY TORIC (30 LENS PK),MY DAY TORIC (30 LENS PK),Intra State B2B,1096.9,1567.0,1958.75,25.0,79.75,156210.31,68732.54,400,"High demand inelasticity detected. Increasing price by 25.0% maximizes expected daily profit to $68,732.54."
SLG HEALTHNEEDS,SLG HEALTHNEEDS,Proclear 6 Lens pack(New),Proclear 6 Lens pack(New),Intra State B2B,315.0,450.0,562.5,25.0,2.33,1310.62,576.68,30,High demand inelasticity detected. Increasing price by 25.0% maximizes expected daily profit to $576.68.
SLS Optical,SLS Optical,ASPIRE AIR (3 LENS PACK),ASPIRE AIR (3 LENS PACK),Tag71,488.95,698.5,698.5,0.0,2.67,1864.99,559.5,30,Current price is at the optimal profit-maximizing point of $698.50.
SMART VISION EYE SPECIALITIES PRIVATE LIMITED,SMART VISION EYE SPECIALITIES PRIVATE LIMITED,ASPIRE GO MAX 1DAY SPH 30LENS PK,ASPIRE GO MAX 1DAY SPH 30LENS PK,Intra State B2B,989.8,1414.0,1767.5,25.0,1.77,3128.47,1376.53,30,"High demand inelasticity detected. Increasing price by 25.0% maximizes expected daily profit to $1,376.53."
SMART VISION EYE SPECIALITIES PRIVATE LIMITED,SMART VISION EYE SPECIALITIES PRIVATE LIMITED,ASPIRE GO MAX 1DAY TORIC 30LENS PK,ASPIRE GO MAX 1DAY TORIC 30LENS PK,Intra State B2B,1169.0,1670.0,2087.5,25.0,1.83,3820.12,1680.86,30,"High demand inelasticity detected. Increasing price by 25.0% maximizes expected daily profit to $1,680.86."
SMART VISION EYE SPECIALITIES PRIVATE LIMITED,SMART VISION EYE SPECIALITIES PRIVATE LIMITED,Biofinity Multifocal Torics 3Pk,Biofinity Multifocal Torics 3Pk,Intra State B2B,2603.65,3719.5,4649.38,25.0,2.12,9856.69,4336.95,30,"High demand inelasticity detected. Increasing price by 25.0% maximizes expected daily profit to $4,336.95."
SMART VISION EYE SPECIALITIES PRIVATE LIMITED,SMART VISION EYE SPECIALITIES PRIVATE LIMITED,MY DAY TORIC (30 LENS PK),MY DAY TORIC (30 LENS PK),Intra State B2B,1360.28,1943.25,2429.06,25.0,1.66,4032.24,1774.17,30,"High demand inelasticity detected. Increasing price by 25.0% maximizes expected daily profit to $1,774.17."
SMART VISION EYE SPECIALITIES PRIVATE LIMITED,SMART VISION EYE SPECIALITIES PRIVATE LIMITED,Proclear 6 Lens pack(New),Proclear 6 Lens pack(New),Intra State B2B,681.62,973.75,1217.19,25.0,2.09,2543.93,1119.34,30,"High demand inelasticity detected. Increasing price by 25.0% maximizes expected daily profit to $1,119.34."
SONY GLASS AND ALUMINIUM - TELLAPUR,SONY GLASS AND ALUMINIUM - TELLAPUR,VEGAQUICK 20 GM (S),VEGAQUICK 20 GM (S),Intra State B2B,22.44,32.06,40.08,25.02,119.85,4803.59,2114.15,600,"High demand inelasticity detected. Increasing price by 25.02% maximizes expected daily profit to $2,114.15."
SRI DEEKSHITHA ENTERPRISES,SRI DEEKSHITHA ENTERPRISES,BONDSET FAST SETTING 1 KG,BONDSET FAST SETTING 1 KG,Intra State B2B,111.48,159.25,199.06,25.0,19.88,3957.31,1741.09,100,"High demand inelasticity detected. Increasing price by 25.0% maximizes expected daily profit to $1,741.09."
SRI DEEKSHITHA ENTERPRISES,SRI DEEKSHITHA ENTERPRISES,BONDSET FAST SETTING 25 GM,BONDSET FAST SETTING 25 GM,Intra State B2B,4.66,6.65,8.31,24.96,135.28,1124.18,493.77,1200,High demand inelasticity detected. Increasing price by 24.96% maximizes expected daily profit to $493.77.
SRI DEEKSHITHA ENTERPRISES,SRI DEEKSHITHA ENTERPRISES,BONDSET FAST SETTING JAR PACK 90 GM,BONDSET FAST SETTING JAR PACK 90 GM,Intra State B2B,11.55,16.5,20.62,24.97,99.72,2056.23,904.46,510,High demand inelasticity detected. Increasing price by 24.97% maximizes expected daily profit to $904.46.
SRI DEEKSHITHA ENTERPRISES,SRI DEEKSHITHA ENTERPRISES,BONDTITE FAST & CLEAR 180 GM,BONDTITE FAST & CLEAR 180 GM,Intra State B2B,198.26,283.23,354.04,25.0,2.05,725.78,319.35,30,High demand inelasticity detected. Increasing price by 25.0% maximizes expected daily profit to $319.35.
SRI DEEKSHITHA ENTERPRISES,SRI DEEKSHITHA ENTERPRISES,BONDTITE FAST & CLEAR 270 GM,BONDTITE FAST & CLEAR 270 GM,Intra State B2B,271.33,387.62,484.52,25.0,2.05,993.27,437.04,30,High demand inelasticity detected. Increasing price by 25.0% maximizes expected daily profit to $437.04.
SRI DEEKSHITHA ENTERPRISES,SRI DEEKSHITHA ENTERPRISES,BONDTITE FAST & CLEAR 36 GM,BONDTITE FAST & CLEAR 36 GM,Intra State B2B,61.32,87.6,109.5,25.0,11.87,1299.76,571.9,60,High demand inelasticity detected. Increasing price by 25.0% maximizes expected daily profit to $571.90.
SRI DEEKSHITHA ENTERPRISES,SRI DEEKSHITHA ENTERPRISES,BONDTITE FAST & CLEAR 90 GM,BONDTITE FAST & CLEAR 90 GM,Intra State B2B,122.15,174.5,218.12,25.0,9.87,2152.84,947.22,50,High demand inelasticity detected. Increasing price by 25.0% maximizes expected daily profit to $947.22.
SV Aditya Biomedicals Medak,SV Aditya Biomedicals Medak,Safe Accu Gluco Meter,Safe Accu Gluco Meter,Intra State B2B,0.7,1.0,1.25,25.0,2.26,2.82,1.24,30,High demand inelasticity detected. Increasing price by 25.0% maximizes expected daily profit to $1.24.
SV Aditya Biomedicals Medak,SV Aditya Biomedicals Medak,Safe Accu Test Strip 50s (Individual),Safe Accu Test Strip 50s (Individual),Intra State B2B,210.0,300.0,375.0,25.0,19.89,7458.75,3281.85,100,"High demand inelasticity detected. Increasing price by 25.0% maximizes expected daily profit to $3,281.85."
Sai Kaushik Traders,Sai Kaushik Traders,BONDSET FAST SETTING 60 GM,BONDSET FAST SETTING 60 GM,Tag71,10.45,14.93,18.66,24.98,34.36,641.16,282.1,170,High demand inelasticity detected. Increasing price by 24.98% maximizes expected daily profit to $282.10.
Sai Kaushik Traders,Sai Kaushik Traders,BONDSET FAST SETTING JAR PACK 90 GM,BONDSET FAST SETTING JAR PACK 90 GM,Tag71,15.95,22.79,28.49,25.01,33.92,966.38,425.36,170,High demand inelasticity detected. Increasing price by 25.01% maximizes expected daily profit to $425.36.
Sai Kaushik Traders,Sai Kaushik Traders,BONDSET SANITARY UNDER WATER 25 GM,BONDSET SANITARY UNDER WATER 25 GM,Tag71,9.21,13.16,16.45,25.0,60.26,991.28,436.28,300,High demand inelasticity detected. Increasing price by 25.0% maximizes expected daily profit to $436.28.
Sai Kaushik Traders,Sai Kaushik Traders,BONDSET SANITARY UNDER WATER 60 GM,BONDSET SANITARY UNDER WATER 60 GM,Tag71,15.74,22.48,28.1,25.0,34.36,965.52,424.69,170,High demand inelasticity detected. Increasing price by 25.0% maximizes expected daily profit to $424.69.
Sai Kaushik Traders,Sai Kaushik Traders,BONDSET WHITE 25 GM,BONDSET WHITE 25 GM,Tag71,5.49,7.85,9.81,24.97,59.79,586.54,258.29,300,High demand inelasticity detected. Increasing price by 24.97% maximizes expected daily profit to $258.29.
Sai Kaushik Traders,Sai Kaushik Traders,EZY DRAIN CLEANER 40 GM JAR,EZY DRAIN CLEANER 40 GM JAR,Tag71,10.6,15.15,18.94,25.02,99.45,1883.58,829.41,500,High demand inelasticity detected. Increasing price by 25.02% maximizes expected daily profit to $829.41.
Sai Kaushik Traders,Sai Kaushik Traders,FILLX ULTRA 2K IRON GRAY 1KG,FILLX ULTRA 2K IRON GRAY 1KG,Tag71,492.91,704.16,880.2,25.0,1.67,1469.93,646.77,30,High demand inelasticity detected. Increasing price by 25.0% maximizes expected daily profit to $646.77.
Sai Kaushik Traders,Sai Kaushik Traders,RESIBOND GP 100 CLEAR 260 ML,RESIBOND GP 100 CLEAR 260 ML,Tag71,77.0,110.0,137.5,25.0,23.84,3278.0,1442.32,120,"High demand inelasticity detected. Increasing price by 25.0% maximizes expected daily profit to $1,442.32."
Sai Kaushik Traders,Sai Kaushik Traders,RESIBOND GP 100 WHITE 260 ML,RESIBOND GP 100 WHITE 260 ML,Tag71,77.0,110.0,137.5,25.0,23.84,3278.0,1442.32,120,"High demand inelasticity detected. Increasing price by 25.0% maximizes expected daily profit to $1,442.32."
Sai Kaushik Traders Pipeline road,Sai Kaushik Traders Pipeline road,FILLX ULTRA 2K DUSTY GREY 1 KG,FILLX ULTRA 2K DUSTY GREY 1 KG,Tag71,492.98,704.25,880.31,25.0,2.04,1795.83,790.15,30,High demand inelasticity detected. Increasing price by 25.0% maximizes expected daily profit to $790.15.
Sai Kaushik Traders Pipeline road,Sai Kaushik Traders Pipeline road,FILLX ULTRA 2K PURE WHITE 1 KG,FILLX ULTRA 2K PURE WHITE 1 KG,Tag71,492.98,704.25,880.31,25.0,2.04,1795.83,790.15,30,High demand inelasticity detected. Increasing price by 25.0% maximizes expected daily profit to $790.15.
Sai Koushik Traders,Sai Koushik Traders,BONDSET SANITARY UNDER WATER 25 GM,BONDSET SANITARY UNDER WATER 25 GM,Tag71,9.21,13.16,16.45,25.0,63.81,1049.67,461.98,320,High demand inelasticity detected. Increasing price by 25.0% maximizes expected daily profit to $461.98.
Sai Koushik Traders,Sai Koushik Traders,BONDSET SANITARY UNDER WATER 60 GM,BONDSET SANITARY UNDER WATER 60 GM,Tag71,15.74,22.48,28.1,25.0,33.92,953.15,419.25,170,High demand inelasticity detected. Increasing price by 25.0% maximizes expected daily profit to $419.25.
Sai Koushik Traders,Sai Koushik Traders,BONDTITE FAST & CLEAR 36 GM,BONDTITE FAST & CLEAR 36 GM,Tag71,82.05,117.21,146.51,25.0,11.88,1740.54,765.78,60,High demand inelasticity detected. Increasing price by 25.0% maximizes expected daily profit to $765.78.
Sai Koushik Traders,Sai Koushik Traders,BONDTITE FAST & CLEAR 90 GM,BONDTITE FAST & CLEAR 90 GM,Tag71,170.54,243.63,304.54,25.0,9.88,3008.86,1323.92,50,"High demand inelasticity detected. Increasing price by 25.0% maximizes expected daily profit to $1,323.92."
Sai Koushik Traders,Sai Koushik Traders,RESIBOND GP 100 CLEAR 260 ML,RESIBOND GP 100 CLEAR 260 ML,Tag71,77.0,110.0,137.5,25.0,23.84,3278.0,1442.32,120,"High demand inelasticity detected. Increasing price by 25.0% maximizes expected daily profit to $1,442.32."
Sai Koushik Traders,Sai Koushik Traders,RESIBOND GP 100 WHITE 260 ML,RESIBOND GP 100 WHITE 260 ML,Tag71,77.0,110.0,137.5,25.0,23.84,3278.0,1442.32,120,"High demand inelasticity detected. Increasing price by 25.0% maximizes expected daily profit to $1,442.32."
See eye wear--Manikonda,See eye wear--Manikonda,ASPIRE GO MAX 1DAY TORIC 30LENS PK,ASPIRE GO MAX 1DAY TORIC 30LENS PK,Tag71,1227.8,1754.0,2192.5,25.0,2.25,4933.12,2170.58,30,"High demand inelasticity detected. Increasing price by 25.0% maximizes expected daily profit to $2,170.58."
See eye wear--Manikonda,See eye wear--Manikonda,ASPIRE PRO (6 LENS PACK),ASPIRE PRO (6 LENS PACK),Tag71,0.7,1.0,1.25,25.0,2.01,2.51,1.11,30,High demand inelasticity detected. Increasing price by 25.0% maximizes expected daily profit to $1.11.
See eye wear--Manikonda,See eye wear--Manikonda,ASPIRE PRO TORIC (3 LENS PACK),ASPIRE PRO TORIC (3 LENS PACK),Tag71,804.3,1149.0,1436.25,25.0,1.79,2570.89,1131.19,30,"High demand inelasticity detected. Increasing price by 25.0% maximizes expected daily profit to $1,131.19."
Shiva Impex (karmanghat),Shiva Impex (karmanghat),Biofinity XR 6 Lense pack (new),Biofinity XR 6 Lense pack (new),Intra State B2B,1488.38,2126.25,2657.81,25.0,1.86,4943.53,2175.14,30,"High demand inelasticity detected. Increasing price by 25.0% maximizes expected daily profit to $2,175.14."
Shree Khetheswar Opticals - Abids,Shree Khetheswar Opticals - Abids,ASPIRE AIR (6 LENS PACK) New,ASPIRE AIR (6 LENS PACK) New,Intra State B2B,756.0,1080.0,1350.0,25.0,1.62,2187.0,962.28,30,High demand inelasticity detected. Increasing price by 25.0% maximizes expected daily profit to $962.28.
Shree Khetheswar Opticals - Abids,Shree Khetheswar Opticals - Abids,ASPIRE GO MAX 1DAY SPH 30LENS PK,ASPIRE GO MAX 1DAY SPH 30LENS PK,Intra State B2B,989.8,1414.0,1767.5,25.0,1.78,3146.15,1384.31,30,"High demand inelasticity detected. Increasing price by 25.0% maximizes expected daily profit to $1,384.31."
Shree Khetheswar Opticals - Abids,Shree Khetheswar Opticals - Abids,ASPIRE PRO (6 LENS PACK),ASPIRE PRO (6 LENS PACK),Intra State B2B,1136.66,1623.8,1623.8,0.0,2.46,3994.55,1198.36,30,"Current price is at the optimal profit-maximizing point of $1,623.80."
Shree Khetheswar Opticals - Abids,Shree Khetheswar Opticals - Abids,ASPIRE PRO MULTIFOCAL (3LENS PACK),ASPIRE PRO MULTIFOCAL (3LENS PACK),Intra State B2B,1111.77,1588.25,1985.31,25.0,1.71,3394.88,1493.75,30,"High demand inelasticity detected. Increasing price by 25.0% maximizes expected daily profit to $1,493.75."
Shree Khetheswar Opticals - Abids,Shree Khetheswar Opticals - Abids,ASPIRE PRO TORIC (3 LENS PACK),ASPIRE PRO TORIC (3 LENS PACK),Intra State B2B,665.7,951.0,1188.75,25.0,1.98,2353.72,1035.64,30,"High demand inelasticity detected. Increasing price by 25.0% maximizes expected daily profit to $1,035.64."
Shree Khetheswar Opticals - Abids,Shree Khetheswar Opticals - Abids,ASPIRE PRO TORIC TRAIL (1 LENS PACK),ASPIRE PRO TORIC TRAIL (1 LENS PACK),Intra State B2B,0.7,1.0,1.25,25.0,2.16,2.7,1.19,30,High demand inelasticity detected. Increasing price by 25.0% maximizes expected daily profit to $1.19.
Shree Khetheswar Opticals - Abids,Shree Khetheswar Opticals - Abids,Biofinity XR 6 Lense pack (new),Biofinity XR 6 Lense pack (new),Intra State B2B,1488.38,2126.25,2657.81,25.0,2.07,5501.67,2420.72,30,"High demand inelasticity detected. Increasing price by 25.0% maximizes expected daily profit to $2,420.72."
Shree Khetheswar Opticals - Abids,Shree Khetheswar Opticals - Abids,Biomedics Now (6 Lens pack) NEW,Biomedics Now (6 Lens pack) NEW,Intra State B2B,399.99,571.42,714.27,25.0,2.03,1449.97,637.99,30,High demand inelasticity detected. Increasing price by 25.0% maximizes expected daily profit to $637.99.
Shree Khetheswar Opticals - Abids,Shree Khetheswar Opticals - Abids,MY DAY (30 LENS PK),MY DAY (30 LENS PK),Intra State B2B,1262.27,1803.25,2254.06,25.0,1.66,3741.74,1646.37,30,"High demand inelasticity detected. Increasing price by 25.0% maximizes expected daily profit to $1,646.37."
Shree Khetheswar Opticals - Abids,Shree Khetheswar Opticals - Abids,MY DAY TORIC (30 LENS PK),MY DAY TORIC (30 LENS PK),Intra State B2B,1260.0,1800.0,2250.0,25.0,1.57,3532.5,1554.3,30,"High demand inelasticity detected. Increasing price by 25.0% maximizes expected daily profit to $1,554.30."
Shreya Eye Care Center,Shreya Eye Care Center,Biofinity Torics 3 Lens pack (new) XR,Biofinity Torics 3 Lens pack (new) XR,Tag71,1820.7,2601.0,3251.25,25.0,2.06,6697.57,2946.93,30,"High demand inelasticity detected. Increasing price by 25.0% maximizes expected daily profit to $2,946.93."
Shreya Eye Care Center,Shreya Eye Care Center,Biofinity XR 6 Lense pack (new),Biofinity XR 6 Lense pack (new),Tag71,1563.1,2233.0,2791.25,25.0,2.04,5694.15,2505.43,30,"High demand inelasticity detected. Increasing price by 25.0% maximizes expected daily profit to $2,505.43."
Solis Eye Wear,Solis Eye Wear,ASPIRE GO MAX 1DAY M.F 30LENS PK,ASPIRE GO MAX 1DAY M.F 30LENS PK,Intra State B2B,1459.68,2085.25,2606.56,25.0,1.84,4796.07,2110.26,30,"High demand inelasticity detected. Increasing price by 25.0% maximizes expected daily profit to $2,110.26."
Solis Eye Wear,Solis Eye Wear,ASPIRE GO MAX 1DAY SPH 30LENS PK,ASPIRE GO MAX 1DAY SPH 30LENS PK,Tag71,0.7,1.0,1.25,25.0,1.97,2.46,1.08,30,High demand inelasticity detected. Increasing price by 25.0% maximizes expected daily profit to $1.08.
Solis Eye Wear,Solis Eye Wear,ASPIRE GO MAX 1DAY TORIC 30LENS PK,ASPIRE GO MAX 1DAY TORIC 30LENS PK,Intra State B2B,1169.0,1670.0,2087.5,25.0,1.78,3715.75,1634.93,30,"High demand inelasticity detected. Increasing price by 25.0% maximizes expected daily profit to $1,634.93."
Solis Eye Wear,Solis Eye Wear,ASPIRE PRO (3 LENS PACK),ASPIRE PRO (3 LENS PACK),Intra State B2B,728.52,1040.75,1300.94,25.0,19.97,25979.77,11431.23,100,"High demand inelasticity detected. Increasing price by 25.0% maximizes expected daily profit to $11,431.23."
Solis Eye Wear,Solis Eye Wear,ASPIRE PRO TORIC (3 LENS PACK),ASPIRE PRO TORIC (3 LENS PACK),Intra State B2B,766.32,1094.75,1368.44,25.0,2.28,3120.04,1372.83,30,"High demand inelasticity detected. Increasing price by 25.0% maximizes expected daily profit to $1,372.83."
Solis Eye Wear,Solis Eye Wear,Biofinity XR 6 Lense pack (new),Biofinity XR 6 Lense pack (new),Intra State B2B,1488.38,2126.25,2657.81,25.0,1.93,5129.57,2257.0,30,"High demand inelasticity detected. Increasing price by 25.0% maximizes expected daily profit to $2,257.00."
Solis Eye Wear,Solis Eye Wear,MY DAY (30 LENS PK),MY DAY (30 LENS PK),Intra State B2B,1262.27,1803.25,1803.25,0.0,2.71,4886.81,1466.06,30,"Current price is at the optimal profit-maximizing point of $1,803.25."
Sree Nethralaya (Manikonda),Sree Nethralaya (Manikonda),Biofinity Torics 3 Lens pack (new) XR,Biofinity Torics 3 Lens pack (new) XR,Tag71,1820.7,2601.0,3251.25,25.0,7.66,24904.58,10958.01,40,"High demand inelasticity detected. Increasing price by 25.0% maximizes expected daily profit to $10,958.01."
Sree Nethralaya (Manikonda),Sree Nethralaya (Manikonda),MY DAY (30 LENS PK),MY DAY (30 LENS PK),Tag71,1325.1,1893.0,2366.25,25.0,1.68,3975.3,1749.13,30,"High demand inelasticity detected. Increasing price by 25.0% maximizes expected daily profit to $1,749.13."
Sree Nethralaya (Manikonda),Sree Nethralaya (Manikonda),MY DAY TORIC (30 LENS PK),MY DAY TORIC (30 LENS PK),Tag71,1428.0,2040.0,2550.0,25.0,7.71,19660.5,8650.62,40,"High demand inelasticity detected. Increasing price by 25.0% maximizes expected daily profit to $8,650.62."
Sree Optical,Sree Optical,ASPIRE PRO TORIC (3 LENS PACK),ASPIRE PRO TORIC (3 LENS PACK),Intra State B2B,766.32,1094.75,1368.44,25.0,2.59,3544.26,1559.49,30,"High demand inelasticity detected. Increasing price by 25.0% maximizes expected daily profit to $1,559.49."
Sree Optical,Sree Optical,Biofinity Torics 3 Lens pack (new) XR,Biofinity Torics 3 Lens pack (new) XR,Intra State B2B,1734.42,2477.75,3097.19,25.0,2.04,6318.27,2780.05,30,"High demand inelasticity detected. Increasing price by 25.0% maximizes expected daily profit to $2,780.05."
Sree Optical,Sree Optical,Biomedics Now (6 Lens pack) NEW,Biomedics Now (6 Lens pack) NEW,Tag71,708.4,1012.0,1265.0,25.0,2.09,2643.85,1163.29,30,"High demand inelasticity detected. Increasing price by 25.0% maximizes expected daily profit to $1,163.29."
Sreekrishna enterprises,Sreekrishna enterprises,ASPIRE AIR (6 LENS PACK) New,ASPIRE AIR (6 LENS PACK) New,Tag71,968.8,1384.0,1384.0,0.0,2.84,3930.56,1179.17,30,"Current price is at the optimal profit-maximizing point of $1,384.00."
Sreekrishna enterprises,Sreekrishna enterprises,ASPIRE PRO (6 LENS PACK),ASPIRE PRO (6 LENS PACK),Tag71,1473.5,2105.0,2631.25,25.0,1.7,4473.12,1968.17,30,"High demand inelasticity detected. Increasing price by 25.0% maximizes expected daily profit to $1,968.17."
Sri Jagadamba Enterprises,Sri Jagadamba Enterprises,FILLX ULTRA 2K SIGNAL BLACK 1 KG,FILLX ULTRA 2K SIGNAL BLACK 1 KG,Intra State B2B,417.72,596.75,745.94,25.0,1.71,1275.56,561.26,30,High demand inelasticity detected. Increasing price by 25.0% maximizes expected daily profit to $561.26.
Sri Omkar Optics (Jeedimetla),Sri Omkar Optics (Jeedimetla),ASPIRE AIR (6 LENS PACK) New,ASPIRE AIR (6 LENS PACK) New,Intra State B2B,922.95,1318.5,1318.5,0.0,2.87,3784.1,1135.23,30,"Current price is at the optimal profit-maximizing point of $1,318.50."
Sri Omkar Optics (Jeedimetla),Sri Omkar Optics (Jeedimetla),ASPIRE GO 30LENS PK - NEW,ASPIRE GO 30LENS PK - NEW,Intra State B2B,716.62,1023.75,1279.69,25.0,1.92,2457.0,1081.09,30,"High demand inelasticity detected. Increasing price by 25.0% maximizes expected daily profit to $1,081.09."
Sri Omkar Optics (Jeedimetla),Sri Omkar Optics (Jeedimetla),ASPIRE PRO TORIC (3 LENS PACK),ASPIRE PRO TORIC (3 LENS PACK),Intra State B2B,766.32,1094.75,1368.44,25.0,2.09,2860.04,1258.43,30,"High demand inelasticity detected. Increasing price by 25.0% maximizes expected daily profit to $1,258.43."
Sri Omkar Optics (Jeedimetla),Sri Omkar Optics (Jeedimetla),Biofinity XR 6 Lense pack (new),Biofinity XR 6 Lense pack (new),Intra State B2B,1488.38,2126.25,2657.81,25.0,1.72,4571.43,2011.42,30,"High demand inelasticity detected. Increasing price by 25.0% maximizes expected daily profit to $2,011.42."
Sri Omkar Optics (Jeedimetla),Sri Omkar Optics (Jeedimetla),Biomedics Now (6 Lens pack) NEW,Biomedics Now (6 Lens pack) NEW,Intra State B2B,674.62,963.75,1204.69,25.0,2.03,2445.52,1076.04,30,"High demand inelasticity detected. Increasing price by 25.0% maximizes expected daily profit to $1,076.04."
Sri Rama Plywood & Hardware,Sri Rama Plywood & Hardware,VETRA LV (401) 20 GM (SCHEME),VETRA LV (401) 20 GM (SCHEME),Intra State B2B,31.09,44.41,55.51,24.99,103.68,5755.28,2531.87,500,"High demand inelasticity detected. Increasing price by 24.99% maximizes expected daily profit to $2,531.87."
Sri Sai Krishna opticals-Ramnagar 22-23,Sri Sai Krishna opticals-Ramnagar 22-23,ASPIRE AIR (6 LENS PACK) New,ASPIRE AIR (6 LENS PACK) New,Tag71,0.7,1.0,1.25,25.0,1.82,2.27,1.0,30,High demand inelasticity detected. Increasing price by 25.0% maximizes expected daily profit to $1.00.
Sri Sai Krishna opticals-Ramnagar 22-23,Sri Sai Krishna opticals-Ramnagar 22-23,ASPIRE AIR TORIC (3 LENS PACK),ASPIRE AIR TORIC (3 LENS PACK),Tag71,0.7,1.0,1.25,25.0,1.68,2.1,0.92,30,High demand inelasticity detected. Increasing price by 25.0% maximizes expected daily profit to $0.92.
Sri Sai Krishna opticals-Ramnagar 22-23,Sri Sai Krishna opticals-Ramnagar 22-23,ASPIRE PRO (6 LENS PACK),ASPIRE PRO (6 LENS PACK),Tag71,1193.5,1705.0,2131.25,25.0,1.65,3516.56,1547.29,30,"High demand inelasticity detected. Increasing price by 25.0% maximizes expected daily profit to $1,547.29."
Sri Sai Krishna opticals-Ramnagar 22-23,Sri Sai Krishna opticals-Ramnagar 22-23,ASPIRE PRO TORIC (3 LENS PACK),ASPIRE PRO TORIC (3 LENS PACK),Tag71,699.3,999.0,1248.75,25.0,2.04,2547.45,1120.88,30,"High demand inelasticity detected. Increasing price by 25.0% maximizes expected daily profit to $1,120.88."
Sri Sai Krishna opticals-Ramnagar 22-23,Sri Sai Krishna opticals-Ramnagar 22-23,Biofinity Torics 3 Lens pack (new) XR,Biofinity Torics 3 Lens pack (new) XR,Tag71,1820.7,2601.0,3251.25,25.0,1.76,5722.2,2517.77,30,"High demand inelasticity detected. Increasing price by 25.0% maximizes expected daily profit to $2,517.77."
Sri Sai Krishna opticals-Ramnagar 22-23,Sri Sai Krishna opticals-Ramnagar 22-23,Biofinity XR 6 Lense pack (new),Biofinity XR 6 Lense pack (new),Tag71,1563.1,2233.0,2791.25,25.0,1.83,5107.99,2247.51,30,"High demand inelasticity detected. Increasing price by 25.0% maximizes expected daily profit to $2,247.51."
Sri Sai Krishna opticals-Ramnagar 22-23,Sri Sai Krishna opticals-Ramnagar 22-23,Clarity 1Day MF 1Pk Trail,Clarity 1Day MF 1Pk Trail,Tag71,0.7,1.0,1.25,25.0,2.07,2.59,1.14,30,High demand inelasticity detected. Increasing price by 25.0% maximizes expected daily profit to $1.14.
Sri Teja Car Decors,Sri Teja Car Decors,VEGAQUICK 20 GM (S),VEGAQUICK 20 GM (S),Tag71,26.48,37.83,47.29,25.01,19.85,938.71,413.08,100,High demand inelasticity detected. Increasing price by 25.01% maximizes expected daily profit to $413.08.
Sun Shades Opticals-KPHB,Sun Shades Opticals-KPHB,ASPIRE PRO TORIC (3 LENS PACK),ASPIRE PRO TORIC (3 LENS PACK),Intra State B2B,766.32,1094.75,1368.44,25.0,2.01,2750.56,1210.26,30,"High demand inelasticity detected. Increasing price by 25.0% maximizes expected daily profit to $1,210.26."
Sunil Opticians,Sunil Opticians,ASPIRE AIR (6 LENS PACK) New,ASPIRE AIR (6 LENS PACK) New,Intra State B2B,809.33,1156.19,1445.24,25.0,2.15,3107.27,1367.21,30,"High demand inelasticity detected. Increasing price by 25.0% maximizes expected daily profit to $1,367.21."
Sunil Opticians,Sunil Opticians,ASPIRE AIR TORIC (3 LENS PACK),ASPIRE AIR TORIC (3 LENS PACK),Intra State B2B,483.33,690.47,863.09,25.0,1.94,1674.39,736.73,30,High demand inelasticity detected. Increasing price by 25.0% maximizes expected daily profit to $736.73.
Sunil Opticians,Sunil Opticians,ASPIRE PRO (6 LENS PACK),ASPIRE PRO (6 LENS PACK),Intra State B2B,1236.66,1766.66,2208.33,25.0,1.62,3577.49,1574.11,30,"High demand inelasticity detected. Increasing price by 25.0% maximizes expected daily profit to $1,574.11."
Sunil Opticians,Sunil Opticians,ASPIRE PRO TORIC (3 LENS PACK),ASPIRE PRO TORIC (3 LENS PACK),Intra State B2B,676.0,965.71,1207.14,25.0,2.04,2462.57,1083.53,30,"High demand inelasticity detected. Increasing price by 25.0% maximizes expected daily profit to $1,083.53."
Sunil Opticians,Sunil Opticians,Biofinity Multifocal Torics 3Pk,Biofinity Multifocal Torics 3Pk,Intra State B2B,2603.65,3719.5,4649.38,25.0,2.04,9484.74,4173.29,30,"High demand inelasticity detected. Increasing price by 25.0% maximizes expected daily profit to $4,173.29."
Supreme Vision Madurai,Supreme Vision Madurai,ASPIRE PRO (6 LENS PACK),ASPIRE PRO (6 LENS PACK),Inter State B2B,1403.15,2004.5,2505.62,25.0,1.84,4610.34,2028.54,30,"High demand inelasticity detected. Increasing price by 25.0% maximizes expected daily profit to $2,028.54."
Supreme Vision Madurai,Supreme Vision Madurai,ASPIRE PRO TORIC (3 LENS PACK),ASPIRE PRO TORIC (3 LENS PACK),Inter State B2B,766.32,1094.75,1368.44,25.0,2.06,2818.99,1240.37,30,"High demand inelasticity detected. Increasing price by 25.0% maximizes expected daily profit to $1,240.37."
Supreme Vision Madurai,Supreme Vision Madurai,Biofinity Torics 3 Lens pack (new) XR,Biofinity Torics 3 Lens pack (new) XR,Inter State B2B,1734.42,2477.75,3097.19,25.0,1.95,6039.52,2657.4,30,"High demand inelasticity detected. Increasing price by 25.0% maximizes expected daily profit to $2,657.40."
Supreme Vision Madurai,Supreme Vision Madurai,Courier Chargers,Courier Chargers,Inter State B2B,140.0,200.0,250.0,25.0,1.77,442.5,194.7,30,High demand inelasticity detected. Increasing price by 25.0% maximizes expected daily profit to $194.70.
Swadha Eye Contacts,Swadha Eye Contacts,ASPIRE PRO (6 LENS PACK),ASPIRE PRO (6 LENS PACK),Tag71,1473.5,2105.0,2631.25,25.0,1.91,5025.69,2211.3,30,"High demand inelasticity detected. Increasing price by 25.0% maximizes expected daily profit to $2,211.30."
Swadha Eye Contacts,Swadha Eye Contacts,ASPIRE PRO MULTIFOCAL (3LENS PACK),ASPIRE PRO MULTIFOCAL (3LENS PACK),Tag71,1167.6,1668.0,2085.0,25.0,1.83,3815.55,1678.84,30,"High demand inelasticity detected. Increasing price by 25.0% maximizes expected daily profit to $1,678.84."
Swadha Eye Contacts,Swadha Eye Contacts,ASPIRE PRO TORIC (3 LENS PACK),ASPIRE PRO TORIC (3 LENS PACK),Tag71,804.3,1149.0,1436.25,25.0,2.24,3217.2,1415.57,30,"High demand inelasticity detected. Increasing price by 25.0% maximizes expected daily profit to $1,415.57."
Swadha Eye Contacts,Swadha Eye Contacts,Acuvue Moist 1 Day Astigmatism,Acuvue Moist 1 Day Astigmatism,Tag71,1332.1,1903.0,2378.75,25.0,1.68,3996.3,1758.37,30,"High demand inelasticity detected. Increasing price by 25.0% maximizes expected daily profit to $1,758.37."
Swadha Eye Contacts,Swadha Eye Contacts,Acuvue Moist For Lacreon,Acuvue Moist For Lacreon,Tag71,1102.5,1575.0,1575.0,0.0,2.53,3984.75,1195.42,30,"Current price is at the optimal profit-maximizing point of $1,575.00."
Swadha Eye Contacts,Swadha Eye Contacts,Acuvue Oasys For Astigmatism,Acuvue Oasys For Astigmatism,Tag71,1215.15,1735.93,2169.91,25.0,1.75,3797.34,1670.83,30,"High demand inelasticity detected. Increasing price by 25.0% maximizes expected daily profit to $1,670.83."
Swadha Eye Contacts,Swadha Eye Contacts,Biofinity XR 6 Lense pack (new),Biofinity XR 6 Lense pack (new),Tag71,1563.1,2233.0,2791.25,25.0,2.02,5638.32,2480.86,30,"High demand inelasticity detected. Increasing price by 25.0% maximizes expected daily profit to $2,480.86."
Swadha Eye Contacts,Swadha Eye Contacts,Moist 1 day Astigmatism 30pk,Moist 1 day Astigmatism 30pk,Tag71,1214.5,1735.0,2168.75,25.0,1.62,3513.38,1545.88,30,"High demand inelasticity detected. Increasing price by 25.0% maximizes expected daily profit to $1,545.88."
Swasthik Power Tools,Swasthik Power Tools,FILLX ULTRA 2K CHOCOLATE BROWN 1 KG,FILLX ULTRA 2K CHOCOLATE BROWN 1 KG,Intra State B2B,417.72,596.75,745.94,25.0,1.7,1268.1,557.97,30,High demand inelasticity detected. Increasing price by 25.0% maximizes expected daily profit to $557.97.
Swasthik Power Tools,Swasthik Power Tools,FILLX ULTRA 2K IRON GRAY 1KG,FILLX ULTRA 2K IRON GRAY 1KG,Intra State B2B,417.72,596.75,745.94,25.0,1.7,1268.1,557.97,30,High demand inelasticity detected. Increasing price by 25.0% maximizes expected daily profit to $557.97.
Swasthik Power Tools,Swasthik Power Tools,FILLX ULTRA 2K SIGNAL BLACK 1 KG,FILLX ULTRA 2K SIGNAL BLACK 1 KG,Intra State B2B,417.72,596.75,745.94,25.0,1.7,1268.1,557.97,30,High demand inelasticity detected. Increasing price by 25.0% maximizes expected daily profit to $557.97.
TRUELENS INTERNATIONAL,TRUELENS INTERNATIONAL,Assorted Contact Lenses,Assorted Contact Lenses,Inter State B2B,899.5,1285.0,1606.25,25.0,42.88,68876.0,30305.44,215,"High demand inelasticity detected. Increasing price by 25.0% maximizes expected daily profit to $30,305.44."
TRUELENS INTERNATIONAL,TRUELENS INTERNATIONAL,MY DAY (30 LENS PK),MY DAY (30 LENS PK),Inter State B2B,899.5,1285.0,1606.25,25.0,4.01,6441.06,2834.07,30,"High demand inelasticity detected. Increasing price by 25.0% maximizes expected daily profit to $2,834.07."
TRUELENS INTERNATIONAL,TRUELENS INTERNATIONAL,MY DAY TORIC (30 LENS PK),MY DAY TORIC (30 LENS PK),Inter State B2B,1165.5,1665.0,2081.25,25.0,64.95,135177.19,59477.96,325,"High demand inelasticity detected. Increasing price by 25.0% maximizes expected daily profit to $59,477.96."
TRUELENS INTERNATIONAL,TRUELENS INTERNATIONAL,PV 2 Spherical 6 Lens pack,PV 2 Spherical 6 Lens pack,Inter State B2B,952.0,1360.0,1700.0,25.0,87.61,148937.0,65532.28,465,"High demand inelasticity detected. Increasing price by 25.0% maximizes expected daily profit to $65,532.28."
The Lenscare,The Lenscare,ASPIRE AIR TORIC (3 LENS PACK),ASPIRE AIR TORIC (3 LENS PACK),Intra State B2B,556.5,795.0,993.75,25.0,1.91,1898.06,835.15,30,High demand inelasticity detected. Increasing price by 25.0% maximizes expected daily profit to $835.15.
The Lenscare,The Lenscare,Biomedics Now (6 Lens pack) NEW,Biomedics Now (6 Lens pack) NEW,Tag71,0.7,1.0,1.25,25.0,11.93,14.91,6.56,60,High demand inelasticity detected. Increasing price by 25.0% maximizes expected daily profit to $6.56.
V Medical Equipment Services,V Medical Equipment Services,Safe AQ Max III 50s Foil,Safe AQ Max III 50s Foil,Intra State B2B,262.5,375.0,468.75,25.0,1.92,900.0,396.0,30,High demand inelasticity detected. Increasing price by 25.0% maximizes expected daily profit to $396.00.
V Medical Equipment Services,V Medical Equipment Services,Safe AQ Max III Meter,Safe AQ Max III Meter,Intra State B2B,0.7,1.0,1.25,25.0,1.98,2.48,1.09,30,High demand inelasticity detected. Increasing price by 25.0% maximizes expected daily profit to $1.09.
VARIGEM MEDTECH PRIVATE LIMITED,VARIGEM MEDTECH PRIVATE LIMITED,Safe Accu Test Strip 50s (Vail),Safe Accu Test Strip 50s (Vail),Intra State B2B,192.5,275.0,343.75,25.0,49.88,17146.25,7544.35,250,"High demand inelasticity detected. Increasing price by 25.0% maximizes expected daily profit to $7,544.35."
VASAN HEALTH CARE PVT LTD - Sec-Bad,VASAN HEALTH CARE PVT LTD - Sec-Bad,ASPIRE PRO TORIC (3 LENS PACK),ASPIRE PRO TORIC (3 LENS PACK),Intra State B2B,614.0,877.14,1096.42,25.0,2.12,2324.41,1022.73,30,"High demand inelasticity detected. Increasing price by 25.0% maximizes expected daily profit to $1,022.73."
VASAN HEALTH CARE WARANGAL,VASAN HEALTH CARE WARANGAL,ASPIRE AIR (6 LENS PACK) New,ASPIRE AIR (6 LENS PACK) New,Intra State B2B,690.2,986.0,1232.5,25.0,1.97,2428.03,1068.33,30,"High demand inelasticity detected. Increasing price by 25.0% maximizes expected daily profit to $1,068.33."
VASAN HEALTH CARE WARANGAL,VASAN HEALTH CARE WARANGAL,ASPIRE PRO TORIC (3 LENS PACK),ASPIRE PRO TORIC (3 LENS PACK),Intra State B2B,614.0,877.14,1096.42,25.0,2.12,2324.41,1022.73,30,"High demand inelasticity detected. Increasing price by 25.0% maximizes expected daily profit to $1,022.73."
VISHWANATH SALES MAN,VISHWANATH SALES MAN,ASPIRE GO MAX 1DAY SPH 30LENS PK,ASPIRE GO MAX 1DAY SPH 30LENS PK,Tag71,826.7,1181.0,1476.25,25.0,1.96,2893.45,1273.12,30,"High demand inelasticity detected. Increasing price by 25.0% maximizes expected daily profit to $1,273.12."
VISHWANATH SALES MAN,VISHWANATH SALES MAN,ASPIRE PRO (3 LENS PACK),ASPIRE PRO (3 LENS PACK),Tag71,625.1,893.0,1116.25,25.0,1.89,2109.71,928.27,30,High demand inelasticity detected. Increasing price by 25.0% maximizes expected daily profit to $928.27.
VISHWANATH SALES MAN,VISHWANATH SALES MAN,ASPIRE PRO (6 LENS PACK),ASPIRE PRO (6 LENS PACK),Tag71,1473.5,2105.0,2631.25,25.0,1.87,4920.44,2164.99,30,"High demand inelasticity detected. Increasing price by 25.0% maximizes expected daily profit to $2,164.99."
VISHWANATH SALES MAN,VISHWANATH SALES MAN,ASPIRE PRO MULTIFOCAL TRIAL 1LENS PK,ASPIRE PRO MULTIFOCAL TRIAL 1LENS PK,Tag71,0.7,1.0,1.25,25.0,2.0,2.5,1.1,30,High demand inelasticity detected. Increasing price by 25.0% maximizes expected daily profit to $1.10.
VISHWANATH SALES MAN,VISHWANATH SALES MAN,ASPIRE PRO TORIC (3 LENS PACK),ASPIRE PRO TORIC (3 LENS PACK),Tag71,699.3,999.0,1248.75,25.0,2.05,2559.94,1126.37,30,"High demand inelasticity detected. Increasing price by 25.0% maximizes expected daily profit to $1,126.37."
VISHWANATH SALES MAN,VISHWANATH SALES MAN,Biotrue Solu - 60ml,Biotrue Solu - 60ml,Tag71,112.0,160.0,200.0,25.0,2.04,408.0,179.52,30,High demand inelasticity detected. Increasing price by 25.0% maximizes expected daily profit to $179.52.
VISHWANATH SALES MAN,VISHWANATH SALES MAN,MY DAY TORIC (30 LENS PK),MY DAY TORIC (30 LENS PK),Tag71,1428.35,2040.5,2550.62,25.0,2.34,5968.45,2626.11,30,"High demand inelasticity detected. Increasing price by 25.0% maximizes expected daily profit to $2,626.11."
VISHWANATH SALES MAN,VISHWANATH SALES MAN,Proclear 6 Lens pack(New),Proclear 6 Lens pack(New),Tag71,715.4,1022.0,1277.5,25.0,1.92,2452.8,1079.23,30,"High demand inelasticity detected. Increasing price by 25.0% maximizes expected daily profit to $1,079.23."
VISHWANATH SALES MAN,VISHWANATH SALES MAN,Safe Accu Gluco Meter,Safe Accu Gluco Meter,B2C Small,245.0,350.0,437.5,25.0,1.96,857.5,377.3,30,High demand inelasticity detected. Increasing price by 25.0% maximizes expected daily profit to $377.30.
VISHWANATH SALES MAN,VISHWANATH SALES MAN,Safe Accu Test Strip 50s (Individual),Safe Accu Test Strip 50s (Individual),Tag71,315.0,450.0,562.5,25.0,1.92,1080.0,475.2,30,High demand inelasticity detected. Increasing price by 25.0% maximizes expected daily profit to $475.20.
VISHWANATH SALES MAN,VISHWANATH SALES MAN,Safe Accu Test Strip 50s (Vail),Safe Accu Test Strip 50s (Vail),B2C Small,315.0,450.0,562.5,25.0,1.96,1102.5,485.1,30,High demand inelasticity detected. Increasing price by 25.0% maximizes expected daily profit to $485.10.
VISHWANATH SALES MAN,VISHWANATH SALES MAN,Twist Sinodraw Lancet 28G 50s,Twist Sinodraw Lancet 28G 50s,Tag71,70.0,100.0,125.0,25.0,1.92,240.0,105.6,30,High demand inelasticity detected. Increasing price by 25.0% maximizes expected daily profit to $105.60.
Venkat - Vijayawada,Venkat - Vijayawada,ASPIRE PRO (3 LENS PACK),ASPIRE PRO (3 LENS PACK),Tag71,765.1,1093.0,1366.25,25.0,2.02,2759.82,1214.32,30,"High demand inelasticity detected. Increasing price by 25.0% maximizes expected daily profit to $1,214.32."
Venkat - Vijayawada,Venkat - Vijayawada,ASPIRE PRO TORIC (3 LENS PACK),ASPIRE PRO TORIC (3 LENS PACK),Tag71,804.3,1149.0,1436.25,25.0,2.15,3087.94,1358.69,30,"High demand inelasticity detected. Increasing price by 25.0% maximizes expected daily profit to $1,358.69."
Venkat - Vijayawada,Venkat - Vijayawada,Biofinity Toric 6 Lense pack (new),Biofinity Toric 6 Lense pack (new),Tag71,1820.7,2601.0,3251.25,25.0,2.12,6892.65,3032.77,30,"High demand inelasticity detected. Increasing price by 25.0% maximizes expected daily profit to $3,032.77."
Venkat - Vijayawada,Venkat - Vijayawada,Biofinity Torics 3 Lens pack (new) XR,Biofinity Torics 3 Lens pack (new) XR,Tag71,1820.7,2601.0,3251.25,25.0,1.83,5949.79,2617.91,30,"High demand inelasticity detected. Increasing price by 25.0% maximizes expected daily profit to $2,617.91."
Venkat - Vijayawada,Venkat - Vijayawada,Courier Chargers,Courier Chargers,Tag71,105.0,150.0,150.0,0.0,2.67,400.5,120.15,30,Current price is at the optimal profit-maximizing point of $150.00.
Vijaya Distributors Moosapet,Vijaya Distributors Moosapet,RGB AIR BED,RGB AIR BED,Intra State B2B,630.0,900.0,1125.0,25.0,19.89,22376.25,9845.55,100,"High demand inelasticity detected. Increasing price by 25.0% maximizes expected daily profit to $9,845.55."
Vijaya Distributors Moosapet,Vijaya Distributors Moosapet,RGB PREPRAZOR,RGB PREPRAZOR,Intra State B2B,5.95,8.5,10.62,24.94,5112.54,54295.17,23875.56,26000,"High demand inelasticity detected. Increasing price by 24.94% maximizes expected daily profit to $23,875.56."
Vijaya Krishna Opticals_Eluru,Vijaya Krishna Opticals_Eluru,Biofinity XR 6 Lense pack (new),Biofinity XR 6 Lense pack (new),Inter State B2B,1488.38,2126.25,2657.81,25.0,1.87,4970.1,2186.83,30,"High demand inelasticity detected. Increasing price by 25.0% maximizes expected daily profit to $2,186.83."
Vijaya Krishna Opticals_Eluru,Vijaya Krishna Opticals_Eluru,Courier Chargers,Courier Chargers,Inter State B2B,70.0,100.0,100.0,0.0,2.62,262.0,78.6,30,Current price is at the optimal profit-maximizing point of $100.00.
Vijaya Krishna Opticals_Eluru,Vijaya Krishna Opticals_Eluru,Proclear 6 Lens pack(New),Proclear 6 Lens pack(New),Inter State B2B,681.62,973.75,1217.19,25.0,1.91,2324.83,1022.94,30,"High demand inelasticity detected. Increasing price by 25.0% maximizes expected daily profit to $1,022.94."
Vision Express (JNTU),Vision Express (JNTU),ASPIRE GO MAX 1DAY TORIC 30LENS PK,ASPIRE GO MAX 1DAY TORIC 30LENS PK,Tag71,1227.8,1754.0,2192.5,25.0,1.7,3727.25,1639.99,30,"High demand inelasticity detected. Increasing price by 25.0% maximizes expected daily profit to $1,639.99."
Vision eye Care (miyapur),Vision eye Care (miyapur),ASPIRE AIR TORIC (3 LENS PACK),ASPIRE AIR TORIC (3 LENS PACK),Tag71,584.5,835.0,1043.75,25.0,1.92,2004.0,881.76,30,High demand inelasticity detected. Increasing price by 25.0% maximizes expected daily profit to $881.76.
Vision eye Care (miyapur),Vision eye Care (miyapur),ASPIRE PRO TORIC (3 LENS PACK),ASPIRE PRO TORIC (3 LENS PACK),Tag71,804.3,1149.0,1436.25,25.0,1.74,2499.07,1099.59,30,"High demand inelasticity detected. Increasing price by 25.0% maximizes expected daily profit to $1,099.59."
Vivera Optics - Gachibowli,Vivera Optics - Gachibowli,ASPIRE AIR TORIC (3 LENS PACK),ASPIRE AIR TORIC (3 LENS PACK),Intra State B2B,556.5,795.0,993.75,25.0,1.93,1917.94,843.89,30,High demand inelasticity detected. Increasing price by 25.0% maximizes expected daily profit to $843.89.
Vivera Optics - Gachibowli,Vivera Optics - Gachibowli,ASPIRE GO MAX 1DAY M.F 30LENS PK,ASPIRE GO MAX 1DAY M.F 30LENS PK,Intra State B2B,1459.68,2085.25,2606.56,25.0,1.71,4457.22,1961.16,30,"High demand inelasticity detected. Increasing price by 25.0% maximizes expected daily profit to $1,961.16."
Vivera Optics - Gachibowli,Vivera Optics - Gachibowli,ASPIRE GO MAX 1DAY SPH 30LENS PK,ASPIRE GO MAX 1DAY SPH 30LENS PK,Intra State B2B,989.8,1414.0,1767.5,25.0,1.73,3057.78,1345.42,30,"High demand inelasticity detected. Increasing price by 25.0% maximizes expected daily profit to $1,345.42."
Vivera Optics - Gachibowli,Vivera Optics - Gachibowli,ASPIRE PRO (3 LENS PACK),ASPIRE PRO (3 LENS PACK),Intra State B2B,728.52,1040.75,1300.94,25.0,1.97,2562.85,1127.67,30,"High demand inelasticity detected. Increasing price by 25.0% maximizes expected daily profit to $1,127.67."
Vivera Optics - Gachibowli,Vivera Optics - Gachibowli,ASPIRE PRO MULTIFOCAL (3LENS PACK),ASPIRE PRO MULTIFOCAL (3LENS PACK),Intra State B2B,1111.77,1588.25,1985.31,25.0,1.78,3533.85,1554.9,30,"High demand inelasticity detected. Increasing price by 25.0% maximizes expected daily profit to $1,554.90."
Vivera Optics - Gachibowli,Vivera Optics - Gachibowli,ASPIRE PRO TORIC (3 LENS PACK),ASPIRE PRO TORIC (3 LENS PACK),Intra State B2B,766.32,1094.75,1368.44,25.0,2.12,2901.09,1276.49,30,"High demand inelasticity detected. Increasing price by 25.0% maximizes expected daily profit to $1,276.49."
Vivera Optics - Gachibowli,Vivera Optics - Gachibowli,Biofinity Energys New ( 3pk ),Biofinity Energys New ( 3pk ),Intra State B2B,851.72,1216.75,1520.94,25.0,7.88,11985.01,5273.45,40,"High demand inelasticity detected. Increasing price by 25.0% maximizes expected daily profit to $5,273.45."
Vivera Optics - Gachibowli,Vivera Optics - Gachibowli,Biofinity Torics 3 Lens pack (new) XR,Biofinity Torics 3 Lens pack (new) XR,Intra State B2B,1734.42,2477.75,3097.19,25.0,1.92,5946.6,2616.52,30,"High demand inelasticity detected. Increasing price by 25.0% maximizes expected daily profit to $2,616.52."
Vivera Optics - Gachibowli,Vivera Optics - Gachibowli,MY DAY (30 LENS PK),MY DAY (30 LENS PK),Intra State B2B,1262.27,1803.25,2254.06,25.0,1.73,3899.52,1715.8,30,"High demand inelasticity detected. Increasing price by 25.0% maximizes expected daily profit to $1,715.80."
Vivera Optics - Gachibowli,Vivera Optics - Gachibowli,MY DAY TORIC (30 LENS PK),MY DAY TORIC (30 LENS PK),Intra State B2B,1360.28,1943.25,1943.25,0.0,2.74,5324.51,1597.34,30,"Current price is at the optimal profit-maximizing point of $1,943.25."
Win Vision Eye Hospitals - A.S Rao Nagar,Win Vision Eye Hospitals - A.S Rao Nagar,ASPIRE GO MAX 1DAY SPH 30LENS PK,ASPIRE GO MAX 1DAY SPH 30LENS PK,Intra State B2B,989.8,1414.0,1767.5,25.0,1.72,3040.1,1337.64,30,"High demand inelasticity detected. Increasing price by 25.0% maximizes expected daily profit to $1,337.64."
Win Vision Eye Hospitals - A.S Rao Nagar,Win Vision Eye Hospitals - A.S Rao Nagar,ASPIRE PRO (6 LENS PACK),ASPIRE PRO (6 LENS PACK),Intra State B2B,1403.15,2004.5,2505.62,25.0,1.94,4860.9,2138.79,30,"High demand inelasticity detected. Increasing price by 25.0% maximizes expected daily profit to $2,138.79."
Win Vision Eye Hospitals - A.S Rao Nagar,Win Vision Eye Hospitals - A.S Rao Nagar,ASPIRE PRO TORIC (3 LENS PACK),ASPIRE PRO TORIC (3 LENS PACK),Intra State B2B,766.32,1094.75,1368.44,25.0,2.06,2818.99,1240.37,30,"High demand inelasticity detected. Increasing price by 25.0% maximizes expected daily profit to $1,240.37."
Win Vision Eye Hospitals - A.S Rao Nagar,Win Vision Eye Hospitals - A.S Rao Nagar,MY DAY TORIC (30 LENS PK),MY DAY TORIC (30 LENS PK),Intra State B2B,1360.28,1943.25,2429.06,25.0,1.75,4250.85,1870.37,30,"High demand inelasticity detected. Increasing price by 25.0% maximizes expected daily profit to $1,870.37."
Win Vision Eye Hospitals - Begumpet,Win Vision Eye Hospitals - Begumpet,ASPIRE GO 30LENS PK - NEW,ASPIRE GO 30LENS PK - NEW,Intra State B2B,716.62,1023.75,1279.69,25.0,1.87,2393.02,1052.94,30,"High demand inelasticity detected. Increasing price by 25.0% maximizes expected daily profit to $1,052.94."
Win Vision Eye Hospitals - Begumpet,Win Vision Eye Hospitals - Begumpet,ASPIRE GO MAX 1DAY M.F 30LENS PK,ASPIRE GO MAX 1DAY M.F 30LENS PK,Intra State B2B,1459.68,2085.25,2606.56,25.0,1.84,4796.07,2110.26,30,"High demand inelasticity detected. Increasing price by 25.0% maximizes expected daily profit to $2,110.26."
Win Vision Eye Hospitals - Begumpet,Win Vision Eye Hospitals - Begumpet,ASPIRE GO MAX 1DAY SPH 30LENS PK,ASPIRE GO MAX 1DAY SPH 30LENS PK,Intra State B2B,989.8,1414.0,1767.5,25.0,1.92,3393.6,1493.18,30,"High demand inelasticity detected. Increasing price by 25.0% maximizes expected daily profit to $1,493.18."
Win Vision Eye Hospitals - Begumpet,Win Vision Eye Hospitals - Begumpet,ASPIRE GO MAX 1DAY TORIC 30LENS PK,ASPIRE GO MAX 1DAY TORIC 30LENS PK,Intra State B2B,1169.0,1670.0,2087.5,25.0,1.72,3590.5,1579.82,30,"High demand inelasticity detected. Increasing price by 25.0% maximizes expected daily profit to $1,579.82."
Win Vision Eye Hospitals - Begumpet,Win Vision Eye Hospitals - Begumpet,ASPIRE PRO (3 LENS PACK),ASPIRE PRO (3 LENS PACK),Intra State B2B,728.52,1040.75,1300.94,25.0,2.06,2679.94,1179.19,30,"High demand inelasticity detected. Increasing price by 25.0% maximizes expected daily profit to $1,179.19."
Win Vision Eye Hospitals - Begumpet,Win Vision Eye Hospitals - Begumpet,ASPIRE PRO (6 LENS PACK),ASPIRE PRO (6 LENS PACK),Intra State B2B,1403.15,2004.5,2505.62,25.0,1.87,4685.51,2061.62,30,"High demand inelasticity detected. Increasing price by 25.0% maximizes expected daily profit to $2,061.62."
Win Vision Eye Hospitals - Begumpet,Win Vision Eye Hospitals - Begumpet,ASPIRE PRO TORIC (3 LENS PACK),ASPIRE PRO TORIC (3 LENS PACK),Tag71,0.7,1.0,1.25,25.0,1.87,2.34,1.03,30,High demand inelasticity detected. Increasing price by 25.0% maximizes expected daily profit to $1.03.
Win Vision Eye Hospitals - Begumpet,Win Vision Eye Hospitals - Begumpet,Biofinity XR 6 Lense pack (new),Biofinity XR 6 Lense pack (new),Intra State B2B,1488.38,2126.25,2657.81,25.0,1.95,5182.73,2280.39,30,"High demand inelasticity detected. Increasing price by 25.0% maximizes expected daily profit to $2,280.39."
Win Vision Eye Hospitals - Gachibowli,Win Vision Eye Hospitals - Gachibowli,ASPIRE GO 30LENS PK - NEW,ASPIRE GO 30LENS PK - NEW,Intra State B2B,716.62,1023.75,1279.69,25.0,2.01,2572.18,1131.77,30,"High demand inelasticity detected. Increasing price by 25.0% maximizes expected daily profit to $1,131.77."
Win Vision Eye Hospitals - Gachibowli,Win Vision Eye Hospitals - Gachibowli,ASPIRE GO MAX 1DAY SPH 30LENS PK,ASPIRE GO MAX 1DAY SPH 30LENS PK,Tag71,0.7,1.0,1.0,0.0,2.65,2.65,0.8,30,Current price is at the optimal profit-maximizing point of $1.00.
Win Vision Eye Hospitals - Gachibowli,Win Vision Eye Hospitals - Gachibowli,ASPIRE GO MAX 1DAY TORIC 30LENS PK,ASPIRE GO MAX 1DAY TORIC 30LENS PK,Intra State B2B,1169.0,1670.0,2087.5,25.0,1.99,4154.12,1827.82,30,"High demand inelasticity detected. Increasing price by 25.0% maximizes expected daily profit to $1,827.82."
Win Vision Eye Hospitals - Gachibowli,Win Vision Eye Hospitals - Gachibowli,ASPIRE PRO (3 LENS PACK),ASPIRE PRO (3 LENS PACK),Intra State B2B,728.52,1040.75,1300.94,25.0,1.92,2497.8,1099.05,30,"High demand inelasticity detected. Increasing price by 25.0% maximizes expected daily profit to $1,099.05."
Win Vision Eye Hospitals - Gachibowli,Win Vision Eye Hospitals - Gachibowli,ASPIRE PRO (6 LENS PACK),ASPIRE PRO (6 LENS PACK),Intra State B2B,1403.15,2004.5,2004.5,0.0,2.94,5893.23,1767.97,30,"Current price is at the optimal profit-maximizing point of $2,004.50."
Win Vision Eye Hospitals - Gachibowli,Win Vision Eye Hospitals - Gachibowli,ASPIRE PRO MULTIFOCAL (3LENS PACK),ASPIRE PRO MULTIFOCAL (3LENS PACK),Intra State B2B,1111.77,1588.25,1985.31,25.0,1.61,3196.35,1406.4,30,"High demand inelasticity detected. Increasing price by 25.0% maximizes expected daily profit to $1,406.40."
Win Vision Eye Hospitals - Gachibowli,Win Vision Eye Hospitals - Gachibowli,ASPIRE PRO MULTIFOCAL TRIAL 1LENS PK,ASPIRE PRO MULTIFOCAL TRIAL 1LENS PK,Intra State B2B,0.7,1.0,1.25,25.0,2.05,2.56,1.13,30,High demand inelasticity detected. Increasing price by 25.0% maximizes expected daily profit to $1.13.
Win Vision Eye Hospitals - Gachibowli,Win Vision Eye Hospitals - Gachibowli,ASPIRE PRO TORIC (3 LENS PACK),ASPIRE PRO TORIC (3 LENS PACK),Intra State B2B,766.32,1094.75,1368.44,25.0,2.15,2942.15,1294.56,30,"High demand inelasticity detected. Increasing price by 25.0% maximizes expected daily profit to $1,294.56."
Win Vision Eye Hospitals - Gachibowli,Win Vision Eye Hospitals - Gachibowli,ASPIRE PRO TRAIL (1 LENS PACK),ASPIRE PRO TRAIL (1 LENS PACK),Intra State B2B,0.7,1.0,1.25,25.0,2.12,2.65,1.17,30,High demand inelasticity detected. Increasing price by 25.0% maximizes expected daily profit to $1.17.
Win Vision Eye Hospitals - Gachibowli,Win Vision Eye Hospitals - Gachibowli,Biofinity Torics 3 Lens pack (new) XR,Biofinity Torics 3 Lens pack (new) XR,Intra State B2B,1734.42,2477.75,3097.19,25.0,1.51,4676.76,2057.78,30,"High demand inelasticity detected. Increasing price by 25.0% maximizes expected daily profit to $2,057.78."
Win Vision Eye Hospitals - Gachibowli,Win Vision Eye Hospitals - Gachibowli,Biofinity XR 6 Lense pack (new),Biofinity XR 6 Lense pack (new),Intra State B2B,1488.38,2126.25,2657.81,25.0,1.97,5235.89,2303.78,30,"High demand inelasticity detected. Increasing price by 25.0% maximizes expected daily profit to $2,303.78."
Win Vision Eye Hospitals - Gachibowli,Win Vision Eye Hospitals - Gachibowli,Clarity 1Day 1Pk Trails,Clarity 1Day 1Pk Trails,Intra State B2B,0.7,1.0,1.25,25.0,34.99,43.74,19.24,175,High demand inelasticity detected. Increasing price by 25.0% maximizes expected daily profit to $19.24.
Win Vision Eye Hospitals - Gachibowli,Win Vision Eye Hospitals - Gachibowli,MY DAY (30 LENS PK),MY DAY (30 LENS PK),Intra State B2B,1262.27,1803.25,2254.06,25.0,2.37,5342.12,2350.54,30,"High demand inelasticity detected. Increasing price by 25.0% maximizes expected daily profit to $2,350.54."
Win Vision Eye Hospitals - Gachibowli,Win Vision Eye Hospitals - Gachibowli,MY DAY TORIC (30 LENS PK),MY DAY TORIC (30 LENS PK),Intra State B2B,1360.28,1943.25,2429.06,25.0,1.96,4760.96,2094.81,30,"High demand inelasticity detected. Increasing price by 25.0% maximizes expected daily profit to $2,094.81."
Win Vision Eye Hospitals - Gachibowli,Win Vision Eye Hospitals - Gachibowli,MY DAY TRAIL 1PK,MY DAY TRAIL 1PK,Intra State B2B,0.7,1.0,1.25,25.0,39.89,49.86,21.94,210,High demand inelasticity detected. Increasing price by 25.0% maximizes expected daily profit to $21.94.
Win Vision Eye Hospitals - Kukatpally,Win Vision Eye Hospitals - Kukatpally,ASPIRE GO MAX 1DAY SPH 30LENS PK,ASPIRE GO MAX 1DAY SPH 30LENS PK,Intra State B2B,989.8,1414.0,1767.5,25.0,1.9,3358.25,1477.63,30,"High demand inelasticity detected. Increasing price by 25.0% maximizes expected daily profit to $1,477.63."
Win Vision Eye Hospitals - Kukatpally,Win Vision Eye Hospitals - Kukatpally,ASPIRE GO MAX 1DAY TORIC 30LENS PK,ASPIRE GO MAX 1DAY TORIC 30LENS PK,Intra State B2B,1169.0,1670.0,2087.5,25.0,1.9,3966.25,1745.15,30,"High demand inelasticity detected. Increasing price by 25.0% maximizes expected daily profit to $1,745.15."
Win Vision Eye Hospitals - Kukatpally,Win Vision Eye Hospitals - Kukatpally,MY DAY TORIC (30 LENS PK),MY DAY TORIC (30 LENS PK),Intra State B2B,1360.28,1943.25,2429.06,25.0,1.8,4372.31,1923.8,30,"High demand inelasticity detected. Increasing price by 25.0% maximizes expected daily profit to $1,923.80."
Win Vision Eye Hospitals - Vijayawada,Win Vision Eye Hospitals - Vijayawada,ASPIRE GO MAX 1DAY SPH 30LENS PK,ASPIRE GO MAX 1DAY SPH 30LENS PK,Inter State B2B,989.8,1414.0,1767.5,25.0,1.95,3446.62,1516.52,30,"High demand inelasticity detected. Increasing price by 25.0% maximizes expected daily profit to $1,516.52."
YESHASS HEALTH CARE PRIVATE LIMITED,YESHASS HEALTH CARE PRIVATE LIMITED,Vrx Fitting Charges,Vrx Fitting Charges,Intra State B2B,106.75,152.5,190.62,25.0,11.87,2262.66,995.54,60,High demand inelasticity detected. Increasing price by 25.0% maximizes expected daily profit to $995.54.
YESHASS HEALTH CARE PRIVATE LIMITED,YESHASS HEALTH CARE PRIVATE LIMITED,Vrx Lenses,Vrx Lenses,Intra State B2B,683.68,976.69,1220.86,25.0,25.88,31595.86,13902.22,130,"High demand inelasticity detected. Increasing price by 25.0% maximizes expected daily profit to $13,902.22."
