date,store_id,store_name,product_id,product_name,category,selling_price,units_sold,forecasted_demand,forecast_error
2026-05-25,A M Hardware,A M Hardware,BONDSET FAST SETTING 25 GM,BONDSET FAST SETTING 25 GM,Tag71,7.85,64,63.81,0.19
2026-05-25,A M Hardware,A M Hardware,BONDSET FAST SETTING 60 GM,BONDSET FAST SETTING 60 GM,Tag71,14.93,34,33.9,0.1
2026-05-25,A M Hardware,A M Hardware,VEGALOCK 20 GM,VEGALOCK 20 GM,Tag71,28.6,20,20.0,0.0
2026-05-25,A M Hardware,A M Hardware,VEGAQUICK 20 GM (S),VEGAQUICK 20 GM (S),Tag71,37.83,20,20.0,0.0
2026-06-03,A.V Optics vijayawada,A.V Optics vijayawada,MY DAY TORIC (30 LENS PK),MY DAY TORIC (30 LENS PK),Tag71,2040.0,2,1.81,0.19
2026-04-14,AIG Hospital Gachibowli,AIG Hospital Gachibowli,ASPIRE GO MAX 1DAY M.F 30LENS PK,ASPIRE GO MAX 1DAY M.F 30LENS PK,Tag71,2190.0,2,1.84,0.16
2026-04-16,AIG Hospital Gachibowli,AIG Hospital Gachibowli,ASPIRE GO MAX 1DAY M.F 30LENS PK,ASPIRE GO MAX 1DAY M.F 30LENS PK,Tag71,2190.0,2,1.84,0.16
2026-04-29,AIG Hospital Gachibowli,AIG Hospital Gachibowli,ASPIRE GO MAX 1DAY TORIC 30LENS PK,ASPIRE GO MAX 1DAY TORIC 30LENS PK,Tag71,2190.0,2,1.86,0.14
2026-04-30,AIG Hospital Gachibowli,AIG Hospital Gachibowli,ASPIRE PRO (6 LENS PACK),ASPIRE PRO (6 LENS PACK),Tag71,2105.0,1,2.28,-1.28
2026-05-23,AIG Hospital Gachibowli,AIG Hospital Gachibowli,ASPIRE PRO (6 LENS PACK),ASPIRE PRO (6 LENS PACK),Tag71,2105.0,2,1.5,0.5
2026-05-08,AIG Hospital Gachibowli,AIG Hospital Gachibowli,ASPIRE PRO TORIC (3 LENS PACK),ASPIRE PRO TORIC (3 LENS PACK),Tag71,1149.0,2,1.97,0.03
2026-05-15,AIG Hospital Gachibowli,AIG Hospital Gachibowli,ASPIRE PRO TORIC (3 LENS PACK),ASPIRE PRO TORIC (3 LENS PACK),Tag71,1149.0,2,1.97,0.03
2026-05-20,AIG Hospital Gachibowli,AIG Hospital Gachibowli,ASPIRE PRO TORIC (3 LENS PACK),ASPIRE PRO TORIC (3 LENS PACK),Tag71,1149.0,2,2.02,-0.02
2026-06-05,AIG Hospital Gachibowli,AIG Hospital Gachibowli,Biofinity Torics 3 Lens pack (new) XR,Biofinity Torics 3 Lens pack (new) XR,Tag71,2601.0,4,1.8,2.2
2026-04-30,AIG Hospital Gachibowli,AIG Hospital Gachibowli,Biofinity XR 6 Lense pack (new),Biofinity XR 6 Lense pack (new),Tag71,2233.0,1,2.13,-1.13
2026-05-20,AIG Hospital Gachibowli,AIG Hospital Gachibowli,Biotrue Solu - 60ml,Biotrue Solu - 60ml,Tag71,152.0,3,1.99,1.01
2026-05-22,AIG Hospital Gachibowli,AIG Hospital Gachibowli,Biotrue Solu - 60ml,Biotrue Solu - 60ml,Tag71,152.0,1,2.16,-1.16
2026-05-23,AIG Hospital Gachibowli,AIG Hospital Gachibowli,Biotrue Solu - 60ml,Biotrue Solu - 60ml,Tag71,152.0,3,2.09,0.91
2026-06-06,AIG Hospital Gachibowli,AIG Hospital Gachibowli,Biotrue Solu - 60ml,Biotrue Solu - 60ml,Tag71,152.0,1,2.13,-1.13
2026-04-16,AIG Hospital Gachibowli,AIG Hospital Gachibowli,Courier Chargers,Courier Chargers,Tag71,120.0,1,1.69,-0.69
2026-05-09,AIG Hospital Gachibowli,AIG Hospital Gachibowli,Courier Chargers,Courier Chargers,Tag71,200.0,1,1.34,-0.34
2026-05-20,AIG Hospital Gachibowli,AIG Hospital Gachibowli,Courier Chargers,Courier Chargers,Tag71,200.0,1,1.38,-0.38
2026-06-05,AIG Hospital Gachibowli,AIG Hospital Gachibowli,Courier Chargers,Courier Chargers,Tag71,200.0,1,1.48,-0.48
2026-05-09,AIG Hospital Gachibowli,AIG Hospital Gachibowli,MY DAY (30 LENS PK),MY DAY (30 LENS PK),Tag71,1893.0,1,1.66,-0.66
2026-05-22,AIG Hospital Gachibowli,AIG Hospital Gachibowli,MY DAY (30 LENS PK),MY DAY (30 LENS PK),Tag71,1893.0,1,1.42,-0.42
2026-05-23,AIG Hospital Gachibowli,AIG Hospital Gachibowli,MY DAY (30 LENS PK),MY DAY (30 LENS PK),Tag71,1893.0,2,1.42,0.58
2026-05-09,AIG Hospital Gachibowli,AIG Hospital Gachibowli,MY DAY TORIC (30 LENS PK),MY DAY TORIC (30 LENS PK),Tag71,2040.0,1,1.66,-0.66
2026-05-15,AIG Hospital Gachibowli,AIG Hospital Gachibowli,MY DAY TORIC (30 LENS PK),MY DAY TORIC (30 LENS PK),Tag71,2040.0,1,1.36,-0.36
2026-05-22,AIG Hospital Gachibowli,AIG Hospital Gachibowli,MY DAY TORIC (30 LENS PK),MY DAY TORIC (30 LENS PK),Tag71,2040.0,1,1.42,-0.42
2026-06-02,AIG Hospital Gachibowli,AIG Hospital Gachibowli,MY DAY TORIC (30 LENS PK),MY DAY TORIC (30 LENS PK),Tag71,2040.0,1,1.66,-0.66
2026-06-06,AIG Hospital Gachibowli,AIG Hospital Gachibowli,MY DAY TORIC (30 LENS PK),MY DAY TORIC (30 LENS PK),Tag71,2040.0,2,1.5,0.5
2026-04-29,ANAND EYE INSTITUTE - Habsiguda,ANAND EYE INSTITUTE - Habsiguda,ASPIRE PRO (3 LENS PACK),ASPIRE PRO (3 LENS PACK),Intra State B2B,1040.75,1,2.0,-1.0
2026-04-29,ANAND EYE INSTITUTE - Habsiguda,ANAND EYE INSTITUTE - Habsiguda,ASPIRE PRO TORIC (3 LENS PACK),ASPIRE PRO TORIC (3 LENS PACK),Intra State B2B,1094.75,1,2.05,-1.05
2026-04-04,ANAND EYE INSTITUTE - Habsiguda,ANAND EYE INSTITUTE - Habsiguda,Proclear 6 Lens pack(New),Proclear 6 Lens pack(New),Intra State B2B,973.75,1,1.88,-0.88
2026-04-17,ANAND EYE INSTITUTE - Habsiguda,ANAND EYE INSTITUTE - Habsiguda,Proclear 6 Lens pack(New),Proclear 6 Lens pack(New),Intra State B2B,973.75,1,1.56,-0.56
2026-04-29,ANAND EYE INSTITUTE - Habsiguda,ANAND EYE INSTITUTE - Habsiguda,Proclear 6 Lens pack(New),Proclear 6 Lens pack(New),Intra State B2B,973.75,2,1.63,0.37
2026-04-04,ANUSHA OPTICALS,ANUSHA OPTICALS,ASPIRE GO 30LENS PK - NEW,ASPIRE GO 30LENS PK - NEW,Tag71,1075.0,14,13.76,0.24
2026-04-04,ANUSHA OPTICALS,ANUSHA OPTICALS,ASPIRE PRO (3 LENS PACK),ASPIRE PRO (3 LENS PACK),Tag71,1.0,4,2.07,1.93
2026-04-04,ANUSHA OPTICALS,ANUSHA OPTICALS,ASPIRE PRO (3 LENS PACK),ASPIRE PRO (3 LENS PACK),Tag71,1092.75,16,15.74,0.26
2026-04-11,ANUSHA OPTICALS,ANUSHA OPTICALS,ASPIRE PRO (3 LENS PACK),ASPIRE PRO (3 LENS PACK),Inter State B2B,1040.75,2,2.38,-0.38
2026-04-09,ANUSHA OPTICALS,ANUSHA OPTICALS,Courier Chargers,Courier Chargers,Inter State B2B,100.0,1,1.71,-0.71
2026-04-11,ANUSHA OPTICALS,ANUSHA OPTICALS,Courier Chargers,Courier Chargers,Inter State B2B,100.0,1,1.37,-0.37
2026-04-04,ANUSHA OPTICALS,ANUSHA OPTICALS,MY DAY (30 LENS PK),MY DAY (30 LENS PK),Tag71,1894.0,12,11.57,0.43
2026-04-04,ANUSHA OPTICALS,ANUSHA OPTICALS,MY DAY (30 LENS PK),MY DAY (30 LENS PK),Tag71,1.0,4,2.93,1.07
2026-04-09,ANUSHA OPTICALS,ANUSHA OPTICALS,MY DAY TORIC (30 LENS PK),MY DAY TORIC (30 LENS PK),Inter State B2B,1943.25,1,1.89,-0.89
2026-05-19,Abhinav Eye hospital - Peerzadigud,Abhinav Eye hospital - Peerzadigud,ASPIRE AIR (6 LENS PACK) New,ASPIRE AIR (6 LENS PACK) New,B2C Small,1318.5,1,1.68,-0.68
2026-05-28,Abhinav Eye hospital - Peerzadigud,Abhinav Eye hospital - Peerzadigud,ASPIRE AIR TORIC (3 LENS PACK),ASPIRE AIR TORIC (3 LENS PACK),B2C Small,795.0,2,1.99,0.01
2026-05-14,Abhinav Eye hospital - Peerzadigud,Abhinav Eye hospital - Peerzadigud,ASPIRE GO 30LENS PK - NEW,ASPIRE GO 30LENS PK - NEW,B2C Small,1023.75,1,1.97,-0.97
2026-04-10,Abhishek Sales Man,Abhishek Sales Man,ASPIRE PRO TORIC (3 LENS PACK),ASPIRE PRO TORIC (3 LENS PACK),Tag71,1149.0,1,2.0,-1.0
2026-05-04,Akshaya advanced eye care centre,Akshaya advanced eye care centre,Biofinity Torics 3 Lens pack (new) XR,Biofinity Torics 3 Lens pack (new) XR,Tag71,2750.0,2,1.93,0.07
2026-06-08,Akshaya advanced eye care centre,Akshaya advanced eye care centre,Biofinity Torics 3 Lens pack (new) XR,Biofinity Torics 3 Lens pack (new) XR,Tag71,2750.0,2,1.91,0.09
2026-06-03,Anita Power Tools & Stone Care,Anita Power Tools & Stone Care,BONDTITE FAST & CLEAR 450 GM (S),BONDTITE FAST & CLEAR 450 GM (S),Intra State B2B,745.71,15,14.9,0.1
2026-06-03,Anita Power Tools & Stone Care,Anita Power Tools & Stone Care,VETRA LV (401) 50 GM (SHEME),VETRA LV (401) 50 GM (SHEME),Intra State B2B,89.71,100,103.73,-3.73
2026-05-25,Anitha Power Tools Krishna Nagar,Anitha Power Tools Krishna Nagar,BONDTITE FAST & CLEAR 1 KG (S),BONDTITE FAST & CLEAR 1 KG (S),Tag71,1471.57,5,2.2,2.8
2026-05-25,Anitha Power Tools Krishna Nagar,Anitha Power Tools Krishna Nagar,VETRA LV (401) 20 GM (SCHEME),VETRA LV (401) 20 GM (SCHEME),Tag71,52.4,320,319.68,0.32
2026-05-25,Anitha Power Tools Krishna Nagar,Anitha Power Tools Krishna Nagar,VETRA LV (401) 50 GM (SHEME),VETRA LV (401) 50 GM (SHEME),Tag71,105.86,80,79.83,0.17
2026-04-30,Apollo Opticals (k),Apollo Opticals (k),ASPIRE PRO TORIC (3 LENS PACK),ASPIRE PRO TORIC (3 LENS PACK),Intra State B2B,1094.75,2,2.45,-0.45
2026-06-22,Arihanth Optical (vizag),Arihanth Optical (vizag),ASPIRE PRO TORIC (3 LENS PACK),ASPIRE PRO TORIC (3 LENS PACK),Inter State B2B,1094.75,4,2.14,1.86
2026-05-30,Asian Enterprises,Asian Enterprises,BONDTITE FAST & CLEAR 1 KG (S),BONDTITE FAST & CLEAR 1 KG (S),Intra State B2B,1247.09,5,2.44,2.56
2026-05-30,Asian Enterprises,Asian Enterprises,BONDTITE FAST & CLEAR 450 GM (S),BONDTITE FAST & CLEAR 450 GM (S),Intra State B2B,672.27,5,2.44,2.56
2026-06-05,Asian Enterprises,Asian Enterprises,FILLX ULTRA 2K IRON GRAY 1KG,FILLX ULTRA 2K IRON GRAY 1KG,Intra State B2B,596.75,2,1.74,0.26
2026-05-30,Asian Enterprises,Asian Enterprises,FILLX ULTRA 2K IRON GREY 5 KG,FILLX ULTRA 2K IRON GREY 5 KG,Intra State B2B,2240.52,2,1.87,0.13
2026-05-30,Asian Enterprises,Asian Enterprises,FILLX ULTRA 2K PURE WHITE 1 KG,FILLX ULTRA 2K PURE WHITE 1 KG,Intra State B2B,596.75,5,2.1,2.9
2026-06-05,Asian Enterprises,Asian Enterprises,FILLX ULTRA 2K PURE WHITE 5KG,FILLX ULTRA 2K PURE WHITE 5KG,Intra State B2B,2240.52,2,1.5,0.5
2026-05-30,Asian Enterprises,Asian Enterprises,FILLX ULTRA 2K SIGNAL BLACK 1 KG,FILLX ULTRA 2K SIGNAL BLACK 1 KG,Intra State B2B,596.75,2,2.1,-0.1
2026-04-29,Ayudha Eye Care,Ayudha Eye Care,ASPIRE AIR (3 LENS PACK),ASPIRE AIR (3 LENS PACK),Intra State B2B,698.5,1,1.57,-0.57
2026-06-22,Ayudha Eye Care,Ayudha Eye Care,ASPIRE AIR (3 LENS PACK),ASPIRE AIR (3 LENS PACK),Intra State B2B,698.5,1,1.26,-0.26
2026-06-15,Ayudha Eye Care,Ayudha Eye Care,ASPIRE AIR (6 LENS PACK) New,ASPIRE AIR (6 LENS PACK) New,Intra State B2B,1318.5,2,1.73,0.27
2026-06-18,Ayudha Eye Care,Ayudha Eye Care,ASPIRE AIR (6 LENS PACK) New,ASPIRE AIR (6 LENS PACK) New,Intra State B2B,1318.5,1,1.73,-0.73
2026-04-29,Ayudha Eye Care,Ayudha Eye Care,ASPIRE AIR TORIC (3 LENS PACK),ASPIRE AIR TORIC (3 LENS PACK),Intra State B2B,795.0,3,2.05,0.95
2026-05-12,Ayudha Eye Care,Ayudha Eye Care,ASPIRE AIR TORIC (3 LENS PACK),ASPIRE AIR TORIC (3 LENS PACK),Intra State B2B,795.0,2,2.18,-0.18
2026-05-30,Ayudha Eye Care,Ayudha Eye Care,ASPIRE AIR TORIC (3 LENS PACK),ASPIRE AIR TORIC (3 LENS PACK),Intra State B2B,795.0,2,2.41,-0.41
2026-06-05,Ayudha Eye Care,Ayudha Eye Care,ASPIRE AIR TORIC (3 LENS PACK),ASPIRE AIR TORIC (3 LENS PACK),Intra State B2B,795.0,2,1.98,0.02
2026-06-15,Ayudha Eye Care,Ayudha Eye Care,ASPIRE AIR TORIC (3 LENS PACK),ASPIRE AIR TORIC (3 LENS PACK),Intra State B2B,795.0,2,2.02,-0.02
2026-06-16,Ayudha Eye Care,Ayudha Eye Care,ASPIRE AIR TORIC (3 LENS PACK),ASPIRE AIR TORIC (3 LENS PACK),Intra State B2B,795.0,2,2.02,-0.02
2026-05-06,Ayudha Eye Care,Ayudha Eye Care,ASPIRE GO MAX 1DAY TORIC 30LENS PK,ASPIRE GO MAX 1DAY TORIC 30LENS PK,Intra State B2B,1670.0,2,1.93,0.07
2026-05-13,Ayudha Eye Care,Ayudha Eye Care,ASPIRE GO MAX 1DAY TORIC 30LENS PK,ASPIRE GO MAX 1DAY TORIC 30LENS PK,Tag71,1.0,1,1.64,-0.64
2026-05-29,Ayudha Eye Care,Ayudha Eye Care,ASPIRE GO MAX 1DAY TORIC 30LENS PK,ASPIRE GO MAX 1DAY TORIC 30LENS PK,Intra State B2B,1670.0,6,1.89,4.11
2026-05-06,Ayudha Eye Care,Ayudha Eye Care,ASPIRE PRO (6 LENS PACK),ASPIRE PRO (6 LENS PACK),Intra State B2B,2004.5,2,1.89,0.11
2026-04-03,Ayudha Eye Care,Ayudha Eye Care,ASPIRE PRO MULTIFOCAL (3LENS PACK),ASPIRE PRO MULTIFOCAL (3LENS PACK),Intra State B2B,1588.25,2,1.88,0.12
2026-04-11,Ayudha Eye Care,Ayudha Eye Care,ASPIRE PRO TORIC (3 LENS PACK),ASPIRE PRO TORIC (3 LENS PACK),Intra State B2B,1094.75,2,2.02,-0.02
2026-04-13,Ayudha Eye Care,Ayudha Eye Care,ASPIRE PRO TORIC (3 LENS PACK),ASPIRE PRO TORIC (3 LENS PACK),Intra State B2B,1094.75,1,2.08,-1.08
2026-05-04,Ayudha Eye Care,Ayudha Eye Care,ASPIRE PRO TORIC (3 LENS PACK),ASPIRE PRO TORIC (3 LENS PACK),Intra State B2B,1094.75,2,2.08,-0.08
2026-05-21,Ayudha Eye Care,Ayudha Eye Care,ASPIRE PRO TORIC (3 LENS PACK),ASPIRE PRO TORIC (3 LENS PACK),Intra State B2B,1094.75,2,2.09,-0.09
2026-05-28,Ayudha Eye Care,Ayudha Eye Care,ASPIRE PRO TORIC (3 LENS PACK),ASPIRE PRO TORIC (3 LENS PACK),Intra State B2B,1094.75,2,2.14,-0.14
2026-06-02,Ayudha Eye Care,Ayudha Eye Care,ASPIRE PRO TORIC (3 LENS PACK),ASPIRE PRO TORIC (3 LENS PACK),Intra State B2B,1094.75,4,2.42,1.58
2026-06-10,Ayudha Eye Care,Ayudha Eye Care,ASPIRE PRO TORIC (3 LENS PACK),ASPIRE PRO TORIC (3 LENS PACK),Intra State B2B,1094.75,2,2.12,-0.12
2026-06-15,Ayudha Eye Care,Ayudha Eye Care,ASPIRE PRO TORIC (3 LENS PACK),ASPIRE PRO TORIC (3 LENS PACK),Intra State B2B,1094.75,4,2.12,1.88
2026-06-18,Ayudha Eye Care,Ayudha Eye Care,ASPIRE PRO TORIC (3 LENS PACK),ASPIRE PRO TORIC (3 LENS PACK),Intra State B2B,1094.75,2,2.21,-0.21
2026-05-25,BABAMANI ENTERPRISES Ngandla,BABAMANI ENTERPRISES Ngandla,RESIBOND GP 100 CLEAR 260 ML,RESIBOND GP 100 CLEAR 260 ML,Intra State B2B,99.37,72,71.89,0.11
2026-05-25,BABAMANI ENTERPRISES Ngandla,BABAMANI ENTERPRISES Ngandla,RESIBOND GP 100 WHITE 260 ML,RESIBOND GP 100 WHITE 260 ML,Intra State B2B,99.37,72,71.89,0.11
2026-05-25,BABAMANI ENTERPRISES Ngandla,BABAMANI ENTERPRISES Ngandla,VEGAQUICK 20 GM (S),VEGAQUICK 20 GM (S),Intra State B2B,32.06,120,119.79,0.21
2026-05-28,BHAGWATI PLYWOOD & HARDWARE,BHAGWATI PLYWOOD & HARDWARE,BONDSET FAST SETTING 25 GM,BONDSET FAST SETTING 25 GM,Intra State B2B,6.65,60,59.88,0.12
2026-05-28,BHAGWATI PLYWOOD & HARDWARE,BHAGWATI PLYWOOD & HARDWARE,BONDSET SANITARY UNDER WATER 25 GM,BONDSET SANITARY UNDER WATER 25 GM,Intra State B2B,11.15,60,59.88,0.12
2026-05-28,BHAGWATI PLYWOOD & HARDWARE,BHAGWATI PLYWOOD & HARDWARE,BONDTITE FAST & CLEAR 180 GM,BONDTITE FAST & CLEAR 180 GM,Intra State B2B,332.27,12,11.94,0.06
2026-05-28,BHAGWATI PLYWOOD & HARDWARE,BHAGWATI PLYWOOD & HARDWARE,BONDTITE FAST & CLEAR 270 GM,BONDTITE FAST & CLEAR 270 GM,Intra State B2B,453.75,4,2.14,1.86
2026-05-28,BHAGWATI PLYWOOD & HARDWARE,BHAGWATI PLYWOOD & HARDWARE,BONDTITE FAST & CLEAR 90 GM,BONDTITE FAST & CLEAR 90 GM,Intra State B2B,206.47,10,9.96,0.04
2026-05-28,BHAGWATI PLYWOOD & HARDWARE,BHAGWATI PLYWOOD & HARDWARE,RESIBOND NEUTRAL 3010 CLEAR 280 ML,RESIBOND NEUTRAL 3010 CLEAR 280 ML,Intra State B2B,140.4,24,24.0,0.0
2026-04-14,BL Agencies,BL Agencies,ASPIRE GO 30LENS PK - NEW,ASPIRE GO 30LENS PK - NEW,Tag71,1.0,3,2.1,0.9
2026-05-12,BL Agencies,BL Agencies,ASPIRE PRO (3 LENS PACK),ASPIRE PRO (3 LENS PACK),Intra State B2B,1040.75,1,2.02,-1.02
2026-05-19,BL Agencies,BL Agencies,ASPIRE PRO (3 LENS PACK),ASPIRE PRO (3 LENS PACK),Tag71,1.0,1,1.52,-0.52
2026-05-26,BL Agencies,BL Agencies,ASPIRE PRO MULTIFOCAL (3LENS PACK),ASPIRE PRO MULTIFOCAL (3LENS PACK),Intra State B2B,1588.25,2,1.94,0.06
2026-04-30,BL Agencies,BL Agencies,ASPIRE PRO TORIC (3 LENS PACK),ASPIRE PRO TORIC (3 LENS PACK),Intra State B2B,1094.75,2,2.45,-0.45
2026-05-12,BL Agencies,BL Agencies,ASPIRE PRO TORIC (3 LENS PACK),ASPIRE PRO TORIC (3 LENS PACK),Intra State B2B,1094.75,1,2.07,-1.07
2026-05-19,BL Agencies,BL Agencies,ASPIRE PRO TORIC (3 LENS PACK),ASPIRE PRO TORIC (3 LENS PACK),Intra State B2B,1094.75,2,2.07,-0.07
2026-05-25,BL Agencies,BL Agencies,ASPIRE PRO TORIC (3 LENS PACK),ASPIRE PRO TORIC (3 LENS PACK),Intra State B2B,1094.75,2,2.14,-0.14
2026-05-28,BL Agencies,BL Agencies,ASPIRE PRO TORIC (3 LENS PACK),ASPIRE PRO TORIC (3 LENS PACK),Intra State B2B,1094.75,2,2.14,-0.14
2026-04-23,BL Agencies,BL Agencies,Biofinity Energys  (3 lens pack) New,Biofinity Energys  (3 lens pack) New,Intra State B2B,1066.96,4,2.1,1.9
2026-06-22,BL Agencies,BL Agencies,Biofinity Energys New ( 3pk ),Biofinity Energys New ( 3pk ),Intra State B2B,1216.75,2,2.14,-0.14
2026-06-23,Bhagya Opticals- Chandanagar,Bhagya Opticals- Chandanagar,ASPIRE GO MAX 1DAY SPH 30LENS PK,ASPIRE GO MAX 1DAY SPH 30LENS PK,Intra State B2B,1414.0,2,2.04,-0.04
2026-04-29,Bhairav Opticals- Abids,Bhairav Opticals- Abids,ASPIRE PRO (6 LENS PACK),ASPIRE PRO (6 LENS PACK),Tag71,1.0,2,2.12,-0.12
2026-05-18,Bhairav Opticals- Abids,Bhairav Opticals- Abids,MY DAY (30 LENS PK),MY DAY (30 LENS PK),Intra State B2B,1803.25,1,1.8,-0.8
2026-06-17,Bhairav Opticals- Abids,Bhairav Opticals- Abids,MY DAY (30 LENS PK),MY DAY (30 LENS PK),Intra State B2B,1803.25,2,1.55,0.45
2026-04-27,Byramji Eye Hospital,Byramji Eye Hospital,ASPIRE PRO (3 LENS PACK),ASPIRE PRO (3 LENS PACK),Tag71,1093.0,1,2.05,-1.05
2026-04-27,Byramji Eye Hospital,Byramji Eye Hospital,ASPIRE PRO TORIC (3 LENS PACK),ASPIRE PRO TORIC (3 LENS PACK),Tag71,1149.0,1,2.1,-1.1
2026-06-20,Care Opticals W/M,Care Opticals W/M,ASPIRE PRO (6 LENS PACK),ASPIRE PRO (6 LENS PACK),Tag71,2105.0,2,1.79,0.21
2026-04-24,Care Opticals W/M,Care Opticals W/M,Biofinity XR 6 Lense pack (new),Biofinity XR 6 Lense pack (new),Tag71,2233.0,1,1.71,-0.71
2026-05-18,Chashmawalas,Chashmawalas,ASPIRE PRO (3 LENS PACK),ASPIRE PRO (3 LENS PACK),Intra State B2B,1040.75,2,2.02,-0.02
2026-05-18,Chashmawalas,Chashmawalas,ASPIRE PRO TORIC (3 LENS PACK),ASPIRE PRO TORIC (3 LENS PACK),Intra State B2B,1094.75,2,2.07,-0.07
2026-06-06,Chashmawalas,Chashmawalas,Biofinity Torics 3 Lens pack (new) XR,Biofinity Torics 3 Lens pack (new) XR,Intra State B2B,2477.75,2,1.82,0.18
2026-06-11,Chashmawalas,Chashmawalas,Biofinity XR 6 Lense pack (new),Biofinity XR 6 Lense pack (new),Intra State B2B,2126.25,1,1.95,-0.95
2026-05-04,Clear Sight Optician,Clear Sight Optician,ASPIRE AIR (3 LENS PACK),ASPIRE AIR (3 LENS PACK),Intra State B2B,698.5,1,1.57,-0.57
2026-04-07,Clear Sight Optician,Clear Sight Optician,ASPIRE PRO (3 LENS PACK),ASPIRE PRO (3 LENS PACK),Intra State B2B,1040.75,2,2.05,-0.05
2026-04-20,Clear Sight Optician,Clear Sight Optician,ASPIRE PRO (6 LENS PACK),ASPIRE PRO (6 LENS PACK),Tag71,1.0,2,2.1,-0.1
2026-05-18,Clear Sight Optician,Clear Sight Optician,ASPIRE PRO (6 LENS PACK),ASPIRE PRO (6 LENS PACK),Tag71,1.0,2,2.08,-0.08
2026-04-07,Clear Sight Optician,Clear Sight Optician,ASPIRE PRO MULTIFOCAL (3LENS PACK),ASPIRE PRO MULTIFOCAL (3LENS PACK),Intra State B2B,1588.25,2,1.95,0.05
2026-06-16,Clear Sight Optician,Clear Sight Optician,ASPIRE PRO MULTIFOCAL (3LENS PACK),ASPIRE PRO MULTIFOCAL (3LENS PACK),Intra State B2B,1588.25,1,1.92,-0.92
2026-06-16,Clear Sight Optician,Clear Sight Optician,ASPIRE PRO MULTIFOCAL TRIAL 1LENS PK,ASPIRE PRO MULTIFOCAL TRIAL 1LENS PK,Intra State B2B,1.0,2,2.08,-0.08
2026-04-08,Clear Sight Optician,Clear Sight Optician,ASPIRE PRO TORIC (3 LENS PACK),ASPIRE PRO TORIC (3 LENS PACK),Intra State B2B,1094.75,4,2.1,1.9
2026-04-11,Clear Sight Optician,Clear Sight Optician,ASPIRE PRO TORIC (3 LENS PACK),ASPIRE PRO TORIC (3 LENS PACK),Intra State B2B,1094.75,2,2.18,-0.18
2026-05-18,Clear Sight Optician,Clear Sight Optician,ASPIRE PRO TORIC (3 LENS PACK),ASPIRE PRO TORIC (3 LENS PACK),Intra State B2B,1094.75,2,2.32,-0.32
2026-06-01,Clear Sight Optician,Clear Sight Optician,ASPIRE PRO TORIC (3 LENS PACK),ASPIRE PRO TORIC (3 LENS PACK),Intra State B2B,1094.75,2,2.51,-0.51
2026-06-17,Clear Sight Optician,Clear Sight Optician,ASPIRE PRO TORIC (3 LENS PACK),ASPIRE PRO TORIC (3 LENS PACK),Intra State B2B,1094.75,8,7.9,0.1
2026-06-19,Clear Sight Optician,Clear Sight Optician,ASPIRE PRO TORIC (3 LENS PACK),ASPIRE PRO TORIC (3 LENS PACK),Intra State B2B,1094.75,2,2.6,-0.6
2026-05-15,Clear Sight Optician,Clear Sight Optician,Biotrue Solu - 60ml,Biotrue Solu - 60ml,Intra State B2B,141.9,36,35.76,0.24
2026-04-03,Clear Sight Optician,Clear Sight Optician,MY DAY (30 LENS PK),MY DAY (30 LENS PK),Tag71,1.0,1,2.01,-1.01
2026-05-30,Clear Sight Optician,Clear Sight Optician,MY DAY (30 LENS PK),MY DAY (30 LENS PK),Tag71,1.0,4,2.0,2.0
2026-06-09,Clear Sight Optician,Clear Sight Optician,MY DAY (30 LENS PK),MY DAY (30 LENS PK),Tag71,1.0,2,2.23,-0.23
2026-06-12,Clear Sight Optician,Clear Sight Optician,MY DAY (30 LENS PK),MY DAY (30 LENS PK),Tag71,1.0,1,2.03,-1.03
2026-06-23,Clear Sight Optician,Clear Sight Optician,MY DAY (30 LENS PK),MY DAY (30 LENS PK),Tag71,1.0,4,2.17,1.83
2026-04-14,Clear Sight Optician,Clear Sight Optician,MY DAY TORIC (30 LENS PK),MY DAY TORIC (30 LENS PK),Intra State B2B,1943.25,2,1.81,0.19
2026-04-14,Clear Sight Optician,Clear Sight Optician,MY DAY TORIC (30 LENS PK),MY DAY TORIC (30 LENS PK),Intra State B2B,1.0,4,2.77,1.23
2026-05-04,Clear Sight Optician,Clear Sight Optician,MY DAY TORIC (30 LENS PK),MY DAY TORIC (30 LENS PK),Intra State B2B,1943.25,2,2.07,-0.07
2026-06-23,Clear Sight Optician,Clear Sight Optician,MY DAY TORIC (30 LENS PK),MY DAY TORIC (30 LENS PK),Intra State B2B,1943.25,4,1.97,2.03
2026-06-23,Clear Sight Optician,Clear Sight Optician,MY DAY TORIC TRAIL 1PK,MY DAY TORIC TRAIL 1PK,Intra State B2B,1.0,5,2.07,2.93
2026-05-30,Clear Sight Optician,Clear Sight Optician,MY DAY TORIC TRAIL 5PK,MY DAY TORIC TRAIL 5PK,Tag71,1.0,26,25.77,0.23
2026-06-23,Clear Sight Optician,Clear Sight Optician,MY DAY TRAIL 1PK,MY DAY TRAIL 1PK,Intra State B2B,1.0,5,2.07,2.93
2026-05-11,Complaint Lenses to company,Complaint Lenses to company,ASPIRE AIR (6 LENS PACK) New,ASPIRE AIR (6 LENS PACK) New,Tag71,1.0,1,1.89,-0.89
2026-05-11,Complaint Lenses to company,Complaint Lenses to company,ASPIRE AIR TORIC (3 LENS PACK),ASPIRE AIR TORIC (3 LENS PACK),Tag71,1.0,3,2.08,0.92
2026-05-11,Complaint Lenses to company,Complaint Lenses to company,ASPIRE GO 30LENS PK - NEW,ASPIRE GO 30LENS PK - NEW,Tag71,1.0,2,2.08,-0.08
2026-05-11,Complaint Lenses to company,Complaint Lenses to company,ASPIRE GO MAX 1DAY M.F 30LENS PK,ASPIRE GO MAX 1DAY M.F 30LENS PK,Tag71,1.0,2,2.08,-0.08
2026-05-11,Complaint Lenses to company,Complaint Lenses to company,ASPIRE GO MAX 1DAY TORIC 30LENS PK,ASPIRE GO MAX 1DAY TORIC 30LENS PK,Tag71,1.0,5,2.08,2.92
2026-05-11,Complaint Lenses to company,Complaint Lenses to company,ASPIRE PRO (3 LENS PACK),ASPIRE PRO (3 LENS PACK),Tag71,1.0,4,2.08,1.92
2026-05-11,Complaint Lenses to company,Complaint Lenses to company,ASPIRE PRO (6 LENS PACK),ASPIRE PRO (6 LENS PACK),Tag71,1.0,7,6.79,0.21
2026-05-11,Complaint Lenses to company,Complaint Lenses to company,ASPIRE PRO MULTIFOCAL (3LENS PACK),ASPIRE PRO MULTIFOCAL (3LENS PACK),Tag71,1.0,2,2.08,-0.08
2026-05-11,Complaint Lenses to company,Complaint Lenses to company,ASPIRE PRO TORIC (3 LENS PACK),ASPIRE PRO TORIC (3 LENS PACK),Tag71,1.0,28,27.8,0.2
2026-05-11,Complaint Lenses to company,Complaint Lenses to company,Biofinity Torics 3 Lens pack (new) XR,Biofinity Torics 3 Lens pack (new) XR,Tag71,1.0,11,10.91,0.09
2026-04-20,Counter Sales,Counter Sales,ACUVUE OASYS 6pk,ACUVUE OASYS 6pk,Tag71,1581.0,1,1.47,-0.47
2026-04-09,Counter Sales,Counter Sales,ASPIRE AIR TORIC (3 LENS PACK),ASPIRE AIR TORIC (3 LENS PACK),Tag71,835.0,4,2.05,1.95
2026-05-06,Counter Sales,Counter Sales,ASPIRE AIR TORIC (3 LENS PACK),ASPIRE AIR TORIC (3 LENS PACK),Tag71,1295.0,4,2.19,1.81
2026-04-09,Counter Sales,Counter Sales,ASPIRE GO MAX 1DAY M.F 30LENS PK,ASPIRE GO MAX 1DAY M.F 30LENS PK,Tag71,2190.0,2,1.89,0.11
2026-05-09,Counter Sales,Counter Sales,ASPIRE GO MAX 1DAY TORIC 30LENS PK,ASPIRE GO MAX 1DAY TORIC 30LENS PK,Tag71,1754.0,1,1.76,-0.76
2026-05-19,Counter Sales,Counter Sales,ASPIRE PRO (3 LENS PACK),ASPIRE PRO (3 LENS PACK),Tag71,1093.0,2,2.02,-0.02
2026-05-11,Counter Sales,Counter Sales,ASPIRE PRO (6 LENS PACK),ASPIRE PRO (6 LENS PACK),Tag71,3275.0,1,1.78,-0.78
2026-06-05,Counter Sales,Counter Sales,ASPIRE PRO (6 LENS PACK),ASPIRE PRO (6 LENS PACK),Tag71,2105.0,2,1.11,0.89
2026-06-19,Counter Sales,Counter Sales,ASPIRE PRO MULTIFOCAL (3LENS PACK),ASPIRE PRO MULTIFOCAL (3LENS PACK),Tag71,1885.0,4,1.79,2.21
2026-04-14,Counter Sales,Counter Sales,ASPIRE PRO TORIC (3 LENS PACK),ASPIRE PRO TORIC (3 LENS PACK),Tag71,1149.0,2,2.08,-0.08
2026-04-27,Counter Sales,Counter Sales,ASPIRE PRO TORIC (3 LENS PACK),ASPIRE PRO TORIC (3 LENS PACK),Tag71,1149.0,2,2.1,-0.1
2026-05-22,Counter Sales,Counter Sales,ASPIRE PRO TORIC (3 LENS PACK),ASPIRE PRO TORIC (3 LENS PACK),Tag71,1149.0,2,2.04,-0.04
2026-06-20,Counter Sales,Counter Sales,ASPIRE PRO TORIC (3 LENS PACK),ASPIRE PRO TORIC (3 LENS PACK),Tag71,1149.0,1,2.07,-1.07
2026-04-09,Counter Sales,Counter Sales,ASPIRE PRO TRAIL (1 LENS PACK),ASPIRE PRO TRAIL (1 LENS PACK),Tag71,1.0,14,13.94,0.06
2026-05-11,Counter Sales,Counter Sales,ASPIRE PRO TRAIL (1 LENS PACK),ASPIRE PRO TRAIL (1 LENS PACK),Tag71,1.0,2,2.29,-0.29
2026-04-09,Counter Sales,Counter Sales,Acuvue Oasys With Hydraluxe,Acuvue Oasys With Hydraluxe,Tag71,2159.0,1,1.9,-0.9
2026-04-17,Counter Sales,Counter Sales,Acuvue Vita For Astigmatism,Acuvue Vita For Astigmatism,Tag71,2159.0,1,1.77,-0.77
2026-05-12,Counter Sales,Counter Sales,Biofinity Energys New ( 3pk ),Biofinity Energys New ( 3pk ),Tag71,1278.0,1,2.07,-1.07
2026-04-09,Counter Sales,Counter Sales,Biofinity Torics 3 Lens pack (new) XR,Biofinity Torics 3 Lens pack (new) XR,Tag71,2701.0,2,1.87,0.13
2026-04-09,Counter Sales,Counter Sales,Biofinity XR 6 Lense pack (new),Biofinity XR 6 Lense pack (new),Tag71,2333.0,1,1.81,-0.81
2026-06-18,Counter Sales,Counter Sales,Biofinity XR 6 Lense pack (new),Biofinity XR 6 Lense pack (new),Tag71,2233.0,1,1.63,-0.63
2026-05-06,Counter Sales,Counter Sales,Biotrue Solu - 60ml,Biotrue Solu - 60ml,Tag71,190.0,1,2.06,-1.06
2026-05-11,Counter Sales,Counter Sales,Biotrue Solu - 60ml,Biotrue Solu - 60ml,Tag71,190.0,1,1.75,-0.75
2026-05-16,Counter Sales,Counter Sales,Cooper BackPack,Cooper BackPack,Tag71,1.0,25,24.75,0.25
2026-05-21,Counter Sales,Counter Sales,Cooper BackPack,Cooper BackPack,Tag71,1.0,20,19.86,0.14
2026-06-19,Counter Sales,Counter Sales,Cooper BackPack,Cooper BackPack,Tag71,1.0,1,2.63,-1.63
2026-05-16,Counter Sales,Counter Sales,Cooper Luggage Bag,Cooper Luggage Bag,Tag71,1.0,4,2.03,1.97
2026-05-19,Counter Sales,Counter Sales,Cooper Luggage Bag,Cooper Luggage Bag,Tag71,1.0,1,2.27,-1.27
2026-05-21,Counter Sales,Counter Sales,Cooper Luggage Bag,Cooper Luggage Bag,Tag71,1.0,3,2.44,0.56
2026-05-21,Counter Sales,Counter Sales,Cooper Luggage Bag,Cooper Luggage Bag,Tag71,1.0,2,2.16,-0.16
2026-05-21,Counter Sales,Counter Sales,Cooper Luggage Bag,Cooper Luggage Bag,Tag71,1.0,2,2.22,-0.22
2026-05-29,Counter Sales,Counter Sales,Cooper Luggage Bag,Cooper Luggage Bag,Tag71,1.0,2,2.22,-0.22
2026-06-16,Counter Sales,Counter Sales,Cooper Luggage Bag,Cooper Luggage Bag,Tag71,1.0,1,2.16,-1.16
2026-06-11,Counter Sales,Counter Sales,MY DAY (30 LENS PK),MY DAY (30 LENS PK),Tag71,1894.0,1,1.85,-0.85
2026-05-14,Counter Sales,Counter Sales,MY DAY TORIC (30 LENS PK),MY DAY TORIC (30 LENS PK),Tag71,2040.0,2,1.8,0.2
2026-06-11,Counter Sales,Counter Sales,MY DAY TORIC (30 LENS PK),MY DAY TORIC (30 LENS PK),Tag71,2040.5,1,1.85,-0.85
2026-05-02,Counter Sales,Counter Sales,RGB PREPRAZOR,RGB PREPRAZOR,Tag71,12.6,50,49.87,0.13
2026-04-28,Counter Sales,Counter Sales,Safe AQ Max I Meter,Safe AQ Max I Meter,Tag71,1.0,1,2.29,-1.29
2026-04-28,Counter Sales,Counter Sales,Safe AQ Max I Meter,Safe AQ Max I Meter,Tag71,1.0,2,2.0,0.0
2026-04-28,Counter Sales,Counter Sales,Safe AQ Max I Strips Vial 100s,Safe AQ Max I Strips Vial 100s,Tag71,1.0,1,2.29,-1.29
2026-04-28,Counter Sales,Counter Sales,Safe AQ Max III 25s Foil,Safe AQ Max III 25s Foil,Tag71,1.0,1,2.29,-1.29
2026-04-28,Counter Sales,Counter Sales,Twist Sinodraw Lancet 28G 50s,Twist Sinodraw Lancet 28G 50s,Tag71,1.0,1,2.29,-1.29
2026-06-11,Crystal Vision Center - Abids,Crystal Vision Center - Abids,ASPIRE AIR (3 LENS PACK),ASPIRE AIR (3 LENS PACK),Tag71,733.5,1,1.56,-0.56
2026-04-16,Crystal Vision Center - Abids,Crystal Vision Center - Abids,ASPIRE AIR (6 LENS PACK) New,ASPIRE AIR (6 LENS PACK) New,Tag71,1384.0,2,1.75,0.25
2026-05-11,Crystal Vision Center - Abids,Crystal Vision Center - Abids,ASPIRE AIR (6 LENS PACK) New,ASPIRE AIR (6 LENS PACK) New,Tag71,1384.0,1,1.73,-0.73
2026-05-19,Crystal Vision Center - Abids,Crystal Vision Center - Abids,ASPIRE AIR (6 LENS PACK) New,ASPIRE AIR (6 LENS PACK) New,Tag71,1384.0,1,1.73,-0.73
2026-06-11,Crystal Vision Center - Abids,Crystal Vision Center - Abids,ASPIRE AIR (6 LENS PACK) New,ASPIRE AIR (6 LENS PACK) New,Tag71,1384.5,1,1.6,-0.6
2026-04-07,Crystal Vision Center - Abids,Crystal Vision Center - Abids,ASPIRE AIR TORIC (3 LENS PACK),ASPIRE AIR TORIC (3 LENS PACK),Tag71,835.0,8,7.84,0.16
2026-05-14,Crystal Vision Center - Abids,Crystal Vision Center - Abids,ASPIRE AIR TORIC (3 LENS PACK),ASPIRE AIR TORIC (3 LENS PACK),Tag71,835.0,2,2.18,-0.18
2026-06-02,Crystal Vision Center - Abids,Crystal Vision Center - Abids,ASPIRE AIR TORIC (3 LENS PACK),ASPIRE AIR TORIC (3 LENS PACK),Tag71,835.0,2,2.72,-0.72
2026-06-11,Crystal Vision Center - Abids,Crystal Vision Center - Abids,ASPIRE AIR TORIC (3 LENS PACK),ASPIRE AIR TORIC (3 LENS PACK),Tag71,835.0,1,2.45,-1.45
2026-06-17,Crystal Vision Center - Abids,Crystal Vision Center - Abids,ASPIRE AIR TORIC (3 LENS PACK),ASPIRE AIR TORIC (3 LENS PACK),Tag71,835.0,2,2.57,-0.57
2026-06-20,Crystal Vision Center - Abids,Crystal Vision Center - Abids,ASPIRE AIR TRAIL (1 LENS PACK),ASPIRE AIR TRAIL (1 LENS PACK),Tag71,1.0,46,45.8,0.2
2026-05-11,Crystal Vision Center - Abids,Crystal Vision Center - Abids,ASPIRE GO MAX 1DAY SPH 30LENS PK,ASPIRE GO MAX 1DAY SPH 30LENS PK,Tag71,1481.0,2,2.08,-0.08
2026-04-10,Crystal Vision Center - Abids,Crystal Vision Center - Abids,ASPIRE PRO (6 LENS PACK),ASPIRE PRO (6 LENS PACK),Tag71,2105.0,1,1.77,-0.77
2026-06-20,Crystal Vision Center - Abids,Crystal Vision Center - Abids,ASPIRE PRO (6 LENS PACK),ASPIRE PRO (6 LENS PACK),Tag71,2105.0,2,1.49,0.51
2026-06-11,Crystal Vision Center - Abids,Crystal Vision Center - Abids,ASPIRE PRO MULTIFOCAL (3LENS PACK),ASPIRE PRO MULTIFOCAL (3LENS PACK),Tag71,1667.5,2,1.92,0.08
2026-04-07,Crystal Vision Center - Abids,Crystal Vision Center - Abids,ASPIRE PRO TORIC (3 LENS PACK),ASPIRE PRO TORIC (3 LENS PACK),Tag71,1149.0,2,2.1,-0.1
2026-04-21,Crystal Vision Center - Abids,Crystal Vision Center - Abids,ASPIRE PRO TORIC (3 LENS PACK),ASPIRE PRO TORIC (3 LENS PACK),Tag71,1149.0,2,2.1,-0.1
2026-05-15,Crystal Vision Center - Abids,Crystal Vision Center - Abids,ASPIRE PRO TORIC (3 LENS PACK),ASPIRE PRO TORIC (3 LENS PACK),Tag71,1149.0,2,1.99,0.01
2026-05-19,Crystal Vision Center - Abids,Crystal Vision Center - Abids,ASPIRE PRO TORIC (3 LENS PACK),ASPIRE PRO TORIC (3 LENS PACK),Tag71,1149.0,2,2.07,-0.07
2026-06-11,Crystal Vision Center - Abids,Crystal Vision Center - Abids,ASPIRE PRO TORIC (3 LENS PACK),ASPIRE PRO TORIC (3 LENS PACK),Tag71,1150.0,2,2.12,-0.12
2026-06-12,Crystal Vision Center - Abids,Crystal Vision Center - Abids,ASPIRE PRO TORIC (3 LENS PACK),ASPIRE PRO TORIC (3 LENS PACK),Tag71,1150.0,2,2.07,-0.07
2026-06-13,Crystal Vision Center - Abids,Crystal Vision Center - Abids,ASPIRE PRO TORIC (3 LENS PACK),ASPIRE PRO TORIC (3 LENS PACK),Tag71,1150.0,3,2.07,0.93
2026-06-16,Crystal Vision Center - Abids,Crystal Vision Center - Abids,ASPIRE PRO TORIC (3 LENS PACK),ASPIRE PRO TORIC (3 LENS PACK),Tag71,1149.0,1,2.12,-1.12
2026-05-27,Crystal Vision Center - Abids,Crystal Vision Center - Abids,Biofinity Energys New ( 3pk ),Biofinity Energys New ( 3pk ),Tag71,1278.0,2,2.14,-0.14
2026-05-21,Crystal Vision Center - Abids,Crystal Vision Center - Abids,Biofinity XR 6 Lense pack (new),Biofinity XR 6 Lense pack (new),Tag71,2233.0,1,1.82,-0.82
2026-06-11,Crystal Vision Center - Abids,Crystal Vision Center - Abids,Biofinity XR 6 Lense pack (new),Biofinity XR 6 Lense pack (new),Tag71,2233.0,4,1.62,2.38
2026-06-04,Crystal Vision Center - Abids,Crystal Vision Center - Abids,Biomedics Now ( 6pk ) New,Biomedics Now ( 6pk ) New,Tag71,1012.0,2,2.1,-0.1
2026-06-20,Crystal Vision Center - Abids,Crystal Vision Center - Abids,MY DAY TRAIL 1PK,MY DAY TRAIL 1PK,Tag71,1.0,32,30.77,1.23
2026-04-11,Crystal Vision Center - Abids,Crystal Vision Center - Abids,Proclear 6 Lens pack(New),Proclear 6 Lens pack(New),Tag71,1022.0,2,1.89,0.11
2026-05-21,Crystal Vision Center - Abids,Crystal Vision Center - Abids,Proclear 6 Lens pack(New),Proclear 6 Lens pack(New),Tag71,1022.0,1,1.96,-0.96
2026-04-30,Crystal vision eye care--Madhapur,Crystal vision eye care--Madhapur,ASPIRE AIR (6 LENS PACK) New,ASPIRE AIR (6 LENS PACK) New,Intra State B2B,1.0,8,7.97,0.03
2026-04-30,Crystal vision eye care--Madhapur,Crystal vision eye care--Madhapur,ASPIRE AIR (6 LENS PACK) New,ASPIRE AIR (6 LENS PACK) New,Intra State B2B,1318.5,24,23.9,0.1
2026-05-02,Crystal vision eye care--Madhapur,Crystal vision eye care--Madhapur,ASPIRE AIR (6 LENS PACK) New,ASPIRE AIR (6 LENS PACK) New,Tag71,1.0,1,1.85,-0.85
2026-05-05,Crystal vision eye care--Madhapur,Crystal vision eye care--Madhapur,ASPIRE AIR TORIC (3 LENS PACK),ASPIRE AIR TORIC (3 LENS PACK),Intra State B2B,795.0,4,2.09,1.91
2026-05-19,Crystal vision eye care--Madhapur,Crystal vision eye care--Madhapur,ASPIRE AIR TORIC (3 LENS PACK),ASPIRE AIR TORIC (3 LENS PACK),Intra State B2B,795.0,2,2.24,-0.24
2026-06-05,Crystal vision eye care--Madhapur,Crystal vision eye care--Madhapur,ASPIRE PRO (6 LENS PACK),ASPIRE PRO (6 LENS PACK),Intra State B2B,2004.5,2,1.83,0.17
2026-06-09,Crystal vision eye care--Madhapur,Crystal vision eye care--Madhapur,ASPIRE PRO (6 LENS PACK),ASPIRE PRO (6 LENS PACK),Intra State B2B,2004.5,1,1.94,-0.94
2026-06-11,Crystal vision eye care--Madhapur,Crystal vision eye care--Madhapur,ASPIRE PRO (6 LENS PACK),ASPIRE PRO (6 LENS PACK),Intra State B2B,2004.5,1,1.94,-0.94
2026-04-03,Crystal vision eye care--Madhapur,Crystal vision eye care--Madhapur,ASPIRE PRO TORIC (3 LENS PACK),ASPIRE PRO TORIC (3 LENS PACK),Intra State B2B,1094.75,2,2.15,-0.15
2026-04-11,Crystal vision eye care--Madhapur,Crystal vision eye care--Madhapur,ASPIRE PRO TORIC (3 LENS PACK),ASPIRE PRO TORIC (3 LENS PACK),Intra State B2B,1094.75,2,2.14,-0.14
2026-04-20,Crystal vision eye care--Madhapur,Crystal vision eye care--Madhapur,ASPIRE PRO TORIC (3 LENS PACK),ASPIRE PRO TORIC (3 LENS PACK),Intra State B2B,1094.75,2,2.23,-0.23
2026-06-09,Crystal vision eye care--Madhapur,Crystal vision eye care--Madhapur,ASPIRE PRO TORIC (3 LENS PACK),ASPIRE PRO TORIC (3 LENS PACK),Intra State B2B,1094.75,2,2.18,-0.18
2026-04-03,Crystal vision eye care--Madhapur,Crystal vision eye care--Madhapur,ASPIRE PRO TRAIL (1 LENS PACK),ASPIRE PRO TRAIL (1 LENS PACK),Intra State B2B,1.0,6,2.26,3.74
2026-06-01,Crystal vision eye care--Madhapur,Crystal vision eye care--Madhapur,Biofinity XR 6 Lense pack (new),Biofinity XR 6 Lense pack (new),Intra State B2B,2126.25,1,2.13,-1.13
2026-06-11,Crystal vision eye care--Madhapur,Crystal vision eye care--Madhapur,Biofinity XR 6 Lense pack (new),Biofinity XR 6 Lense pack (new),Intra State B2B,2126.25,1,1.72,-0.72
2026-04-10,Crystal vision eye care--Madhapur,Crystal vision eye care--Madhapur,MY DAY (30 LENS PK),MY DAY (30 LENS PK),Intra State B2B,1803.25,24,23.66,0.34
2026-04-10,Crystal vision eye care--Madhapur,Crystal vision eye care--Madhapur,MY DAY (30 LENS PK),MY DAY (30 LENS PK),Intra State B2B,1.0,8,7.85,0.15
2026-06-01,Crystal vision eye care--Madhapur,Crystal vision eye care--Madhapur,MY DAY (30 LENS PK),MY DAY (30 LENS PK),Tag71,1.0,2,2.77,-0.77
2026-04-29,Crystal vision eye care--Madhapur,Crystal vision eye care--Madhapur,MY DAY TORIC (30 LENS PK),MY DAY TORIC (30 LENS PK),Intra State B2B,1943.25,2,1.98,0.02
2026-06-10,Crystal vision eye care--Madhapur,Crystal vision eye care--Madhapur,MY DAY TORIC (30 LENS PK),MY DAY TORIC (30 LENS PK),Intra State B2B,1943.25,2,1.91,0.09
2026-06-13,Crystal vision eye care--Madhapur,Crystal vision eye care--Madhapur,MY DAY TORIC (30 LENS PK),MY DAY TORIC (30 LENS PK),Intra State B2B,1943.25,2,1.78,0.22
2026-06-22,Crystal vision eye care--Madhapur,Crystal vision eye care--Madhapur,MY DAY TORIC (30 LENS PK),MY DAY TORIC (30 LENS PK),Intra State B2B,1943.25,1,1.93,-0.93
2026-06-19,DEVENDER GLASS PLYWOOD HARDWARE,DEVENDER GLASS PLYWOOD HARDWARE,RESIBOND GP 100 BLACK 260 ML,RESIBOND GP 100 BLACK 260 ML,Intra State B2B,99.37,24,23.91,0.09
2026-06-19,DEVENDER GLASS PLYWOOD HARDWARE,DEVENDER GLASS PLYWOOD HARDWARE,RESIBOND GP 100 CLEAR 260 ML,RESIBOND GP 100 CLEAR 260 ML,Intra State B2B,99.37,24,24.0,0.0
2026-06-19,DEVENDER GLASS PLYWOOD HARDWARE,DEVENDER GLASS PLYWOOD HARDWARE,RESIBOND NEUTRAL 3010 CLEAR 280 ML,RESIBOND NEUTRAL 3010 CLEAR 280 ML,Intra State B2B,140.4,24,23.99,0.01
2026-06-15,DOLPHIN OPTICALS,DOLPHIN OPTICALS,ASPIRE PRO (6 LENS PACK),ASPIRE PRO (6 LENS PACK),Inter State B2B,2004.5,1,2.07,-1.07
2026-06-15,DOLPHIN OPTICALS,DOLPHIN OPTICALS,ASPIRE PRO TORIC (3 LENS PACK),ASPIRE PRO TORIC (3 LENS PACK),Inter State B2B,1094.75,2,2.18,-0.18
2026-06-20,DOLPHIN OPTICALS,DOLPHIN OPTICALS,ASPIRE PRO TORIC (3 LENS PACK),ASPIRE PRO TORIC (3 LENS PACK),Inter State B2B,1094.75,4,2.1,1.9
2026-05-25,Deepak Power Tools  KP,Deepak Power Tools  KP,BONDTITE FAST & CLEAR 1 KG (S),BONDTITE FAST & CLEAR 1 KG (S),Tag71,1471.57,10,10.08,-0.08
2026-05-25,Deepak Power Tools  KP,Deepak Power Tools  KP,BONDTITE FAST & CLEAR 270 GM,BONDTITE FAST & CLEAR 270 GM,Tag71,535.43,12,12.0,0.0
2026-05-25,Deepak Power Tools  KP,Deepak Power Tools  KP,BONDTITE FAST & CLEAR 450 GM (S),BONDTITE FAST & CLEAR 450 GM (S),Tag71,793.28,10,10.02,-0.02
2026-06-16,Deepak Power Tools  KP,Deepak Power Tools  KP,BONDTITE SUPER STRENGTH 450 GM (S),BONDTITE SUPER STRENGTH 450 GM (S),Tag71,407.17,10,10.0,0.0
2026-05-25,Deepak Power Tools  KP,Deepak Power Tools  KP,VEGAQUICK 20 GM (S),VEGAQUICK 20 GM (S),Tag71,37.83,120,119.79,0.21
2026-05-25,Deepak Power Tools  KP,Deepak Power Tools  KP,VETRA LV (401) 20 GM (SCHEME),VETRA LV (401) 20 GM (SCHEME),Tag71,52.4,60,59.91,0.09
2026-05-25,Deepak Power Tools  KP,Deepak Power Tools  KP,VETRA SUPERFIX HV 703 125 GM,VETRA SUPERFIX HV 703 125 GM,Tag71,213.31,6,3.72,2.28
2026-06-18,Dr Venkat Rao,Dr Venkat Rao,ASPIRE GO MAX 1DAY M.F 30LENS PK,ASPIRE GO MAX 1DAY M.F 30LENS PK,Tag71,2190.0,1,1.94,-0.94
2026-06-18,Dr Venkat Rao,Dr Venkat Rao,ASPIRE PRO TORIC (3 LENS PACK),ASPIRE PRO TORIC (3 LENS PACK),Tag71,1149.0,4,2.18,1.82
2026-04-30,Dr Venkat Rao,Dr Venkat Rao,Biofinity Torics 3 Lens pack (new) XR,Biofinity Torics 3 Lens pack (new) XR,Tag71,2750.0,4,2.81,1.19
2026-06-05,EN Vision Lasik Eye Center,EN Vision Lasik Eye Center,ASPIRE GO MAX 1DAY SPH 30LENS PK,ASPIRE GO MAX 1DAY SPH 30LENS PK,Tag71,1481.5,24,23.85,0.15
2026-06-05,EN Vision Lasik Eye Center,EN Vision Lasik Eye Center,ASPIRE GO MAX 1DAY SPH 30LENS PK,ASPIRE GO MAX 1DAY SPH 30LENS PK,Tag71,1.0,8,7.6,0.4
2026-06-09,EYE VALUE - Gachibowli,EYE VALUE - Gachibowli,ASPIRE AIR (6 LENS PACK) New,ASPIRE AIR (6 LENS PACK) New,Tag71,1.0,4,1.95,2.05
2026-04-09,Elite Eye Hospital - Nallagandla,Elite Eye Hospital - Nallagandla,ASPIRE PRO TORIC (3 LENS PACK),ASPIRE PRO TORIC (3 LENS PACK),B2C Small,1094.75,2,2.25,-0.25
2026-04-24,Elite Eye Hospital - Nallagandla,Elite Eye Hospital - Nallagandla,MY DAY (30 LENS PK),MY DAY (30 LENS PK),B2C Small,1803.25,2,1.96,0.04
2026-04-25,Elite Eye Hospital - Nallagandla,Elite Eye Hospital - Nallagandla,MY DAY (30 LENS PK),MY DAY (30 LENS PK),B2C Small,1803.25,2,1.96,0.04
2026-05-21,Elite Eye Hospital - Nallagandla,Elite Eye Hospital - Nallagandla,MY DAY (30 LENS PK),MY DAY (30 LENS PK),B2C Small,1803.25,1,2.06,-1.06
2026-05-11,Expiry Stocks to Company,Expiry Stocks to Company,ASPIRE AIR (6 LENS PACK) New,ASPIRE AIR (6 LENS PACK) New,Tag71,1.0,5,1.95,3.05
2026-05-11,Expiry Stocks to Company,Expiry Stocks to Company,ASPIRE GO MAX 1DAY SPH 30LENS PK,ASPIRE GO MAX 1DAY SPH 30LENS PK,Tag71,1.0,4,2.14,1.86
2026-05-11,Expiry Stocks to Company,Expiry Stocks to Company,ASPIRE GO MAX 1DAY TORIC 30LENS PK,ASPIRE GO MAX 1DAY TORIC 30LENS PK,Tag71,1.0,1,2.14,-1.14
2026-05-11,Expiry Stocks to Company,Expiry Stocks to Company,ASPIRE PRO (3 LENS PACK),ASPIRE PRO (3 LENS PACK),Tag71,1.0,57,56.82,0.18
2026-05-11,Expiry Stocks to Company,Expiry Stocks to Company,ASPIRE PRO TORIC (3 LENS PACK),ASPIRE PRO TORIC (3 LENS PACK),Tag71,1.0,13,12.98,0.02
2026-05-11,Expiry Stocks to Company,Expiry Stocks to Company,Biofinity Energys New ( 3pk ),Biofinity Energys New ( 3pk ),Tag71,1.0,2,2.24,-0.24
2026-05-11,Expiry Stocks to Company,Expiry Stocks to Company,Biomedics Now ( 6pk ) New,Biomedics Now ( 6pk ) New,Tag71,1.0,37,36.9,0.1
2026-05-11,Expiry Stocks to Company,Expiry Stocks to Company,Biomedics Now (1lens Pk),Biomedics Now (1lens Pk),Tag71,1.0,31,30.9,0.1
2026-04-13,Eye 2 Eye Opticals KPHB,Eye 2 Eye Opticals KPHB,ASPIRE PRO MULTIFOCAL (3LENS PACK),ASPIRE PRO MULTIFOCAL (3LENS PACK),Tag71,1668.0,8,7.84,0.16
2026-05-27,Eye Care Hyderabad Super Speciality Eye Hospital,Eye Care Hyderabad Super Speciality Eye Hospital,ASPIRE GO MAX 1DAY M.F 30LENS PK,ASPIRE GO MAX 1DAY M.F 30LENS PK,Tag71,2190.0,1,1.96,-0.96
2026-04-09,Eye Care Hyderabad Super Speciality Eye Hospital,Eye Care Hyderabad Super Speciality Eye Hospital,ASPIRE GO MAX 1DAY SPH 30LENS PK,ASPIRE GO MAX 1DAY SPH 30LENS PK,Tag71,1481.0,3,2.19,0.81
2026-05-23,Eye Care Hyderabad Super Speciality Eye Hospital,Eye Care Hyderabad Super Speciality Eye Hospital,ASPIRE GO MAX 1DAY SPH 30LENS PK,ASPIRE GO MAX 1DAY SPH 30LENS PK,Tag71,1481.0,4,2.24,1.76
2026-06-02,Eye Care Hyderabad Super Speciality Eye Hospital,Eye Care Hyderabad Super Speciality Eye Hospital,ASPIRE GO MAX 1DAY SPH 30LENS PK,ASPIRE GO MAX 1DAY SPH 30LENS PK,Tag71,1481.0,10,10.28,-0.28
2026-05-27,Eye Care Hyderabad Super Speciality Eye Hospital,Eye Care Hyderabad Super Speciality Eye Hospital,ASPIRE PRO TORIC (3 LENS PACK),ASPIRE PRO TORIC (3 LENS PACK),Tag71,1149.0,1,2.2,-1.2
2026-05-21,Eye Care Opticals {Motinagar),Eye Care Opticals {Motinagar),ASPIRE GO MAX 1DAY TORIC 30LENS PK,ASPIRE GO MAX 1DAY TORIC 30LENS PK,Tag71,1754.0,2,1.96,0.04
2026-04-03,Eye Needs - Chandanagar,Eye Needs - Chandanagar,ASPIRE PRO (3 LENS PACK),ASPIRE PRO (3 LENS PACK),Tag71,1093.0,1,2.03,-1.03
2026-04-03,Eye Needs - Chandanagar,Eye Needs - Chandanagar,ASPIRE PRO TORIC (3 LENS PACK),ASPIRE PRO TORIC (3 LENS PACK),Tag71,1149.0,1,2.15,-1.15
2026-05-18,Eye Tech Optics P,Eye Tech Optics P,ASPIRE GO MAX 1DAY SPH 30LENS PK,ASPIRE GO MAX 1DAY SPH 30LENS PK,Intra State B2B,1414.0,2,2.08,-0.08
2026-06-01,Eye Tech Optics P,Eye Tech Optics P,ASPIRE PRO (3 LENS PACK),ASPIRE PRO (3 LENS PACK),Intra State B2B,1040.75,2,2.19,-0.19
2026-05-08,Eye Tech Optics P,Eye Tech Optics P,ASPIRE PRO (6 LENS PACK),ASPIRE PRO (6 LENS PACK),Intra State B2B,2004.5,2,1.79,0.21
2026-05-29,Eye Tech Optics P,Eye Tech Optics P,ASPIRE PRO (6 LENS PACK),ASPIRE PRO (6 LENS PACK),Intra State B2B,2004.5,2,1.84,0.16
2026-04-08,Eye Tech Optics P,Eye Tech Optics P,ASPIRE PRO TORIC (3 LENS PACK),ASPIRE PRO TORIC (3 LENS PACK),Intra State B2B,1094.75,4,2.25,1.75
2026-04-11,Eye Tech Optics P,Eye Tech Optics P,ASPIRE PRO TORIC (3 LENS PACK),ASPIRE PRO TORIC (3 LENS PACK),Intra State B2B,1094.75,2,2.3,-0.3
2026-04-15,Eye Tech Optics P,Eye Tech Optics P,ASPIRE PRO TORIC (3 LENS PACK),ASPIRE PRO TORIC (3 LENS PACK),Intra State B2B,1094.75,4,2.49,1.51
2026-04-16,Eye Tech Optics P,Eye Tech Optics P,ASPIRE PRO TORIC (3 LENS PACK),ASPIRE PRO TORIC (3 LENS PACK),Intra State B2B,1094.75,2,2.49,-0.49
2026-05-06,Eye Tech Optics P,Eye Tech Optics P,ASPIRE PRO TORIC (3 LENS PACK),ASPIRE PRO TORIC (3 LENS PACK),Intra State B2B,1094.75,6,2.44,3.56
2026-05-06,Eye Tech Optics P,Eye Tech Optics P,ASPIRE PRO TORIC (3 LENS PACK),ASPIRE PRO TORIC (3 LENS PACK),Intra State B2B,1094.75,2,2.41,-0.41
2026-05-23,Eye Tech Optics P,Eye Tech Optics P,ASPIRE PRO TORIC (3 LENS PACK),ASPIRE PRO TORIC (3 LENS PACK),Intra State B2B,1094.75,2,2.34,-0.34
2026-06-10,Eye Tech Optics P,Eye Tech Optics P,ASPIRE PRO TORIC (3 LENS PACK),ASPIRE PRO TORIC (3 LENS PACK),Intra State B2B,1094.75,4,2.59,1.41
2026-04-21,Eye Tech Optics P,Eye Tech Optics P,Biofinity Energys  (3 lens pack) New,Biofinity Energys  (3 lens pack) New,Intra State B2B,1066.96,2,2.25,-0.25
2026-04-03,Eye Tech Optics P,Eye Tech Optics P,MY DAY (30 LENS PK),MY DAY (30 LENS PK),Intra State B2B,1803.25,1,1.82,-0.82
2026-06-23,Eye Tech Optics P,Eye Tech Optics P,MY DAY (30 LENS PK),MY DAY (30 LENS PK),Intra State B2B,1803.25,2,1.64,0.36
2026-04-03,Eye Tech Optics P,Eye Tech Optics P,MY DAY TORIC (30 LENS PK),MY DAY TORIC (30 LENS PK),Intra State B2B,1943.25,1,1.82,-0.82
2026-04-18,Eye Tech Optics P,Eye Tech Optics P,MY DAY TORIC (30 LENS PK),MY DAY TORIC (30 LENS PK),Intra State B2B,1943.25,1,1.51,-0.51
2026-05-21,Eye Tech Optics P,Eye Tech Optics P,MY DAY TORIC (30 LENS PK),MY DAY TORIC (30 LENS PK),Intra State B2B,1943.25,2,1.64,0.36
2026-05-25,Eye Wear opticals--Athapur,Eye Wear opticals--Athapur,ASPIRE AIR TORIC (3 LENS PACK),ASPIRE AIR TORIC (3 LENS PACK),Tag71,835.0,2,2.1,-0.1
2026-05-29,Eye Wear opticals--Athapur,Eye Wear opticals--Athapur,ASPIRE PRO (3 LENS PACK),ASPIRE PRO (3 LENS PACK),Tag71,1093.0,2,2.02,-0.02
2026-05-07,Eyegear Optics India Private Limited,Eyegear Optics India Private Limited,ASPIRE PRO TORIC (3 LENS PACK),ASPIRE PRO TORIC (3 LENS PACK),Intra State B2B,1094.75,2,2.18,-0.18
2026-06-06,Eyegear Optics India Private Limited,Eyegear Optics India Private Limited,Biofinity Torics 3 Lens pack (new) XR,Biofinity Torics 3 Lens pack (new) XR,Intra State B2B,2477.75,1,1.84,-0.84
2026-06-03,Eyeris Opticals (k),Eyeris Opticals (k),ASPIRE PRO (3 LENS PACK),ASPIRE PRO (3 LENS PACK),Tag71,1092.75,4,2.09,1.91
2026-04-16,Eyezone Opticals,Eyezone Opticals,ASPIRE AIR TORIC (3 LENS PACK),ASPIRE AIR TORIC (3 LENS PACK),Intra State B2B,795.0,3,2.12,0.88
2026-06-03,Eyezone Opticals,Eyezone Opticals,ASPIRE AIR TORIC (3 LENS PACK),ASPIRE AIR TORIC (3 LENS PACK),Intra State B2B,795.0,2,2.25,-0.25
2026-04-08,Eyezone Opticals,Eyezone Opticals,Biomedics Now (6 Lens pack) NEW,Biomedics Now (6 Lens pack) NEW,Intra State B2B,963.75,20,20.0,0.0
2026-04-08,Eyezone Opticals,Eyezone Opticals,Biomedics Now (6 Lens pack) NEW,Biomedics Now (6 Lens pack) NEW,Intra State B2B,1.0,20,20.0,0.0
2026-04-14,Eyezone Opticals,Eyezone Opticals,Biomedics Now (6 Lens pack) NEW,Biomedics Now (6 Lens pack) NEW,Tag71,1.0,1,2.43,-1.43
2026-04-30,Focus Optical Motinagar,Focus Optical Motinagar,ASPIRE PRO TORIC (3 LENS PACK),ASPIRE PRO TORIC (3 LENS PACK),Tag71,1150.0,1,2.6,-1.6
2026-04-10,Focus Optical Motinagar,Focus Optical Motinagar,Biofinity XR 6 Lense pack (new),Biofinity XR 6 Lense pack (new),Intra State B2B,2126.25,2,1.91,0.09
2026-06-19,GANESH ENTERPRISES,GANESH ENTERPRISES,BONDSET FAST SETTING 60 GM,BONDSET FAST SETTING 60 GM,Intra State B2B,12.65,34,33.9,0.1
2026-06-19,GANESH ENTERPRISES,GANESH ENTERPRISES,BONDSET SANITARY UNDER WATER 25 GM,BONDSET SANITARY UNDER WATER 25 GM,Intra State B2B,11.15,60,59.8,0.2
2026-06-19,GANESH ENTERPRISES,GANESH ENTERPRISES,RESIBOND BATHMATE 150GM TUBE,RESIBOND BATHMATE 150GM TUBE,Intra State B2B,42.37,10,9.81,0.19
2026-06-19,GANESH ENTERPRISES,GANESH ENTERPRISES,VEGAQUICK 20 GM (S),VEGAQUICK 20 GM (S),Intra State B2B,32.06,20,20.03,-0.03
2026-04-02,GLOBAL MEDIQUIPS,GLOBAL MEDIQUIPS,Safe AQ Max III 50s Foil,Safe AQ Max III 50s Foil,Intra State B2B,1.0,30,30.2,-0.2
2026-04-16,GLOBAL MEDIQUIPS,GLOBAL MEDIQUIPS,Safe AQ Max III 50s Foil,Safe AQ Max III 50s Foil,Intra State B2B,1.0,30,30.02,-0.02
2026-04-02,GLOBAL MEDIQUIPS,GLOBAL MEDIQUIPS,Safe AQ Max III Meter,Safe AQ Max III Meter,Intra State B2B,750.0,30,30.14,-0.14
2026-04-16,GLOBAL MEDIQUIPS,GLOBAL MEDIQUIPS,Safe AQ Max III Meter,Safe AQ Max III Meter,Intra State B2B,750.0,30,30.01,-0.01
2026-05-30,Ganapathi Hardware & Tools,Ganapathi Hardware & Tools,FILLX ULTRA 2K CHOCOLATE BROWN 1 KG,FILLX ULTRA 2K CHOCOLATE BROWN 1 KG,Intra State B2B,596.75,4,2.13,1.87
2026-06-05,Ganapathi Hardware & Tools,Ganapathi Hardware & Tools,FILLX ULTRA 2K IRON GRAY 1KG,FILLX ULTRA 2K IRON GRAY 1KG,Intra State B2B,596.75,4,1.77,2.23
2026-05-30,Ganapathi Hardware & Tools,Ganapathi Hardware & Tools,FILLX ULTRA 2K PURE WHITE 1 KG,FILLX ULTRA 2K PURE WHITE 1 KG,Intra State B2B,596.75,4,2.13,1.87
2026-05-30,Ganapathi Hardware & Tools,Ganapathi Hardware & Tools,FILLX ULTRA 2K SIGNAL BLACK 1 KG,FILLX ULTRA 2K SIGNAL BLACK 1 KG,Intra State B2B,596.75,4,2.13,1.87
2026-05-25,Ganesh Plywood & Hardware,Ganesh Plywood & Hardware,VETRA LV (401) 20 GM (SCHEME),VETRA LV (401) 20 GM (SCHEME),Tag71,52.4,320,319.68,0.32
2026-05-25,Gourav Trade Link  KPHB,Gourav Trade Link  KPHB,RESIBOND GP 100 CLEAR 260 ML,RESIBOND GP 100 CLEAR 260 ML,Tag71,110.0,48,47.9,0.1
2026-05-25,Gourav Trade Link  KPHB,Gourav Trade Link  KPHB,RESIBOND GP 100 WHITE 260 ML,RESIBOND GP 100 WHITE 260 ML,Tag71,110.0,48,47.9,0.1
2026-05-25,Gourav Trade Link  KPHB,Gourav Trade Link  KPHB,VEGAQUICK 20 GM (S),VEGAQUICK 20 GM (S),Tag71,37.83,120,119.79,0.21
2026-05-25,Gourav Trade Link  KPHB,Gourav Trade Link  KPHB,VETRA LV (401) 20 GM (SCHEME),VETRA LV (401) 20 GM (SCHEME),Tag71,52.4,60,59.91,0.09
2026-06-16,Hanuman Glass Plywood & Hardware,Hanuman Glass Plywood & Hardware,VEGAQUICK 20 GM (S),VEGAQUICK 20 GM (S),Tag71,37.83,20,20.09,-0.09
2026-06-04,Hill Traders,Hill Traders,BONDSET FAST SETTING 60 GM,BONDSET FAST SETTING 60 GM,Tag71,14.93,34,33.95,0.05
2026-06-04,Hill Traders,Hill Traders,BONDSET SANITARY UNDER WATER 60 GM,BONDSET SANITARY UNDER WATER 60 GM,Tag71,22.48,34,33.95,0.05
2026-06-04,Hill Traders,Hill Traders,BONDSET WHITE 25 GM,BONDSET WHITE 25 GM,Tag71,7.85,60,59.85,0.15
2026-06-04,Hill Traders,Hill Traders,BONDTITE FAST & CLEAR 36 GM,BONDTITE FAST & CLEAR 36 GM,Tag71,117.21,12,11.99,0.01
2026-06-04,Hill Traders,Hill Traders,BONDTITE FAST & CLEAR 450 GM (S),BONDTITE FAST & CLEAR 450 GM (S),Tag71,793.28,2,2.19,-0.19
2026-06-04,Hill Traders,Hill Traders,BONDTITE FAST & CLEAR 90 GM,BONDTITE FAST & CLEAR 90 GM,Tag71,243.63,10,10.01,-0.01
2026-06-04,Hill Traders,Hill Traders,EZY DRAIN CLEANER 40 GM JAR,EZY DRAIN CLEANER 40 GM JAR,Tag71,15.15,50,49.61,0.39
2026-06-05,Hill Traders,Hill Traders,FILLX ULTRA 2K IRON GRAY 1KG,FILLX ULTRA 2K IRON GRAY 1KG,Tag71,704.16,1,1.77,-0.77
2026-06-04,Hill Traders,Hill Traders,FILLX ULTRA 2K PURE WHITE 1 KG,FILLX ULTRA 2K PURE WHITE 1 KG,Tag71,704.25,1,1.85,-0.85
2026-06-04,Hill Traders,Hill Traders,FILLX ULTRA 2K SIGNAL BLACK 1 KG,FILLX ULTRA 2K SIGNAL BLACK 1 KG,Tag71,704.25,1,1.85,-0.85
2026-06-04,Hill Traders,Hill Traders,RESIBOND GP 100 BLACK 260 ML,RESIBOND GP 100 BLACK 260 ML,Tag71,117.26,12,12.02,-0.02
2026-06-04,Hill Traders,Hill Traders,RESIBOND GP 100 CLEAR 260 ML,RESIBOND GP 100 CLEAR 260 ML,Tag71,117.26,24,24.05,-0.05
2026-06-05,Hill Traders,Hill Traders,RESIBOND GP 100 WHITE 260 ML,RESIBOND GP 100 WHITE 260 ML,Tag71,117.26,24,24.0,0.0
2026-06-04,Hill Traders,Hill Traders,RESITAPE PVC TAPE BLACK 17MM X 6 MTR,RESITAPE PVC TAPE BLACK 17MM X 6 MTR,Tag71,8.12,30,29.98,0.02
2026-06-04,Hill Traders,Hill Traders,RESITAPE PVC TAPE RED 17MM X 6 MTR,RESITAPE PVC TAPE RED 17MM X 6 MTR,Tag71,8.12,30,29.98,0.02
2026-06-04,Hill Traders,Hill Traders,VEGAQUICK 20 GM (S),VEGAQUICK 20 GM (S),Tag71,37.83,20,20.1,-0.1
2026-06-04,Hill Traders,Hill Traders,VETRA LV (401) 20 GM (SCHEME),VETRA LV (401) 20 GM (SCHEME),Tag71,52.4,40,39.93,0.07
2026-06-04,Hill Traders,Hill Traders,VETRA LV (401) 50 GM (SHEME),VETRA LV (401) 50 GM (SHEME),Tag71,105.86,20,20.08,-0.08
2026-06-04,Hill Traders,Hill Traders,VETRA SUPERFIX HV 703 125 GM,VETRA SUPERFIX HV 703 125 GM,Tag71,213.31,2,3.71,-1.71
2026-04-16,Hyderabad Eye Institute - Hospital Supply,Hyderabad Eye Institute - Hospital Supply,MY DAY TORIC (30 LENS PK),MY DAY TORIC (30 LENS PK),Tag71,1620.0,77,76.78,0.22
2026-05-30,Hyderabad Eye Institute - Kadappa,Hyderabad Eye Institute - Kadappa,ASPIRE PRO TORIC (3 LENS PACK),ASPIRE PRO TORIC (3 LENS PACK),Inter State B2B,1094.75,1,2.47,-1.47
2026-04-30,Hyderabad Eye Institute - kismathpur,Hyderabad Eye Institute - kismathpur,ASPIRE PRO TORIC (3 LENS PACK),ASPIRE PRO TORIC (3 LENS PACK),Intra State B2B,1094.75,2,2.6,-0.6
2026-05-30,Hyderabad Eye Institute - kismathpur,Hyderabad Eye Institute - kismathpur,ASPIRE PRO TORIC (3 LENS PACK),ASPIRE PRO TORIC (3 LENS PACK),Intra State B2B,1094.75,1,2.47,-1.47
2026-05-30,Hyderabad Eye Institute- Vijayawada,Hyderabad Eye Institute- Vijayawada,ASPIRE GO MAX 1DAY TORIC 30LENS PK,ASPIRE GO MAX 1DAY TORIC 30LENS PK,Inter State B2B,1670.0,4,2.4,1.6
2026-04-30,Hyderabad Eye Institute- Vijayawada,Hyderabad Eye Institute- Vijayawada,ASPIRE PRO (3 LENS PACK),ASPIRE PRO (3 LENS PACK),Inter State B2B,1040.75,2,2.56,-0.56
2026-05-30,Hyderabad Eye Institute- Vijayawada,Hyderabad Eye Institute- Vijayawada,ASPIRE PRO (3 LENS PACK),ASPIRE PRO (3 LENS PACK),Inter State B2B,1040.75,1,2.44,-1.44
2026-04-30,Hyderabad Eye Institute- Vijayawada,Hyderabad Eye Institute- Vijayawada,ASPIRE PRO (6 LENS PACK),ASPIRE PRO (6 LENS PACK),Inter State B2B,2004.5,5,2.55,2.45
2026-04-30,Hyderabad Eye Institute- Vijayawada,Hyderabad Eye Institute- Vijayawada,ASPIRE PRO TORIC (3 LENS PACK),ASPIRE PRO TORIC (3 LENS PACK),Inter State B2B,1094.75,12,12.13,-0.13
2026-05-30,Hyderabad Eye Institute- Vijayawada,Hyderabad Eye Institute- Vijayawada,ASPIRE PRO TORIC (3 LENS PACK),ASPIRE PRO TORIC (3 LENS PACK),Inter State B2B,1094.75,8,8.04,-0.04
2026-05-30,Hyderabad Eye Institute- Vijayawada,Hyderabad Eye Institute- Vijayawada,Biofinity Torics 3 Lens pack (new) XR,Biofinity Torics 3 Lens pack (new) XR,Inter State B2B,2477.75,2,2.69,-0.69
2026-04-30,Hyderabad Eye Institute- Vijayawada,Hyderabad Eye Institute- Vijayawada,Biofinity XR 6 Lense pack (new),Biofinity XR 6 Lense pack (new),Inter State B2B,2126.25,6,2.57,3.43
2026-05-30,Hyderabad Eye Institute- Vijayawada,Hyderabad Eye Institute- Vijayawada,Biofinity XR 6 Lense pack (new),Biofinity XR 6 Lense pack (new),Inter State B2B,2126.25,5,2.55,2.45
2026-04-30,Hyderabad Eye Institute- Vizag,Hyderabad Eye Institute- Vizag,ASPIRE AIR (3 LENS PACK),ASPIRE AIR (3 LENS PACK),Inter State B2B,698.5,1,2.07,-1.07
2026-04-30,Hyderabad Eye Institute- Vizag,Hyderabad Eye Institute- Vizag,ASPIRE AIR (6 LENS PACK) New,ASPIRE AIR (6 LENS PACK) New,Inter State B2B,1318.5,1,2.25,-1.25
2026-05-30,Hyderabad Eye Institute- Vizag,Hyderabad Eye Institute- Vizag,ASPIRE AIR (6 LENS PACK) New,ASPIRE AIR (6 LENS PACK) New,Inter State B2B,1318.5,1,1.81,-0.81
2026-04-30,Hyderabad Eye Institute- Vizag,Hyderabad Eye Institute- Vizag,ASPIRE GO 30LENS PK - NEW,ASPIRE GO 30LENS PK - NEW,Inter State B2B,1023.75,2,2.56,-0.56
2026-05-30,Hyderabad Eye Institute- Vizag,Hyderabad Eye Institute- Vizag,ASPIRE GO MAX 1DAY TORIC 30LENS PK,ASPIRE GO MAX 1DAY TORIC 30LENS PK,Inter State B2B,1670.0,2,2.4,-0.4
2026-04-30,Hyderabad Eye Institute- Vizag,Hyderabad Eye Institute- Vizag,ASPIRE PRO (3 LENS PACK),ASPIRE PRO (3 LENS PACK),Inter State B2B,1040.75,7,7.11,-0.11
2026-05-30,Hyderabad Eye Institute- Vizag,Hyderabad Eye Institute- Vizag,ASPIRE PRO (3 LENS PACK),ASPIRE PRO (3 LENS PACK),Inter State B2B,1040.75,7,7.06,-0.06
2026-04-30,Hyderabad Eye Institute- Vizag,Hyderabad Eye Institute- Vizag,ASPIRE PRO (6 LENS PACK),ASPIRE PRO (6 LENS PACK),Inter State B2B,2004.5,6,2.55,3.45
2026-05-30,Hyderabad Eye Institute- Vizag,Hyderabad Eye Institute- Vizag,ASPIRE PRO (6 LENS PACK),ASPIRE PRO (6 LENS PACK),Inter State B2B,2004.5,6,2.55,3.45
2026-04-30,Hyderabad Eye Institute- Vizag,Hyderabad Eye Institute- Vizag,ASPIRE PRO TORIC (3 LENS PACK),ASPIRE PRO TORIC (3 LENS PACK),Inter State B2B,1094.75,23,23.1,-0.1
2026-05-30,Hyderabad Eye Institute- Vizag,Hyderabad Eye Institute- Vizag,ASPIRE PRO TORIC (3 LENS PACK),ASPIRE PRO TORIC (3 LENS PACK),Inter State B2B,1094.75,13,12.99,0.01
2026-05-30,Hyderabad Eye Institute- Vizag,Hyderabad Eye Institute- Vizag,Biofinity Torics 3 Lens pack (new) XR,Biofinity Torics 3 Lens pack (new) XR,Inter State B2B,2477.75,1,2.69,-1.69
2026-04-30,Hyderabad Eye Institute- Vizag,Hyderabad Eye Institute- Vizag,Biofinity XR 6 Lense pack (new),Biofinity XR 6 Lense pack (new),Inter State B2B,2126.25,15,15.14,-0.14
2026-05-30,Hyderabad Eye Institute- Vizag,Hyderabad Eye Institute- Vizag,Biofinity XR 6 Lense pack (new),Biofinity XR 6 Lense pack (new),Inter State B2B,2126.25,27,25.97,1.03
2026-05-30,Hyderabad Eye Institute- Vizag,Hyderabad Eye Institute- Vizag,Proclear 6 Lens pack(New),Proclear 6 Lens pack(New),Inter State B2B,973.75,1,2.34,-1.34
2026-04-30,Hyderabad Eye Institute-B.H,Hyderabad Eye Institute-B.H,ASPIRE GO MAX 1DAY SPH 30LENS PK,ASPIRE GO MAX 1DAY SPH 30LENS PK,Intra State B2B,1414.0,2,2.56,-0.56
2026-05-30,Hyderabad Eye Institute-B.H,Hyderabad Eye Institute-B.H,ASPIRE GO MAX 1DAY SPH 30LENS PK,ASPIRE GO MAX 1DAY SPH 30LENS PK,Intra State B2B,1414.0,3,2.44,0.56
2026-04-30,Hyderabad Eye Institute-B.H,Hyderabad Eye Institute-B.H,ASPIRE GO MAX 1DAY TORIC 30LENS PK,ASPIRE GO MAX 1DAY TORIC 30LENS PK,Intra State B2B,1670.0,2,2.46,-0.46
2026-05-30,Hyderabad Eye Institute-B.H,Hyderabad Eye Institute-B.H,ASPIRE GO MAX 1DAY TORIC 30LENS PK,ASPIRE GO MAX 1DAY TORIC 30LENS PK,Intra State B2B,1670.0,6,2.34,3.66
2026-04-30,Hyderabad Eye Institute-B.H,Hyderabad Eye Institute-B.H,ASPIRE PRO (3 LENS PACK),ASPIRE PRO (3 LENS PACK),Intra State B2B,1040.75,24,24.04,-0.04
2026-05-30,Hyderabad Eye Institute-B.H,Hyderabad Eye Institute-B.H,ASPIRE PRO (3 LENS PACK),ASPIRE PRO (3 LENS PACK),Intra State B2B,1040.75,19,18.98,0.02
2026-04-30,Hyderabad Eye Institute-B.H,Hyderabad Eye Institute-B.H,ASPIRE PRO (6 LENS PACK),ASPIRE PRO (6 LENS PACK),Intra State B2B,2004.5,24,23.99,0.01
2026-05-30,Hyderabad Eye Institute-B.H,Hyderabad Eye Institute-B.H,ASPIRE PRO (6 LENS PACK),ASPIRE PRO (6 LENS PACK),Intra State B2B,2004.5,37,36.84,0.16
2026-04-30,Hyderabad Eye Institute-B.H,Hyderabad Eye Institute-B.H,ASPIRE PRO TORIC (3 LENS PACK),ASPIRE PRO TORIC (3 LENS PACK),Intra State B2B,1094.75,64,63.93,0.07
2026-05-30,Hyderabad Eye Institute-B.H,Hyderabad Eye Institute-B.H,ASPIRE PRO TORIC (3 LENS PACK),ASPIRE PRO TORIC (3 LENS PACK),Intra State B2B,1094.75,79,77.2,1.8
2026-04-30,Hyderabad Eye Institute-B.H,Hyderabad Eye Institute-B.H,Biofinity Torics 3 Lens pack (new) XR,Biofinity Torics 3 Lens pack (new) XR,Intra State B2B,2477.75,19,19.41,-0.41
2026-05-30,Hyderabad Eye Institute-B.H,Hyderabad Eye Institute-B.H,Biofinity Torics 3 Lens pack (new) XR,Biofinity Torics 3 Lens pack (new) XR,Intra State B2B,2477.75,45,44.02,0.98
2026-04-30,Hyderabad Eye Institute-B.H,Hyderabad Eye Institute-B.H,Biofinity XR 6 Lense pack (new),Biofinity XR 6 Lense pack (new),Intra State B2B,2126.25,44,43.93,0.07
2026-05-30,Hyderabad Eye Institute-B.H,Hyderabad Eye Institute-B.H,Biofinity XR 6 Lense pack (new),Biofinity XR 6 Lense pack (new),Intra State B2B,2126.25,42,40.31,1.69
2026-05-30,Hyderabad Eye Institute-B.H,Hyderabad Eye Institute-B.H,MY DAY (30 LENS PK),MY DAY (30 LENS PK),Intra State B2B,1803.25,2,2.15,-0.15
2026-04-30,Hyderabad Eye Institute-B.H,Hyderabad Eye Institute-B.H,MY DAY TORIC (30 LENS PK),MY DAY TORIC (30 LENS PK),Intra State B2B,1943.25,2,2.33,-0.33
2026-05-30,Hyderabad Eye Institute-B.H,Hyderabad Eye Institute-B.H,MY DAY TORIC (30 LENS PK),MY DAY TORIC (30 LENS PK),Intra State B2B,1943.25,2,2.15,-0.15
2026-04-30,Hyderabad Eye Institute-B.H,Hyderabad Eye Institute-B.H,Proclear 6 Lens pack(New),Proclear 6 Lens pack(New),Intra State B2B,973.75,6,2.47,3.53
2026-05-30,Hyderabad Eye Institute-B.H,Hyderabad Eye Institute-B.H,Proclear 6 Lens pack(New),Proclear 6 Lens pack(New),Intra State B2B,973.75,3,2.5,0.5
2026-04-30,Hyderabad Eye Institute-Bhubaneswar,Hyderabad Eye Institute-Bhubaneswar,ASPIRE AIR TORIC (3 LENS PACK),ASPIRE AIR TORIC (3 LENS PACK),Inter State B2B,795.0,3,2.75,0.25
2026-04-30,Hyderabad Eye Institute-Bhubaneswar,Hyderabad Eye Institute-Bhubaneswar,ASPIRE PRO (6 LENS PACK),ASPIRE PRO (6 LENS PACK),Inter State B2B,2004.5,6,2.74,3.26
2026-04-30,Hyderabad Eye Institute-Bhubaneswar,Hyderabad Eye Institute-Bhubaneswar,ASPIRE PRO TORIC (3 LENS PACK),ASPIRE PRO TORIC (3 LENS PACK),Inter State B2B,1094.75,2,2.6,-0.6
2026-05-30,Hyderabad Eye Institute-Bhubaneswar,Hyderabad Eye Institute-Bhubaneswar,ASPIRE PRO TORIC (3 LENS PACK),ASPIRE PRO TORIC (3 LENS PACK),Inter State B2B,1094.75,4,2.47,1.53
2026-04-30,Hyderabad Eye Institute-Bhubaneswar,Hyderabad Eye Institute-Bhubaneswar,Biofinity Torics 3 Lens pack (new) XR,Biofinity Torics 3 Lens pack (new) XR,Inter State B2B,2477.75,5,2.87,2.13
2026-04-30,Hyderabad Eye Institute-Bhubaneswar,Hyderabad Eye Institute-Bhubaneswar,Biofinity XR 6 Lense pack (new),Biofinity XR 6 Lense pack (new),Inter State B2B,2126.25,16,16.14,-0.14
2026-05-30,Hyderabed Eye Institute - Kondapur,Hyderabed Eye Institute - Kondapur,ASPIRE PRO (3 LENS PACK),ASPIRE PRO (3 LENS PACK),Intra State B2B,1040.75,2,2.41,-0.41
2026-04-30,Hyderabed Eye Institute - Kondapur,Hyderabed Eye Institute - Kondapur,Biofinity Torics 3 Lens pack (new) XR,Biofinity Torics 3 Lens pack (new) XR,Intra State B2B,2477.75,4,2.81,1.19
2026-06-10,Jagadamba Sanitary & Electricals K.Nagar,Jagadamba Sanitary & Electricals K.Nagar,BONDTITE FAST & CLEAR 13 GM,BONDTITE FAST & CLEAR 13 GM,Intra State B2B,47.97,25,24.93,0.07
2026-06-05,Jagadamba Sanitary & Electricals K.Nagar,Jagadamba Sanitary & Electricals K.Nagar,BONDTITE FAST & CLEAR 180 GM,BONDTITE FAST & CLEAR 180 GM,Intra State B2B,332.27,6,2.11,3.89
2026-06-05,Jagadamba Sanitary & Electricals K.Nagar,Jagadamba Sanitary & Electricals K.Nagar,BONDTITE FAST & CLEAR 270 GM,BONDTITE FAST & CLEAR 270 GM,Intra State B2B,453.75,4,2.11,1.89
2026-06-05,Jagadamba Sanitary & Electricals K.Nagar,Jagadamba Sanitary & Electricals K.Nagar,BONDTITE FAST & CLEAR 36 GM,BONDTITE FAST & CLEAR 36 GM,Intra State B2B,99.33,12,11.93,0.07
2026-06-05,Jagadamba Sanitary & Electricals K.Nagar,Jagadamba Sanitary & Electricals K.Nagar,EZY DRAIN CLEANER 40 GM JAR,EZY DRAIN CLEANER 40 GM JAR,Intra State B2B,12.84,50,49.55,0.45
2026-06-10,Jagadamba Sanitary & Electricals K.Nagar,Jagadamba Sanitary & Electricals K.Nagar,EZY DRAIN CLEANER 40 GM JAR,EZY DRAIN CLEANER 40 GM JAR,Intra State B2B,12.84,50,49.61,0.39
2026-06-10,Jagadamba Sanitary & Electricals K.Nagar,Jagadamba Sanitary & Electricals K.Nagar,FILLX FILLER COAL BLACK 3.75 KG,FILLX FILLER COAL BLACK 3.75 KG,Intra State B2B,418.83,4,1.84,2.16
2026-06-10,Jagadamba Sanitary & Electricals K.Nagar,Jagadamba Sanitary & Electricals K.Nagar,FILLX FILLER IVORY 3.75 KG,FILLX FILLER IVORY 3.75 KG,Intra State B2B,418.83,4,1.84,2.16
2026-06-10,Jagadamba Sanitary & Electricals K.Nagar,Jagadamba Sanitary & Electricals K.Nagar,FILLX FILLER JADE WHITE 3.75 KG,FILLX FILLER JADE WHITE 3.75 KG,Intra State B2B,418.83,4,1.84,2.16
2026-06-10,Jagadamba Sanitary & Electricals K.Nagar,Jagadamba Sanitary & Electricals K.Nagar,FILLX FILLER MIDNIGHT GREY 3.75 KG,FILLX FILLER MIDNIGHT GREY 3.75 KG,Intra State B2B,418.83,4,1.84,2.16
2026-06-10,Jagadamba Sanitary & Electricals K.Nagar,Jagadamba Sanitary & Electricals K.Nagar,FILLX SFEG RESIN KIT 1.25KG,FILLX SFEG RESIN KIT 1.25KG,Intra State B2B,1464.33,16,15.6,0.4
2026-06-10,Jagadamba Sanitary & Electricals K.Nagar,Jagadamba Sanitary & Electricals K.Nagar,FILLX ULTRA 2K CHOCOLATE BROWN 1 KG,FILLX ULTRA 2K CHOCOLATE BROWN 1 KG,Intra State B2B,596.75,4,1.84,2.16
2026-06-10,Jagadamba Sanitary & Electricals K.Nagar,Jagadamba Sanitary & Electricals K.Nagar,FILLX ULTRA 2K DUSTY GREY 1 KG,FILLX ULTRA 2K DUSTY GREY 1 KG,Intra State B2B,596.75,4,1.84,2.16
2026-06-10,Jagadamba Sanitary & Electricals K.Nagar,Jagadamba Sanitary & Electricals K.Nagar,FILLX ULTRA 2K LIGHT IVORY 1KG,FILLX ULTRA 2K LIGHT IVORY 1KG,Intra State B2B,589.0,4,1.84,2.16
2026-06-10,Jagadamba Sanitary & Electricals K.Nagar,Jagadamba Sanitary & Electricals K.Nagar,FILLX ULTRA 2K LIGHT IVORY 5 KG,FILLX ULTRA 2K LIGHT IVORY 5 KG,Intra State B2B,2210.0,2,1.65,0.35
2026-06-10,Jagadamba Sanitary & Electricals K.Nagar,Jagadamba Sanitary & Electricals K.Nagar,FILLX ULTRA 2K SIGNAL BLACK 1 KG,FILLX ULTRA 2K SIGNAL BLACK 1 KG,Intra State B2B,596.75,4,1.84,2.16
2026-06-10,Jagadamba Sanitary & Electricals K.Nagar,Jagadamba Sanitary & Electricals K.Nagar,FILLX ULTRA 2K SIGNAL BLACK 5KG,FILLX ULTRA 2K SIGNAL BLACK 5KG,Intra State B2B,2240.52,2,1.65,0.35
2026-06-10,Jagadamba Sanitary & Electricals K.Nagar,Jagadamba Sanitary & Electricals K.Nagar,RESIBOND BATHMATE 150GM TUBE,RESIBOND BATHMATE 150GM TUBE,Intra State B2B,42.37,30,29.72,0.28
2026-05-25,Jagadamba Sanitary & Electricals K.Nagar,Jagadamba Sanitary & Electricals K.Nagar,RESIBOND GP 100 BLACK 260 ML,RESIBOND GP 100 BLACK 260 ML,Intra State B2B,99.37,24,23.98,0.02
2026-05-25,Jagadamba Sanitary & Electricals K.Nagar,Jagadamba Sanitary & Electricals K.Nagar,RESIBOND GP 100 CLEAR 260 ML,RESIBOND GP 100 CLEAR 260 ML,Intra State B2B,99.37,48,47.91,0.09
2026-05-25,Jagadamba Sanitary & Electricals K.Nagar,Jagadamba Sanitary & Electricals K.Nagar,RESIBOND GP 100 WHITE 260 ML,RESIBOND GP 100 WHITE 260 ML,Intra State B2B,99.37,24,24.08,-0.08
2026-06-10,Jagadamba Sanitary & Electricals K.Nagar,Jagadamba Sanitary & Electricals K.Nagar,SOLVOBOND UPVC 606 100ML,SOLVOBOND UPVC 606 100ML,Intra State B2B,85.14,12,12.12,-0.12
2026-06-10,Jagadamba Sanitary & Electricals K.Nagar,Jagadamba Sanitary & Electricals K.Nagar,SOLVOBOND UPVC 606 50ML,SOLVOBOND UPVC 606 50ML,Intra State B2B,52.39,24,24.05,-0.05
2026-05-25,Jagadamba Sanitary & Electricals K.Nagar,Jagadamba Sanitary & Electricals K.Nagar,VETRA LV (401) 20 GM (SCHEME),VETRA LV (401) 20 GM (SCHEME),Intra State B2B,44.41,120,119.79,0.21
2026-05-25,Jagadamba Sanitary & Electricals K.Nagar,Jagadamba Sanitary & Electricals K.Nagar,VETRA LV (401) 50 GM (SHEME),VETRA LV (401) 50 GM (SHEME),Intra State B2B,89.71,40,39.95,0.05
2026-06-19,Jai Bhavani Plywood & Hardware,Jai Bhavani Plywood & Hardware,BONDSET FAST SETTING 25 GM,BONDSET FAST SETTING 25 GM,Tag71,7.85,120,119.71,0.29
2026-04-28,Jain Opticals Vijayawada,Jain Opticals Vijayawada,ASPIRE GO MAX 1DAY TORIC 30LENS PK,ASPIRE GO MAX 1DAY TORIC 30LENS PK,Inter State B2B,1670.0,2,2.07,-0.07
2026-04-09,Jain Opticals Vijayawada,Jain Opticals Vijayawada,ASPIRE PRO (3 LENS PACK),ASPIRE PRO (3 LENS PACK),Inter State B2B,1040.75,1,2.1,-1.1
2026-04-11,Jain Opticals Vijayawada,Jain Opticals Vijayawada,ASPIRE PRO (3 LENS PACK),ASPIRE PRO (3 LENS PACK),Inter State B2B,1040.75,1,1.7,-0.7
2026-04-07,Jain Opticals Vijayawada,Jain Opticals Vijayawada,ASPIRE PRO (6 LENS PACK),ASPIRE PRO (6 LENS PACK),Inter State B2B,2004.5,1,2.08,-1.08
2026-05-11,Jain Opticals Vijayawada,Jain Opticals Vijayawada,Biofinity XR 6 Lense pack (new),Biofinity XR 6 Lense pack (new),Inter State B2B,2126.25,2,2.14,-0.14
2026-05-26,K.R.Reddy Opticalss-Kothapet,K.R.Reddy Opticalss-Kothapet,ASPIRE AIR (6 LENS PACK) New,ASPIRE AIR (6 LENS PACK) New,Intra State B2B,1318.5,2,1.76,0.24
2026-04-16,K.R.Reddy Opticalss-Kothapet,K.R.Reddy Opticalss-Kothapet,ASPIRE AIR TORIC (3 LENS PACK),ASPIRE AIR TORIC (3 LENS PACK),Intra State B2B,1.0,1,2.15,-1.15
2026-04-16,K.R.Reddy Opticalss-Kothapet,K.R.Reddy Opticalss-Kothapet,ASPIRE AIR TORIC (3 LENS PACK),ASPIRE AIR TORIC (3 LENS PACK),Intra State B2B,795.0,10,9.9,0.1
2026-04-22,K.R.Reddy Opticalss-Kothapet,K.R.Reddy Opticalss-Kothapet,ASPIRE GO MAX 1DAY TORIC 30LENS PK,ASPIRE GO MAX 1DAY TORIC 30LENS PK,Intra State B2B,1670.0,2,2.01,-0.01
2026-05-25,K.R.Reddy Opticalss-Kothapet,K.R.Reddy Opticalss-Kothapet,Biofinity XR 6 Lense pack (new),Biofinity XR 6 Lense pack (new),Intra State B2B,2126.25,2,2.04,-0.04
2026-06-18,K.R.Reddy Opticalss-Kothapet,K.R.Reddy Opticalss-Kothapet,Biofinity XR 6 Lense pack (new),Biofinity XR 6 Lense pack (new),Intra State B2B,2126.25,2,2.01,-0.01
2026-04-24,K.R.Reddy Opticalss-Kothapet,K.R.Reddy Opticalss-Kothapet,Biomedics Now (6 Lens pack),Biomedics Now (6 Lens pack),Intra State B2B,963.75,2,2.12,-0.12
2026-06-16,KHATU SHYAM STONE TOOLS AND CHEMICALS,KHATU SHYAM STONE TOOLS AND CHEMICALS,BONDTITE FAST & CLEAR 1 KG (S),BONDTITE FAST & CLEAR 1 KG (S),Intra State B2B,1247.09,5,2.18,2.82
2026-06-16,KHATU SHYAM STONE TOOLS AND CHEMICALS,KHATU SHYAM STONE TOOLS AND CHEMICALS,BONDTITE FAST & CLEAR 450 GM (S),BONDTITE FAST & CLEAR 450 GM (S),Intra State B2B,672.27,5,2.18,2.82
2026-06-16,KHATU SHYAM STONE TOOLS AND CHEMICALS,KHATU SHYAM STONE TOOLS AND CHEMICALS,BONDTITE SUPER STRENGTH 1.8 KG (S),BONDTITE SUPER STRENGTH 1.8 KG (S),Intra State B2B,874.83,5,2.18,2.82
2026-06-16,KHATU SHYAM STONE TOOLS AND CHEMICALS,KHATU SHYAM STONE TOOLS AND CHEMICALS,BONDTITE SUPER STRENGTH 450 GM (S),BONDTITE SUPER STRENGTH 450 GM (S),Intra State B2B,345.06,5,2.18,2.82
2026-06-16,KHATU SHYAM STONE TOOLS AND CHEMICALS,KHATU SHYAM STONE TOOLS AND CHEMICALS,FILLX SFEG RESIN KIT 1.25KG,FILLX SFEG RESIN KIT 1.25KG,Intra State B2B,1464.33,4,1.84,2.16
2026-06-16,KHATU SHYAM STONE TOOLS AND CHEMICALS,KHATU SHYAM STONE TOOLS AND CHEMICALS,FILLX ULTRA 2K CHOCOLATE BROWN 1 KG,FILLX ULTRA 2K CHOCOLATE BROWN 1 KG,Intra State B2B,596.75,4,1.84,2.16
2026-06-16,KHATU SHYAM STONE TOOLS AND CHEMICALS,KHATU SHYAM STONE TOOLS AND CHEMICALS,FILLX ULTRA 2K IRON GRAY 1KG,FILLX ULTRA 2K IRON GRAY 1KG,Intra State B2B,596.75,4,1.84,2.16
2026-06-16,KHATU SHYAM STONE TOOLS AND CHEMICALS,KHATU SHYAM STONE TOOLS AND CHEMICALS,FILLX ULTRA 2K SIGNAL BLACK 1 KG,FILLX ULTRA 2K SIGNAL BLACK 1 KG,Intra State B2B,596.75,4,1.84,2.16
2026-06-16,KHATU SHYAM STONE TOOLS AND CHEMICALS,KHATU SHYAM STONE TOOLS AND CHEMICALS,VETRA LV (401) 20 GM (SCHEME),VETRA LV (401) 20 GM (SCHEME),Intra State B2B,44.41,100,99.79,0.21
2026-05-07,KSR EYE WEAR -B.H,KSR EYE WEAR -B.H,ASPIRE GO MAX 1DAY TORIC 30LENS PK,ASPIRE GO MAX 1DAY TORIC 30LENS PK,Intra State B2B,1670.0,2,1.95,0.05
2026-05-27,KSR EYE WEAR -B.H,KSR EYE WEAR -B.H,ASPIRE PRO (3 LENS PACK),ASPIRE PRO (3 LENS PACK),Intra State B2B,1040.75,1,2.07,-1.07
2026-04-03,KSR EYE WEAR -B.H,KSR EYE WEAR -B.H,ASPIRE PRO (6 LENS PACK),ASPIRE PRO (6 LENS PACK),Intra State B2B,2004.5,2,1.8,0.2
2026-04-06,KSR EYE WEAR -B.H,KSR EYE WEAR -B.H,ASPIRE PRO (6 LENS PACK),ASPIRE PRO (6 LENS PACK),Intra State B2B,2004.5,2,1.96,0.04
2026-04-06,KSR EYE WEAR -B.H,KSR EYE WEAR -B.H,ASPIRE PRO TORIC (3 LENS PACK),ASPIRE PRO TORIC (3 LENS PACK),Intra State B2B,1094.75,4,2.26,1.74
2026-04-30,KSR EYE WEAR -B.H,KSR EYE WEAR -B.H,ASPIRE PRO TORIC (3 LENS PACK),ASPIRE PRO TORIC (3 LENS PACK),Intra State B2B,1094.75,4,2.76,1.24
2026-05-27,KSR EYE WEAR -B.H,KSR EYE WEAR -B.H,ASPIRE PRO TORIC (3 LENS PACK),ASPIRE PRO TORIC (3 LENS PACK),Intra State B2B,1094.75,1,2.36,-1.36
2026-06-13,KSR EYE WEAR -B.H,KSR EYE WEAR -B.H,ASPIRE PRO TORIC (3 LENS PACK),ASPIRE PRO TORIC (3 LENS PACK),Intra State B2B,1094.75,1,2.32,-1.32
2026-06-06,KSR EYE WEAR -B.H,KSR EYE WEAR -B.H,Biofinity Torics 3 Lens pack (new) XR,Biofinity Torics 3 Lens pack (new) XR,Intra State B2B,2477.75,2,1.84,0.16
2026-04-03,KSR EYE WEAR -B.H,KSR EYE WEAR -B.H,MY DAY (30 LENS PK),MY DAY (30 LENS PK),Intra State B2B,1803.25,1,1.82,-0.82
2026-04-30,KSR EYE WEAR -B.H,KSR EYE WEAR -B.H,MY DAY (30 LENS PK),MY DAY (30 LENS PK),Intra State B2B,1803.25,1,2.01,-1.01
2026-05-23,KSR EYE WEAR -B.H,KSR EYE WEAR -B.H,MY DAY (30 LENS PK),MY DAY (30 LENS PK),Intra State B2B,1803.25,1,1.51,-0.51
2026-06-06,KSR EYE WEAR -B.H,KSR EYE WEAR -B.H,MY DAY (30 LENS PK),MY DAY (30 LENS PK),Intra State B2B,1803.25,2,1.55,0.45
2026-05-23,KSR EYE WEAR -B.H,KSR EYE WEAR -B.H,MY DAY TORIC (30 LENS PK),MY DAY TORIC (30 LENS PK),Intra State B2B,1943.25,1,1.81,-0.81
2026-04-20,Krishna Ecommerce Technologies Private Limited - Gurugram,Krishna Ecommerce Technologies Private Limited - Gurugram,ACUVUE OASYS 6pk,ACUVUE OASYS 6pk,Inter State B2B,1476.0,26,25.79,0.21
2026-06-18,Krishna Ecommerce Technologies Private Limited - Gurugram,Krishna Ecommerce Technologies Private Limited - Gurugram,ACUVUE OASYS 6pk,ACUVUE OASYS 6pk,Inter State B2B,1812.0,7,6.7,0.3
2026-06-18,Krishna Ecommerce Technologies Private Limited - Gurugram,Krishna Ecommerce Technologies Private Limited - Gurugram,Acuvue Moist For Lacreon,Acuvue Moist For Lacreon,Inter State B2B,1500.0,3,2.23,0.77
2026-06-18,Krishna Ecommerce Technologies Private Limited - Gurugram,Krishna Ecommerce Technologies Private Limited - Gurugram,Acuvue Vita For Astigmatism,Acuvue Vita For Astigmatism,Inter State B2B,1640.0,4,2.14,1.86
2026-04-20,Krishna Ecommerce Technologies Private Limited - Gurugram,Krishna Ecommerce Technologies Private Limited - Gurugram,MOIST 1 DAY ACUVUE 30PK,MOIST 1 DAY ACUVUE 30PK,Inter State B2B,1350.0,34,33.89,0.11
2026-06-13,Krishna Ecommerce Technologies Private Limited - Gurugram,Krishna Ecommerce Technologies Private Limited - Gurugram,MOIST 1 DAY ACUVUE 30PK,MOIST 1 DAY ACUVUE 30PK,Inter State B2B,1500.0,140,134.21,5.79
2026-05-11,Krishna Ecommerce Technologies Private Limited - Gurugram,Krishna Ecommerce Technologies Private Limited - Gurugram,PV 2 Spherical 6 Lens pack,PV 2 Spherical 6 Lens pack,Inter State B2B,1345.0,37,36.83,0.17
2026-04-30,Krishna Ecommerce Technologies Private Limited - Gurugram,Krishna Ecommerce Technologies Private Limited - Gurugram,SL Toric 6 Lens Packs,SL Toric 6 Lens Packs,Inter State B2B,1291.25,37,37.03,-0.03
2026-06-13,Krishna Ecommerce Technologies Private Limited - Gurugram,Krishna Ecommerce Technologies Private Limited - Gurugram,SL Toric 6 Lens Packs,SL Toric 6 Lens Packs,Inter State B2B,1381.25,2,3.2,-1.2
2026-05-11,Krishna Ecommerce Technologies Private Limited - Gurugram,Krishna Ecommerce Technologies Private Limited - Gurugram,SL59,SL59,Inter State B2B,660.0,9,9.1,-0.1
2026-06-13,Krishna Ecommerce Technologies Private Limited - Gurugram,Krishna Ecommerce Technologies Private Limited - Gurugram,pv-2 toric,pv-2 toric,Inter State B2B,1695.53,3,2.37,0.63
2026-06-05,Ksr Eyecare Private Limited- Jublihills,Ksr Eyecare Private Limited- Jublihills,ASPIRE AIR TORIC (3 LENS PACK),ASPIRE AIR TORIC (3 LENS PACK),Intra State B2B,795.0,4,1.98,2.02
2026-05-21,Ksr Eyecare Private Limited- Jublihills,Ksr Eyecare Private Limited- Jublihills,ASPIRE GO MAX 1DAY M.F 30LENS PK,ASPIRE GO MAX 1DAY M.F 30LENS PK,Intra State B2B,2085.25,2,1.93,0.07
2026-06-02,Ksr Eyecare Private Limited- Jublihills,Ksr Eyecare Private Limited- Jublihills,ASPIRE GO MAX 1DAY M.F 30LENS PK,ASPIRE GO MAX 1DAY M.F 30LENS PK,Intra State B2B,2085.25,1,2.02,-1.02
2026-05-23,Ksr Eyecare Private Limited- Jublihills,Ksr Eyecare Private Limited- Jublihills,ASPIRE GO MAX 1DAY TORIC 30LENS PK,ASPIRE GO MAX 1DAY TORIC 30LENS PK,Intra State B2B,1670.0,2,1.89,0.11
2026-05-16,Ksr Eyecare Private Limited- Jublihills,Ksr Eyecare Private Limited- Jublihills,ASPIRE PRO (3 LENS PACK),ASPIRE PRO (3 LENS PACK),Intra State B2B,1040.75,1,1.94,-0.94
2026-05-19,Ksr Eyecare Private Limited- Jublihills,Ksr Eyecare Private Limited- Jublihills,ASPIRE PRO (3 LENS PACK),ASPIRE PRO (3 LENS PACK),Intra State B2B,1040.75,1,1.75,-0.75
2026-05-20,Ksr Eyecare Private Limited- Jublihills,Ksr Eyecare Private Limited- Jublihills,ASPIRE PRO MULTIFOCAL (3LENS PACK),ASPIRE PRO MULTIFOCAL (3LENS PACK),Intra State B2B,1588.25,2,1.95,0.05
2026-05-15,Ksr Eyecare Private Limited- Jublihills,Ksr Eyecare Private Limited- Jublihills,ASPIRE PRO MULTIFOCAL TRIAL 1LENS PK,ASPIRE PRO MULTIFOCAL TRIAL 1LENS PK,Intra State B2B,1.0,1,2.0,-1.0
2026-05-11,Ksr Eyecare Private Limited- Jublihills,Ksr Eyecare Private Limited- Jublihills,ASPIRE PRO TORIC (3 LENS PACK),ASPIRE PRO TORIC (3 LENS PACK),Intra State B2B,1094.75,2,2.18,-0.18
2026-05-16,Ksr Eyecare Private Limited- Jublihills,Ksr Eyecare Private Limited- Jublihills,ASPIRE PRO TORIC (3 LENS PACK),ASPIRE PRO TORIC (3 LENS PACK),Intra State B2B,1094.75,1,2.07,-1.07
2026-05-19,Ksr Eyecare Private Limited- Jublihills,Ksr Eyecare Private Limited- Jublihills,ASPIRE PRO TORIC (3 LENS PACK),ASPIRE PRO TORIC (3 LENS PACK),Intra State B2B,1094.75,1,2.18,-1.18
2026-05-25,Ksr Eyecare Private Limited- Jublihills,Ksr Eyecare Private Limited- Jublihills,ASPIRE PRO TORIC (3 LENS PACK),ASPIRE PRO TORIC (3 LENS PACK),Intra State B2B,1094.75,4,2.06,1.94
2026-06-01,Ksr Eyecare Private Limited- Jublihills,Ksr Eyecare Private Limited- Jublihills,ASPIRE PRO TORIC (3 LENS PACK),ASPIRE PRO TORIC (3 LENS PACK),Intra State B2B,1094.75,2,2.57,-0.57
2026-06-09,Ksr Eyecare Private Limited- Jublihills,Ksr Eyecare Private Limited- Jublihills,ASPIRE PRO TORIC (3 LENS PACK),ASPIRE PRO TORIC (3 LENS PACK),Intra State B2B,1094.75,2,2.27,-0.27
2026-06-10,Ksr Eyecare Private Limited- Jublihills,Ksr Eyecare Private Limited- Jublihills,ASPIRE PRO TORIC (3 LENS PACK),ASPIRE PRO TORIC (3 LENS PACK),Intra State B2B,1094.75,4,2.27,1.73
2026-06-19,Ksr Eyecare Private Limited- Jublihills,Ksr Eyecare Private Limited- Jublihills,ASPIRE PRO TORIC (3 LENS PACK),ASPIRE PRO TORIC (3 LENS PACK),Intra State B2B,1094.75,8,7.88,0.12
2026-05-23,Ksr Eyecare Private Limited- Jublihills,Ksr Eyecare Private Limited- Jublihills,ASPIRE PRO TRAIL (1 LENS PACK),ASPIRE PRO TRAIL (1 LENS PACK),Intra State B2B,1.0,2,2.18,-0.18
2026-05-14,Ksr Eyecare Private Limited- Jublihills,Ksr Eyecare Private Limited- Jublihills,Biofinity Torics 3 Lens pack (new) XR,Biofinity Torics 3 Lens pack (new) XR,Intra State B2B,2477.75,4,2.38,1.62
2026-05-25,Ksr Eyecare Private Limited- Jublihills,Ksr Eyecare Private Limited- Jublihills,Biomedics Now ( 6pk ) New,Biomedics Now ( 6pk ) New,Intra State B2B,963.75,1,2.17,-1.17
2026-05-14,Ksr Eyecare Private Limited- Jublihills,Ksr Eyecare Private Limited- Jublihills,Clarity 1Day MF 1Pk Trail,Clarity 1Day MF 1Pk Trail,Intra State B2B,1.0,4,2.21,1.79
2026-04-14,Ksr Eyecare Private Limited- Jublihills,Ksr Eyecare Private Limited- Jublihills,MY DAY (30 LENS PK),MY DAY (30 LENS PK),Intra State B2B,1803.25,30,29.7,0.3
2026-04-14,Ksr Eyecare Private Limited- Jublihills,Ksr Eyecare Private Limited- Jublihills,MY DAY (30 LENS PK),MY DAY (30 LENS PK),Intra State B2B,1.0,3,2.59,0.41
2026-05-09,Ksr Eyecare Private Limited- Jublihills,Ksr Eyecare Private Limited- Jublihills,MY DAY (30 LENS PK),MY DAY (30 LENS PK),Intra State B2B,1803.25,1,2.15,-1.15
2026-05-12,Ksr Eyecare Private Limited- Jublihills,Ksr Eyecare Private Limited- Jublihills,MY DAY (30 LENS PK),MY DAY (30 LENS PK),Tag71,1.0,1,2.11,-1.11
2026-06-12,Ksr Eyecare Private Limited- Jublihills,Ksr Eyecare Private Limited- Jublihills,MY DAY (30 LENS PK),MY DAY (30 LENS PK),Intra State B2B,1803.25,1,2.18,-1.18
2026-06-19,Ksr Eyecare Private Limited- Jublihills,Ksr Eyecare Private Limited- Jublihills,MY DAY (30 LENS PK),MY DAY (30 LENS PK),Tag71,1.0,3,2.15,0.85
2026-04-02,Ksr Eyecare Private Limited- Jublihills,Ksr Eyecare Private Limited- Jublihills,MY DAY TORIC (30 LENS PK),MY DAY TORIC (30 LENS PK),Intra State B2B,1943.25,2,2.07,-0.07
2026-04-14,Ksr Eyecare Private Limited- Jublihills,Ksr Eyecare Private Limited- Jublihills,MY DAY TORIC (30 LENS PK),MY DAY TORIC (30 LENS PK),Intra State B2B,1943.25,6,1.96,4.04
2026-04-16,Ksr Eyecare Private Limited- Jublihills,Ksr Eyecare Private Limited- Jublihills,MY DAY TORIC (30 LENS PK),MY DAY TORIC (30 LENS PK),Intra State B2B,1943.25,2,2.48,-0.48
2026-05-04,Ksr Eyecare Private Limited- Jublihills,Ksr Eyecare Private Limited- Jublihills,MY DAY TORIC (30 LENS PK),MY DAY TORIC (30 LENS PK),Intra State B2B,1943.25,2,2.29,-0.29
2026-05-15,Ksr Eyecare Private Limited- Jublihills,Ksr Eyecare Private Limited- Jublihills,MY DAY TORIC (30 LENS PK),MY DAY TORIC (30 LENS PK),Intra State B2B,1943.25,2,2.22,-0.22
2026-06-12,Ksr Eyecare Private Limited- Jublihills,Ksr Eyecare Private Limited- Jublihills,MY DAY TORIC (30 LENS PK),MY DAY TORIC (30 LENS PK),Intra State B2B,1943.25,1,1.95,-0.95
2026-04-21,LALITA BIOSCIENCES,LALITA BIOSCIENCES,Safe AQ Max I Meter,Safe AQ Max I Meter,Intra State B2B,300.0,3,2.38,0.62
2026-04-21,LALITA BIOSCIENCES,LALITA BIOSCIENCES,Safe AQ Max I Strips Vial 100s,Safe AQ Max I Strips Vial 100s,Intra State B2B,450.0,3,2.38,0.62
2026-05-30,LVP KISMTHPUR,LVP KISMTHPUR,ASPIRE PRO TORIC (3 LENS PACK),ASPIRE PRO TORIC (3 LENS PACK),Tag71,1.0,1,2.48,-1.48
2026-06-22,LVP KISMTHPUR,LVP KISMTHPUR,Proclear 6 Lens pack(New),Proclear 6 Lens pack(New),Tag71,1.0,1,2.13,-1.13
2026-06-18,LVPEI - BHILLS,LVPEI - BHILLS,ASPIRE AIR (6 LENS PACK) New,ASPIRE AIR (6 LENS PACK) New,Tag71,1.0,1,1.92,-0.92
2026-04-02,LVPEI - BHILLS,LVPEI - BHILLS,ASPIRE GO MAX 1DAY SPH 30LENS PK,ASPIRE GO MAX 1DAY SPH 30LENS PK,Tag71,1.0,2,2.33,-0.33
2026-05-16,LVPEI - BHILLS,LVPEI - BHILLS,ASPIRE GO MAX 1DAY SPH 30LENS PK,ASPIRE GO MAX 1DAY SPH 30LENS PK,Tag71,1.0,1,2.0,-1.0
2026-05-20,LVPEI - BHILLS,LVPEI - BHILLS,ASPIRE GO MAX 1DAY SPH 30LENS PK,ASPIRE GO MAX 1DAY SPH 30LENS PK,Tag71,1.0,2,2.11,-0.11
2026-06-15,LVPEI - BHILLS,LVPEI - BHILLS,ASPIRE GO MAX 1DAY SPH 30LENS PK,ASPIRE GO MAX 1DAY SPH 30LENS PK,Tag71,1.0,1,2.11,-1.11
2026-04-02,LVPEI - BHILLS,LVPEI - BHILLS,ASPIRE GO MAX 1DAY TORIC 30LENS PK,ASPIRE GO MAX 1DAY TORIC 30LENS PK,Tag71,1.0,2,2.33,-0.33
2026-05-07,LVPEI - BHILLS,LVPEI - BHILLS,ASPIRE GO MAX 1DAY TORIC 30LENS PK,ASPIRE GO MAX 1DAY TORIC 30LENS PK,Tag71,1.0,1,2.11,-1.11
2026-05-14,LVPEI - BHILLS,LVPEI - BHILLS,ASPIRE GO MAX 1DAY TORIC 30LENS PK,ASPIRE GO MAX 1DAY TORIC 30LENS PK,Tag71,1.0,1,2.11,-1.11
2026-05-20,LVPEI - BHILLS,LVPEI - BHILLS,ASPIRE GO MAX 1DAY TORIC 30LENS PK,ASPIRE GO MAX 1DAY TORIC 30LENS PK,Tag71,1.0,2,1.97,0.03
2026-05-26,LVPEI - BHILLS,LVPEI - BHILLS,ASPIRE GO MAX 1DAY TORIC 30LENS PK,ASPIRE GO MAX 1DAY TORIC 30LENS PK,Tag71,1.0,2,2.13,-0.13
2026-06-12,LVPEI - BHILLS,LVPEI - BHILLS,ASPIRE GO MAX 1DAY TORIC 30LENS PK,ASPIRE GO MAX 1DAY TORIC 30LENS PK,Tag71,1.0,2,2.03,-0.03
2026-04-02,LVPEI - BHILLS,LVPEI - BHILLS,ASPIRE PRO (3 LENS PACK),ASPIRE PRO (3 LENS PACK),Tag71,1.0,2,2.33,-0.33
2026-04-06,LVPEI - BHILLS,LVPEI - BHILLS,ASPIRE PRO (3 LENS PACK),ASPIRE PRO (3 LENS PACK),Tag71,1.0,4,2.22,1.78
2026-04-09,LVPEI - BHILLS,LVPEI - BHILLS,ASPIRE PRO (3 LENS PACK),ASPIRE PRO (3 LENS PACK),Tag71,1.0,5,2.41,2.59
2026-04-11,LVPEI - BHILLS,LVPEI - BHILLS,ASPIRE PRO (3 LENS PACK),ASPIRE PRO (3 LENS PACK),Tag71,1.0,2,2.27,-0.27
2026-04-14,LVPEI - BHILLS,LVPEI - BHILLS,ASPIRE PRO (3 LENS PACK),ASPIRE PRO (3 LENS PACK),Tag71,1.0,1,2.31,-1.31
2026-04-16,LVPEI - BHILLS,LVPEI - BHILLS,ASPIRE PRO (3 LENS PACK),ASPIRE PRO (3 LENS PACK),Tag71,1.0,1,2.21,-1.21
2026-04-20,LVPEI - BHILLS,LVPEI - BHILLS,ASPIRE PRO (3 LENS PACK),ASPIRE PRO (3 LENS PACK),Tag71,1.0,1,2.21,-1.21
2026-04-23,LVPEI - BHILLS,LVPEI - BHILLS,ASPIRE PRO (3 LENS PACK),ASPIRE PRO (3 LENS PACK),Tag71,1.0,4,2.24,1.76
2026-04-29,LVPEI - BHILLS,LVPEI - BHILLS,ASPIRE PRO (3 LENS PACK),ASPIRE PRO (3 LENS PACK),Tag71,1.0,1,2.22,-1.22
2026-04-30,LVPEI - BHILLS,LVPEI - BHILLS,ASPIRE PRO (3 LENS PACK),ASPIRE PRO (3 LENS PACK),Tag71,1.0,3,2.59,0.41
2026-05-04,LVPEI - BHILLS,LVPEI - BHILLS,ASPIRE PRO (3 LENS PACK),ASPIRE PRO (3 LENS PACK),Tag71,1.0,2,2.19,-0.19
2026-05-08,LVPEI - BHILLS,LVPEI - BHILLS,ASPIRE PRO (3 LENS PACK),ASPIRE PRO (3 LENS PACK),Tag71,1.0,2,2.1,-0.1
2026-05-09,LVPEI - BHILLS,LVPEI - BHILLS,ASPIRE PRO (3 LENS PACK),ASPIRE PRO (3 LENS PACK),Tag71,1.0,4,2.1,1.9
2026-05-12,LVPEI - BHILLS,LVPEI - BHILLS,ASPIRE PRO (3 LENS PACK),ASPIRE PRO (3 LENS PACK),Tag71,1.0,2,2.21,-0.21
2026-05-14,LVPEI - BHILLS,LVPEI - BHILLS,ASPIRE PRO (3 LENS PACK),ASPIRE PRO (3 LENS PACK),Tag71,1.0,1,2.25,-1.25
2026-05-20,LVPEI - BHILLS,LVPEI - BHILLS,ASPIRE PRO (3 LENS PACK),ASPIRE PRO (3 LENS PACK),Tag71,1.0,1,2.21,-1.21
2026-05-23,LVPEI - BHILLS,LVPEI - BHILLS,ASPIRE PRO (3 LENS PACK),ASPIRE PRO (3 LENS PACK),Tag71,1.0,3,2.34,0.66
2026-05-26,LVPEI - BHILLS,LVPEI - BHILLS,ASPIRE PRO (3 LENS PACK),ASPIRE PRO (3 LENS PACK),Tag71,1.0,3,2.23,0.77
2026-06-02,LVPEI - BHILLS,LVPEI - BHILLS,ASPIRE PRO (3 LENS PACK),ASPIRE PRO (3 LENS PACK),Tag71,1.0,1,2.12,-1.12
2026-06-08,LVPEI - BHILLS,LVPEI - BHILLS,ASPIRE PRO (3 LENS PACK),ASPIRE PRO (3 LENS PACK),Tag71,1.0,3,2.09,0.91
2026-06-09,LVPEI - BHILLS,LVPEI - BHILLS,ASPIRE PRO (3 LENS PACK),ASPIRE PRO (3 LENS PACK),Tag71,1.0,1,1.73,-0.73
2026-06-10,LVPEI - BHILLS,LVPEI - BHILLS,ASPIRE PRO (3 LENS PACK),ASPIRE PRO (3 LENS PACK),Tag71,1.0,3,2.21,0.79
2026-06-12,LVPEI - BHILLS,LVPEI - BHILLS,ASPIRE PRO (3 LENS PACK),ASPIRE PRO (3 LENS PACK),Tag71,1.0,3,1.75,1.25
2026-06-15,LVPEI - BHILLS,LVPEI - BHILLS,ASPIRE PRO (3 LENS PACK),ASPIRE PRO (3 LENS PACK),Tag71,1.0,2,2.31,-0.31
2026-06-16,LVPEI - BHILLS,LVPEI - BHILLS,ASPIRE PRO (3 LENS PACK),ASPIRE PRO (3 LENS PACK),Tag71,1.0,3,2.31,0.69
2026-06-18,LVPEI - BHILLS,LVPEI - BHILLS,ASPIRE PRO (3 LENS PACK),ASPIRE PRO (3 LENS PACK),Tag71,1.0,3,2.11,0.89
2026-06-22,LVPEI - BHILLS,LVPEI - BHILLS,ASPIRE PRO (3 LENS PACK),ASPIRE PRO (3 LENS PACK),Tag71,1.0,4,2.33,1.67
2026-06-23,LVPEI - BHILLS,LVPEI - BHILLS,ASPIRE PRO (3 LENS PACK),ASPIRE PRO (3 LENS PACK),Tag71,1.0,2,2.13,-0.13
2026-04-06,LVPEI - BHILLS,LVPEI - BHILLS,ASPIRE PRO (6 LENS PACK),ASPIRE PRO (6 LENS PACK),Tag71,1.0,2,2.22,-0.22
2026-04-09,LVPEI - BHILLS,LVPEI - BHILLS,ASPIRE PRO (6 LENS PACK),ASPIRE PRO (6 LENS PACK),Tag71,1.0,3,2.21,0.79
2026-04-11,LVPEI - BHILLS,LVPEI - BHILLS,ASPIRE PRO (6 LENS PACK),ASPIRE PRO (6 LENS PACK),Tag71,1.0,1,2.1,-1.1
2026-04-14,LVPEI - BHILLS,LVPEI - BHILLS,ASPIRE PRO (6 LENS PACK),ASPIRE PRO (6 LENS PACK),Tag71,1.0,2,2.15,-0.15
2026-04-16,LVPEI - BHILLS,LVPEI - BHILLS,ASPIRE PRO (6 LENS PACK),ASPIRE PRO (6 LENS PACK),Tag71,1.0,1,2.15,-1.15
2026-04-23,LVPEI - BHILLS,LVPEI - BHILLS,ASPIRE PRO (6 LENS PACK),ASPIRE PRO (6 LENS PACK),Tag71,1.0,4,2.17,1.83
2026-04-27,LVPEI - BHILLS,LVPEI - BHILLS,ASPIRE PRO (6 LENS PACK),ASPIRE PRO (6 LENS PACK),Tag71,1.0,10,9.96,0.04
2026-04-30,LVPEI - BHILLS,LVPEI - BHILLS,ASPIRE PRO (6 LENS PACK),ASPIRE PRO (6 LENS PACK),Tag71,1.0,1,3.03,-2.03
2026-05-04,LVPEI - BHILLS,LVPEI - BHILLS,ASPIRE PRO (6 LENS PACK),ASPIRE PRO (6 LENS PACK),Tag71,1.0,1,2.53,-1.53
2026-05-05,LVPEI - BHILLS,LVPEI - BHILLS,ASPIRE PRO (6 LENS PACK),ASPIRE PRO (6 LENS PACK),Tag71,1.0,4,2.39,1.61
2026-05-06,LVPEI - BHILLS,LVPEI - BHILLS,ASPIRE PRO (6 LENS PACK),ASPIRE PRO (6 LENS PACK),Tag71,1.0,4,2.55,1.45
2026-05-08,LVPEI - BHILLS,LVPEI - BHILLS,ASPIRE PRO (6 LENS PACK),ASPIRE PRO (6 LENS PACK),Tag71,1.0,2,2.37,-0.37
2026-05-09,LVPEI - BHILLS,LVPEI - BHILLS,ASPIRE PRO (6 LENS PACK),ASPIRE PRO (6 LENS PACK),Tag71,1.0,3,2.48,0.52
2026-05-14,LVPEI - BHILLS,LVPEI - BHILLS,ASPIRE PRO (6 LENS PACK),ASPIRE PRO (6 LENS PACK),Tag71,1.0,6,2.71,3.29
2026-05-15,LVPEI - BHILLS,LVPEI - BHILLS,ASPIRE PRO (6 LENS PACK),ASPIRE PRO (6 LENS PACK),Tag71,1.0,1,2.44,-1.44
2026-05-16,LVPEI - BHILLS,LVPEI - BHILLS,ASPIRE PRO (6 LENS PACK),ASPIRE PRO (6 LENS PACK),Tag71,1.0,1,2.44,-1.44
2026-05-20,LVPEI - BHILLS,LVPEI - BHILLS,ASPIRE PRO (6 LENS PACK),ASPIRE PRO (6 LENS PACK),Tag71,1.0,2,2.41,-0.41
2026-05-23,LVPEI - BHILLS,LVPEI - BHILLS,ASPIRE PRO (6 LENS PACK),ASPIRE PRO (6 LENS PACK),Tag71,1.0,6,2.75,3.25
2026-05-26,LVPEI - BHILLS,LVPEI - BHILLS,ASPIRE PRO (6 LENS PACK),ASPIRE PRO (6 LENS PACK),Tag71,1.0,1,2.11,-1.11
2026-05-28,LVPEI - BHILLS,LVPEI - BHILLS,ASPIRE PRO (6 LENS PACK),ASPIRE PRO (6 LENS PACK),Tag71,1.0,4,2.86,1.14
2026-05-30,LVPEI - BHILLS,LVPEI - BHILLS,ASPIRE PRO (6 LENS PACK),ASPIRE PRO (6 LENS PACK),Tag71,1.0,2,3.15,-1.15
2026-06-02,LVPEI - BHILLS,LVPEI - BHILLS,ASPIRE PRO (6 LENS PACK),ASPIRE PRO (6 LENS PACK),Tag71,1.0,3,2.39,0.61
2026-06-04,LVPEI - BHILLS,LVPEI - BHILLS,ASPIRE PRO (6 LENS PACK),ASPIRE PRO (6 LENS PACK),Tag71,1.0,1,2.12,-1.12
2026-06-08,LVPEI - BHILLS,LVPEI - BHILLS,ASPIRE PRO (6 LENS PACK),ASPIRE PRO (6 LENS PACK),Tag71,1.0,2,2.49,-0.49
2026-06-09,LVPEI - BHILLS,LVPEI - BHILLS,ASPIRE PRO (6 LENS PACK),ASPIRE PRO (6 LENS PACK),Tag71,1.0,1,2.52,-1.52
2026-06-13,LVPEI - BHILLS,LVPEI - BHILLS,ASPIRE PRO (6 LENS PACK),ASPIRE PRO (6 LENS PACK),Tag71,1.0,1,2.14,-1.14
2026-06-15,LVPEI - BHILLS,LVPEI - BHILLS,ASPIRE PRO (6 LENS PACK),ASPIRE PRO (6 LENS PACK),Tag71,1.0,4,2.54,1.46
2026-06-16,LVPEI - BHILLS,LVPEI - BHILLS,ASPIRE PRO (6 LENS PACK),ASPIRE PRO (6 LENS PACK),Tag71,1.0,1,2.34,-1.34
2026-06-18,LVPEI - BHILLS,LVPEI - BHILLS,ASPIRE PRO (6 LENS PACK),ASPIRE PRO (6 LENS PACK),Tag71,1.0,2,2.14,-0.14
2026-06-22,LVPEI - BHILLS,LVPEI - BHILLS,ASPIRE PRO (6 LENS PACK),ASPIRE PRO (6 LENS PACK),Tag71,1.0,1,1.9,-0.9
2026-06-23,LVPEI - BHILLS,LVPEI - BHILLS,ASPIRE PRO (6 LENS PACK),ASPIRE PRO (6 LENS PACK),Tag71,1.0,7,6.98,0.02
2026-04-02,LVPEI - BHILLS,LVPEI - BHILLS,ASPIRE PRO TORIC (3 LENS PACK),ASPIRE PRO TORIC (3 LENS PACK),Tag71,1.0,4,2.47,1.53
2026-04-06,LVPEI - BHILLS,LVPEI - BHILLS,ASPIRE PRO TORIC (3 LENS PACK),ASPIRE PRO TORIC (3 LENS PACK),Tag71,1.0,7,7.13,-0.13
2026-04-09,LVPEI - BHILLS,LVPEI - BHILLS,ASPIRE PRO TORIC (3 LENS PACK),ASPIRE PRO TORIC (3 LENS PACK),Tag71,1.0,9,9.1,-0.1
2026-04-11,LVPEI - BHILLS,LVPEI - BHILLS,ASPIRE PRO TORIC (3 LENS PACK),ASPIRE PRO TORIC (3 LENS PACK),Tag71,1.0,4,2.66,1.34
2026-04-14,LVPEI - BHILLS,LVPEI - BHILLS,ASPIRE PRO TORIC (3 LENS PACK),ASPIRE PRO TORIC (3 LENS PACK),Tag71,1.0,7,7.3,-0.3
2026-04-16,LVPEI - BHILLS,LVPEI - BHILLS,ASPIRE PRO TORIC (3 LENS PACK),ASPIRE PRO TORIC (3 LENS PACK),Tag71,1.0,6,2.83,3.17
2026-04-20,LVPEI - BHILLS,LVPEI - BHILLS,ASPIRE PRO TORIC (3 LENS PACK),ASPIRE PRO TORIC (3 LENS PACK),Tag71,1.0,6,2.8,3.2
2026-04-23,LVPEI - BHILLS,LVPEI - BHILLS,ASPIRE PRO TORIC (3 LENS PACK),ASPIRE PRO TORIC (3 LENS PACK),Tag71,1.0,11,11.05,-0.05
2026-04-27,LVPEI - BHILLS,LVPEI - BHILLS,ASPIRE PRO TORIC (3 LENS PACK),ASPIRE PRO TORIC (3 LENS PACK),Tag71,1.0,3,2.83,0.17
2026-04-30,LVPEI - BHILLS,LVPEI - BHILLS,ASPIRE PRO TORIC (3 LENS PACK),ASPIRE PRO TORIC (3 LENS PACK),Tag71,1.0,7,7.45,-0.45
2026-05-04,LVPEI - BHILLS,LVPEI - BHILLS,ASPIRE PRO TORIC (3 LENS PACK),ASPIRE PRO TORIC (3 LENS PACK),Tag71,1.0,8,8.09,-0.09
2026-05-05,LVPEI - BHILLS,LVPEI - BHILLS,ASPIRE PRO TORIC (3 LENS PACK),ASPIRE PRO TORIC (3 LENS PACK),Tag71,1.0,2,2.7,-0.7
2026-05-07,LVPEI - BHILLS,LVPEI - BHILLS,ASPIRE PRO TORIC (3 LENS PACK),ASPIRE PRO TORIC (3 LENS PACK),Tag71,1.0,2,2.71,-0.71
2026-05-08,LVPEI - BHILLS,LVPEI - BHILLS,ASPIRE PRO TORIC (3 LENS PACK),ASPIRE PRO TORIC (3 LENS PACK),Tag71,1.0,1,2.61,-1.61
2026-05-09,LVPEI - BHILLS,LVPEI - BHILLS,ASPIRE PRO TORIC (3 LENS PACK),ASPIRE PRO TORIC (3 LENS PACK),Tag71,1.0,3,2.61,0.39
2026-05-11,LVPEI - BHILLS,LVPEI - BHILLS,ASPIRE PRO TORIC (3 LENS PACK),ASPIRE PRO TORIC (3 LENS PACK),Tag71,1.0,2,2.69,-0.69
2026-05-12,LVPEI - BHILLS,LVPEI - BHILLS,ASPIRE PRO TORIC (3 LENS PACK),ASPIRE PRO TORIC (3 LENS PACK),Tag71,1.0,3,2.69,0.31
2026-05-14,LVPEI - BHILLS,LVPEI - BHILLS,ASPIRE PRO TORIC (3 LENS PACK),ASPIRE PRO TORIC (3 LENS PACK),Tag71,1.0,16,16.11,-0.11
2026-05-15,LVPEI - BHILLS,LVPEI - BHILLS,ASPIRE PRO TORIC (3 LENS PACK),ASPIRE PRO TORIC (3 LENS PACK),Tag71,1.0,8,8.13,-0.13
2026-05-16,LVPEI - BHILLS,LVPEI - BHILLS,ASPIRE PRO TORIC (3 LENS PACK),ASPIRE PRO TORIC (3 LENS PACK),Tag71,1.0,1,2.75,-1.75
2026-05-18,LVPEI - BHILLS,LVPEI - BHILLS,ASPIRE PRO TORIC (3 LENS PACK),ASPIRE PRO TORIC (3 LENS PACK),Tag71,1.0,6,2.86,3.14
2026-05-20,LVPEI - BHILLS,LVPEI - BHILLS,ASPIRE PRO TORIC (3 LENS PACK),ASPIRE PRO TORIC (3 LENS PACK),Tag71,1.0,7,7.42,-0.42
2026-05-23,LVPEI - BHILLS,LVPEI - BHILLS,ASPIRE PRO TORIC (3 LENS PACK),ASPIRE PRO TORIC (3 LENS PACK),Tag71,1.0,9,9.13,-0.13
2026-05-26,LVPEI - BHILLS,LVPEI - BHILLS,ASPIRE PRO TORIC (3 LENS PACK),ASPIRE PRO TORIC (3 LENS PACK),Tag71,1.0,6,3.07,2.93
2026-05-28,LVPEI - BHILLS,LVPEI - BHILLS,ASPIRE PRO TORIC (3 LENS PACK),ASPIRE PRO TORIC (3 LENS PACK),Tag71,1.0,9,9.4,-0.4
2026-06-02,LVPEI - BHILLS,LVPEI - BHILLS,ASPIRE PRO TORIC (3 LENS PACK),ASPIRE PRO TORIC (3 LENS PACK),Tag71,1.0,3,3.18,-0.18
2026-06-04,LVPEI - BHILLS,LVPEI - BHILLS,ASPIRE PRO TORIC (3 LENS PACK),ASPIRE PRO TORIC (3 LENS PACK),Tag71,1.0,4,2.74,1.26
2026-06-08,LVPEI - BHILLS,LVPEI - BHILLS,ASPIRE PRO TORIC (3 LENS PACK),ASPIRE PRO TORIC (3 LENS PACK),Tag71,1.0,9,8.78,0.22
2026-06-09,LVPEI - BHILLS,LVPEI - BHILLS,ASPIRE PRO TORIC (3 LENS PACK),ASPIRE PRO TORIC (3 LENS PACK),Tag71,1.0,1,2.9,-1.9
2026-06-10,LVPEI - BHILLS,LVPEI - BHILLS,ASPIRE PRO TORIC (3 LENS PACK),ASPIRE PRO TORIC (3 LENS PACK),Tag71,1.0,2,2.93,-0.93
2026-06-12,LVPEI - BHILLS,LVPEI - BHILLS,ASPIRE PRO TORIC (3 LENS PACK),ASPIRE PRO TORIC (3 LENS PACK),Tag71,1.0,3,2.85,0.15
2026-06-13,LVPEI - BHILLS,LVPEI - BHILLS,ASPIRE PRO TORIC (3 LENS PACK),ASPIRE PRO TORIC (3 LENS PACK),Tag71,1.0,2,2.49,-0.49
2026-06-16,LVPEI - BHILLS,LVPEI - BHILLS,ASPIRE PRO TORIC (3 LENS PACK),ASPIRE PRO TORIC (3 LENS PACK),Tag71,1.0,2,3.03,-1.03
2026-06-18,LVPEI - BHILLS,LVPEI - BHILLS,ASPIRE PRO TORIC (3 LENS PACK),ASPIRE PRO TORIC (3 LENS PACK),Tag71,1.0,7,6.97,0.03
2026-06-22,LVPEI - BHILLS,LVPEI - BHILLS,ASPIRE PRO TORIC (3 LENS PACK),ASPIRE PRO TORIC (3 LENS PACK),Tag71,1.0,7,7.55,-0.55
2026-06-23,LVPEI - BHILLS,LVPEI - BHILLS,ASPIRE PRO TORIC (3 LENS PACK),ASPIRE PRO TORIC (3 LENS PACK),Tag71,1.0,10,10.21,-0.21
2026-04-27,LVPEI - BHILLS,LVPEI - BHILLS,ASPIRE PRO TORIC TRAIL (1 LENS PACK),ASPIRE PRO TORIC TRAIL (1 LENS PACK),Tag71,1.0,2,2.32,-0.32
2026-04-09,LVPEI - BHILLS,LVPEI - BHILLS,Biofinity Torics 3 Lens pack (new) XR,Biofinity Torics 3 Lens pack (new) XR,Tag71,1.0,6,2.36,3.64
2026-04-11,LVPEI - BHILLS,LVPEI - BHILLS,Biofinity Torics 3 Lens pack (new) XR,Biofinity Torics 3 Lens pack (new) XR,Tag71,1.0,1,2.41,-1.41
2026-04-14,LVPEI - BHILLS,LVPEI - BHILLS,Biofinity Torics 3 Lens pack (new) XR,Biofinity Torics 3 Lens pack (new) XR,Tag71,1.0,5,2.91,2.09
2026-04-16,LVPEI - BHILLS,LVPEI - BHILLS,Biofinity Torics 3 Lens pack (new) XR,Biofinity Torics 3 Lens pack (new) XR,Tag71,1.0,1,2.83,-1.83
2026-04-30,LVPEI - BHILLS,LVPEI - BHILLS,Biofinity Torics 3 Lens pack (new) XR,Biofinity Torics 3 Lens pack (new) XR,Tag71,1.0,6,3.15,2.85
2026-05-04,LVPEI - BHILLS,LVPEI - BHILLS,Biofinity Torics 3 Lens pack (new) XR,Biofinity Torics 3 Lens pack (new) XR,Tag71,1.0,3,2.66,0.34
2026-05-14,LVPEI - BHILLS,LVPEI - BHILLS,Biofinity Torics 3 Lens pack (new) XR,Biofinity Torics 3 Lens pack (new) XR,Tag71,1.0,26,26.04,-0.04
2026-05-15,LVPEI - BHILLS,LVPEI - BHILLS,Biofinity Torics 3 Lens pack (new) XR,Biofinity Torics 3 Lens pack (new) XR,Tag71,1.0,6,3.64,2.36
2026-05-23,LVPEI - BHILLS,LVPEI - BHILLS,Biofinity Torics 3 Lens pack (new) XR,Biofinity Torics 3 Lens pack (new) XR,Tag71,1.0,12,12.13,-0.13
2026-06-08,LVPEI - BHILLS,LVPEI - BHILLS,Biofinity Torics 3 Lens pack (new) XR,Biofinity Torics 3 Lens pack (new) XR,Tag71,1.0,11,11.28,-0.28
2026-06-18,LVPEI - BHILLS,LVPEI - BHILLS,Biofinity Torics 3 Lens pack (new) XR,Biofinity Torics 3 Lens pack (new) XR,Tag71,1.0,7,7.33,-0.33
2026-06-22,LVPEI - BHILLS,LVPEI - BHILLS,Biofinity Torics 3 Lens pack (new) XR,Biofinity Torics 3 Lens pack (new) XR,Tag71,1.0,1,3.07,-2.07
2026-04-02,LVPEI - BHILLS,LVPEI - BHILLS,Biofinity XR 6 Lense pack (new),Biofinity XR 6 Lense pack (new),Tag71,1.0,4,2.45,1.55
2026-04-06,LVPEI - BHILLS,LVPEI - BHILLS,Biofinity XR 6 Lense pack (new),Biofinity XR 6 Lense pack (new),Tag71,1.0,4,2.5,1.5
2026-04-09,LVPEI - BHILLS,LVPEI - BHILLS,Biofinity XR 6 Lense pack (new),Biofinity XR 6 Lense pack (new),Tag71,1.0,3,2.49,0.51
2026-04-14,LVPEI - BHILLS,LVPEI - BHILLS,Biofinity XR 6 Lense pack (new),Biofinity XR 6 Lense pack (new),Tag71,1.0,2,2.43,-0.43
2026-04-16,LVPEI - BHILLS,LVPEI - BHILLS,Biofinity XR 6 Lense pack (new),Biofinity XR 6 Lense pack (new),Tag71,1.0,2,2.43,-0.43
2026-04-20,LVPEI - BHILLS,LVPEI - BHILLS,Biofinity XR 6 Lense pack (new),Biofinity XR 6 Lense pack (new),Tag71,1.0,1,2.43,-1.43
2026-04-23,LVPEI - BHILLS,LVPEI - BHILLS,Biofinity XR 6 Lense pack (new),Biofinity XR 6 Lense pack (new),Tag71,1.0,12,12.05,-0.05
2026-04-27,LVPEI - BHILLS,LVPEI - BHILLS,Biofinity XR 6 Lense pack (new),Biofinity XR 6 Lense pack (new),Tag71,1.0,12,12.13,-0.13
2026-04-29,LVPEI - BHILLS,LVPEI - BHILLS,Biofinity XR 6 Lense pack (new),Biofinity XR 6 Lense pack (new),Tag71,1.0,2,2.79,-0.79
2026-04-30,LVPEI - BHILLS,LVPEI - BHILLS,Biofinity XR 6 Lense pack (new),Biofinity XR 6 Lense pack (new),Tag71,1.0,2,3.09,-1.09
2026-05-05,LVPEI - BHILLS,LVPEI - BHILLS,Biofinity XR 6 Lense pack (new),Biofinity XR 6 Lense pack (new),Tag71,1.0,3,2.62,0.38
2026-05-06,LVPEI - BHILLS,LVPEI - BHILLS,Biofinity XR 6 Lense pack (new),Biofinity XR 6 Lense pack (new),Tag71,1.0,2,2.62,-0.62
2026-05-07,LVPEI - BHILLS,LVPEI - BHILLS,Biofinity XR 6 Lense pack (new),Biofinity XR 6 Lense pack (new),Tag71,1.0,3,2.61,0.39
2026-05-08,LVPEI - BHILLS,LVPEI - BHILLS,Biofinity XR 6 Lense pack (new),Biofinity XR 6 Lense pack (new),Tag71,1.0,4,2.55,1.45
2026-05-09,LVPEI - BHILLS,LVPEI - BHILLS,Biofinity XR 6 Lense pack (new),Biofinity XR 6 Lense pack (new),Tag71,1.0,1,2.55,-1.55
2026-05-11,LVPEI - BHILLS,LVPEI - BHILLS,Biofinity XR 6 Lense pack (new),Biofinity XR 6 Lense pack (new),Tag71,1.0,2,2.35,-0.35
2026-05-12,LVPEI - BHILLS,LVPEI - BHILLS,Biofinity XR 6 Lense pack (new),Biofinity XR 6 Lense pack (new),Tag71,1.0,3,2.35,0.65
2026-05-14,LVPEI - BHILLS,LVPEI - BHILLS,Biofinity XR 6 Lense pack (new),Biofinity XR 6 Lense pack (new),Tag71,1.0,3,2.52,0.48
2026-05-15,LVPEI - BHILLS,LVPEI - BHILLS,Biofinity XR 6 Lense pack (new),Biofinity XR 6 Lense pack (new),Tag71,1.0,2,2.37,-0.37
2026-05-16,LVPEI - BHILLS,LVPEI - BHILLS,Biofinity XR 6 Lense pack (new),Biofinity XR 6 Lense pack (new),Tag71,1.0,1,1.95,-0.95
2026-05-16,LVPEI - BHILLS,LVPEI - BHILLS,Biofinity XR 6 Lense pack (new),Biofinity XR 6 Lense pack (new),Tag71,1.0,1,2.18,-1.18
2026-05-18,LVPEI - BHILLS,LVPEI - BHILLS,Biofinity XR 6 Lense pack (new),Biofinity XR 6 Lense pack (new),Tag71,1.0,1,2.15,-1.15
2026-05-20,LVPEI - BHILLS,LVPEI - BHILLS,Biofinity XR 6 Lense pack (new),Biofinity XR 6 Lense pack (new),Tag71,1.0,1,2.51,-1.51
2026-05-23,LVPEI - BHILLS,LVPEI - BHILLS,Biofinity XR 6 Lense pack (new),Biofinity XR 6 Lense pack (new),Tag71,1.0,6,2.65,3.35
2026-05-26,LVPEI - BHILLS,LVPEI - BHILLS,Biofinity XR 6 Lense pack (new),Biofinity XR 6 Lense pack (new),Tag71,1.0,4,2.93,1.07
2026-05-28,LVPEI - BHILLS,LVPEI - BHILLS,Biofinity XR 6 Lense pack (new),Biofinity XR 6 Lense pack (new),Tag71,1.0,7,7.21,-0.21
2026-06-02,LVPEI - BHILLS,LVPEI - BHILLS,Biofinity XR 6 Lense pack (new),Biofinity XR 6 Lense pack (new),Tag71,1.0,1,2.86,-1.86
2026-06-04,LVPEI - BHILLS,LVPEI - BHILLS,Biofinity XR 6 Lense pack (new),Biofinity XR 6 Lense pack (new),Tag71,1.0,10,9.95,0.05
2026-06-08,LVPEI - BHILLS,LVPEI - BHILLS,Biofinity XR 6 Lense pack (new),Biofinity XR 6 Lense pack (new),Tag71,1.0,6,2.23,3.77
2026-06-09,LVPEI - BHILLS,LVPEI - BHILLS,Biofinity XR 6 Lense pack (new),Biofinity XR 6 Lense pack (new),Tag71,1.0,4,2.61,1.39
2026-06-10,LVPEI - BHILLS,LVPEI - BHILLS,Biofinity XR 6 Lense pack (new),Biofinity XR 6 Lense pack (new),Tag71,1.0,2,2.78,-0.78
2026-06-13,LVPEI - BHILLS,LVPEI - BHILLS,Biofinity XR 6 Lense pack (new),Biofinity XR 6 Lense pack (new),Tag71,1.0,6,2.72,3.28
2026-06-15,LVPEI - BHILLS,LVPEI - BHILLS,Biofinity XR 6 Lense pack (new),Biofinity XR 6 Lense pack (new),Tag71,1.0,2,2.93,-0.93
2026-06-16,LVPEI - BHILLS,LVPEI - BHILLS,Biofinity XR 6 Lense pack (new),Biofinity XR 6 Lense pack (new),Tag71,1.0,2,2.27,-0.27
2026-06-18,LVPEI - BHILLS,LVPEI - BHILLS,Biofinity XR 6 Lense pack (new),Biofinity XR 6 Lense pack (new),Tag71,1.0,3,2.39,0.61
2026-06-22,LVPEI - BHILLS,LVPEI - BHILLS,Biofinity XR 6 Lense pack (new),Biofinity XR 6 Lense pack (new),Tag71,1.0,11,10.74,0.26
2026-06-23,LVPEI - BHILLS,LVPEI - BHILLS,Biofinity XR 6 Lense pack (new),Biofinity XR 6 Lense pack (new),Tag71,1.0,2,2.41,-0.41
2026-05-28,LVPEI - BHILLS,LVPEI - BHILLS,MY DAY (30 LENS PK),MY DAY (30 LENS PK),Tag71,1.0,2,2.13,-0.13
2026-04-28,LVPEI - BHILLS,LVPEI - BHILLS,MY DAY TORIC (30 LENS PK),MY DAY TORIC (30 LENS PK),Tag71,1.0,2,2.19,-0.19
2026-05-26,LVPEI - BHILLS,LVPEI - BHILLS,MY DAY TORIC (30 LENS PK),MY DAY TORIC (30 LENS PK),Tag71,1.0,2,2.13,-0.13
2026-04-02,LVPEI - BHILLS,LVPEI - BHILLS,Proclear 6 Lens pack(New),Proclear 6 Lens pack(New),Tag71,1.0,2,2.34,-0.34
2026-04-30,LVPEI - BHILLS,LVPEI - BHILLS,Proclear 6 Lens pack(New),Proclear 6 Lens pack(New),Tag71,1.0,4,2.48,1.52
2026-05-11,LVPEI - BHILLS,LVPEI - BHILLS,Proclear 6 Lens pack(New),Proclear 6 Lens pack(New),Tag71,1.0,1,2.36,-1.36
2026-05-14,LVPEI - BHILLS,LVPEI - BHILLS,Proclear 6 Lens pack(New),Proclear 6 Lens pack(New),Tag71,1.0,1,2.14,-1.14
2026-05-23,LVPEI - BHILLS,LVPEI - BHILLS,Proclear 6 Lens pack(New),Proclear 6 Lens pack(New),Tag71,1.0,1,2.15,-1.15
2026-06-04,LVPEI - BHILLS,LVPEI - BHILLS,Proclear 6 Lens pack(New),Proclear 6 Lens pack(New),Tag71,1.0,1,2.21,-1.21
2026-06-18,LVPEI - BHILLS,LVPEI - BHILLS,Proclear 6 Lens pack(New),Proclear 6 Lens pack(New),Tag71,1.0,3,2.2,0.8
2026-05-29,LVPEI - KADAPA,LVPEI - KADAPA,ASPIRE PRO TORIC (3 LENS PACK),ASPIRE PRO TORIC (3 LENS PACK),Tag71,1.0,1,2.18,-1.18
2026-05-30,LVPEI - MADHAPUR,LVPEI - MADHAPUR,ASPIRE PRO (3 LENS PACK),ASPIRE PRO (3 LENS PACK),Tag71,1.0,2,2.42,-0.42
2026-04-11,LVPEI - MADHAPUR,LVPEI - MADHAPUR,ASPIRE PRO TORIC (3 LENS PACK),ASPIRE PRO TORIC (3 LENS PACK),Tag71,1.0,2,2.25,-0.25
2026-04-30,LVPEI - MADHAPUR,LVPEI - MADHAPUR,Biofinity Torics 3 Lens pack (new) XR,Biofinity Torics 3 Lens pack (new) XR,Tag71,1.0,4,2.61,1.39
2026-05-14,LVPEI- Vijayawads,LVPEI- Vijayawads,ASPIRE GO MAX 1DAY TORIC 30LENS PK,ASPIRE GO MAX 1DAY TORIC 30LENS PK,Tag71,1.0,2,2.02,-0.02
2026-05-26,LVPEI- Vijayawads,LVPEI- Vijayawads,ASPIRE GO MAX 1DAY TORIC 30LENS PK,ASPIRE GO MAX 1DAY TORIC 30LENS PK,Tag71,1.0,2,2.04,-0.04
2026-06-10,LVPEI- Vijayawads,LVPEI- Vijayawads,ASPIRE GO MAX 1DAY TORIC 30LENS PK,ASPIRE GO MAX 1DAY TORIC 30LENS PK,Tag71,1.0,2,2.02,-0.02
2026-04-28,LVPEI- Vijayawads,LVPEI- Vijayawads,ASPIRE PRO (3 LENS PACK),ASPIRE PRO (3 LENS PACK),Tag71,1.0,2,2.08,-0.08
2026-05-07,LVPEI- Vijayawads,LVPEI- Vijayawads,ASPIRE PRO (3 LENS PACK),ASPIRE PRO (3 LENS PACK),Tag71,1.0,1,2.02,-1.02
2026-06-03,LVPEI- Vijayawads,LVPEI- Vijayawads,ASPIRE PRO (3 LENS PACK),ASPIRE PRO (3 LENS PACK),Tag71,1.0,2,2.03,-0.03
2026-06-06,LVPEI- Vijayawads,LVPEI- Vijayawads,ASPIRE PRO (3 LENS PACK),ASPIRE PRO (3 LENS PACK),Tag71,1.0,2,2.0,0.0
2026-06-15,LVPEI- Vijayawads,LVPEI- Vijayawads,ASPIRE PRO (3 LENS PACK),ASPIRE PRO (3 LENS PACK),Tag71,1.0,1,2.02,-1.02
2026-06-18,LVPEI- Vijayawads,LVPEI- Vijayawads,ASPIRE PRO (3 LENS PACK),ASPIRE PRO (3 LENS PACK),Tag71,1.0,4,2.02,1.98
2026-04-18,LVPEI- Vijayawads,LVPEI- Vijayawads,ASPIRE PRO (6 LENS PACK),ASPIRE PRO (6 LENS PACK),Tag71,1.0,1,2.0,-1.0
2026-04-21,LVPEI- Vijayawads,LVPEI- Vijayawads,ASPIRE PRO (6 LENS PACK),ASPIRE PRO (6 LENS PACK),Tag71,1.0,1,1.79,-0.79
2026-04-28,LVPEI- Vijayawads,LVPEI- Vijayawads,ASPIRE PRO (6 LENS PACK),ASPIRE PRO (6 LENS PACK),Tag71,1.0,2,1.79,0.21
2026-04-30,LVPEI- Vijayawads,LVPEI- Vijayawads,ASPIRE PRO (6 LENS PACK),ASPIRE PRO (6 LENS PACK),Tag71,1.0,1,2.28,-1.28
2026-06-03,LVPEI- Vijayawads,LVPEI- Vijayawads,ASPIRE PRO (6 LENS PACK),ASPIRE PRO (6 LENS PACK),Tag71,1.0,2,1.94,0.06
2026-06-12,LVPEI- Vijayawads,LVPEI- Vijayawads,ASPIRE PRO (6 LENS PACK),ASPIRE PRO (6 LENS PACK),Tag71,1.0,3,1.86,1.14
2026-06-18,LVPEI- Vijayawads,LVPEI- Vijayawads,ASPIRE PRO (6 LENS PACK),ASPIRE PRO (6 LENS PACK),Tag71,1.0,2,2.02,-0.02
2026-04-17,LVPEI- Vijayawads,LVPEI- Vijayawads,ASPIRE PRO TORIC (3 LENS PACK),ASPIRE PRO TORIC (3 LENS PACK),Tag71,1.0,4,2.14,1.86
2026-04-21,LVPEI- Vijayawads,LVPEI- Vijayawads,ASPIRE PRO TORIC (3 LENS PACK),ASPIRE PRO TORIC (3 LENS PACK),Tag71,1.0,4,2.38,1.62
2026-04-30,LVPEI- Vijayawads,LVPEI- Vijayawads,ASPIRE PRO TORIC (3 LENS PACK),ASPIRE PRO TORIC (3 LENS PACK),Tag71,1.0,4,2.68,1.32
2026-05-14,LVPEI- Vijayawads,LVPEI- Vijayawads,ASPIRE PRO TORIC (3 LENS PACK),ASPIRE PRO TORIC (3 LENS PACK),Tag71,1.0,1,2.31,-1.31
2026-05-16,LVPEI- Vijayawads,LVPEI- Vijayawads,ASPIRE PRO TORIC (3 LENS PACK),ASPIRE PRO TORIC (3 LENS PACK),Tag71,1.0,1,2.31,-1.31
2026-05-20,LVPEI- Vijayawads,LVPEI- Vijayawads,ASPIRE PRO TORIC (3 LENS PACK),ASPIRE PRO TORIC (3 LENS PACK),Tag71,1.0,4,2.21,1.79
2026-05-30,LVPEI- Vijayawads,LVPEI- Vijayawads,ASPIRE PRO TORIC (3 LENS PACK),ASPIRE PRO TORIC (3 LENS PACK),Tag71,1.0,2,2.66,-0.66
2026-06-06,LVPEI- Vijayawads,LVPEI- Vijayawads,ASPIRE PRO TORIC (3 LENS PACK),ASPIRE PRO TORIC (3 LENS PACK),Tag71,1.0,5,2.55,2.45
2026-06-12,LVPEI- Vijayawads,LVPEI- Vijayawads,ASPIRE PRO TORIC (3 LENS PACK),ASPIRE PRO TORIC (3 LENS PACK),Tag71,1.0,4,2.54,1.46
2026-06-15,LVPEI- Vijayawads,LVPEI- Vijayawads,ASPIRE PRO TORIC (3 LENS PACK),ASPIRE PRO TORIC (3 LENS PACK),Tag71,1.0,5,2.56,2.44
2026-06-18,LVPEI- Vijayawads,LVPEI- Vijayawads,ASPIRE PRO TORIC (3 LENS PACK),ASPIRE PRO TORIC (3 LENS PACK),Tag71,1.0,1,2.4,-1.4
2026-05-14,LVPEI- Vijayawads,LVPEI- Vijayawads,Biofinity Torics 3 Lens pack (new) XR,Biofinity Torics 3 Lens pack (new) XR,Tag71,1.0,2,2.15,-0.15
2026-04-03,LVPEI- Vijayawads,LVPEI- Vijayawads,Biofinity XR 6 Lense pack (new),Biofinity XR 6 Lense pack (new),Tag71,1.0,2,2.19,-0.19
2026-04-17,LVPEI- Vijayawads,LVPEI- Vijayawads,Biofinity XR 6 Lense pack (new),Biofinity XR 6 Lense pack (new),Tag71,1.0,1,2.12,-1.12
2026-04-21,LVPEI- Vijayawads,LVPEI- Vijayawads,Biofinity XR 6 Lense pack (new),Biofinity XR 6 Lense pack (new),Tag71,1.0,2,2.2,-0.2
2026-04-28,LVPEI- Vijayawads,LVPEI- Vijayawads,Biofinity XR 6 Lense pack (new),Biofinity XR 6 Lense pack (new),Tag71,1.0,1,2.2,-1.2
2026-05-16,LVPEI- Vijayawads,LVPEI- Vijayawads,Biofinity XR 6 Lense pack (new),Biofinity XR 6 Lense pack (new),Tag71,1.0,1,2.06,-1.06
2026-05-20,LVPEI- Vijayawads,LVPEI- Vijayawads,Biofinity XR 6 Lense pack (new),Biofinity XR 6 Lense pack (new),Tag71,1.0,2,1.99,0.01
2026-05-26,LVPEI- Vijayawads,LVPEI- Vijayawads,Biofinity XR 6 Lense pack (new),Biofinity XR 6 Lense pack (new),Tag71,1.0,2,2.14,-0.14
2026-04-21,LVPI - Vizag,LVPI - Vizag,ASPIRE AIR (6 LENS PACK) New,ASPIRE AIR (6 LENS PACK) New,Tag71,1.0,1,1.87,-0.87
2026-05-22,LVPI - Vizag,LVPI - Vizag,ASPIRE AIR (6 LENS PACK) New,ASPIRE AIR (6 LENS PACK) New,Tag71,1.0,1,1.51,-0.51
2026-06-06,LVPI - Vizag,LVPI - Vizag,ASPIRE AIR TORIC (3 LENS PACK),ASPIRE AIR TORIC (3 LENS PACK),Tag71,1.0,2,2.0,0.0
2026-04-11,LVPI - Vizag,LVPI - Vizag,ASPIRE GO 30LENS PK - NEW,ASPIRE GO 30LENS PK - NEW,Tag71,1.0,2,2.06,-0.06
2026-06-10,LVPI - Vizag,LVPI - Vizag,ASPIRE GO MAX 1DAY SPH 30LENS PK,ASPIRE GO MAX 1DAY SPH 30LENS PK,Tag71,1.0,1,2.02,-1.02
2026-05-29,LVPI - Vizag,LVPI - Vizag,ASPIRE GO MAX 1DAY TORIC 30LENS PK,ASPIRE GO MAX 1DAY TORIC 30LENS PK,Tag71,1.0,2,2.01,-0.01
2026-06-18,LVPI - Vizag,LVPI - Vizag,ASPIRE GO MAX 1DAY TORIC 30LENS PK,ASPIRE GO MAX 1DAY TORIC 30LENS PK,Tag71,1.0,2,2.02,-0.02
2026-04-03,LVPI - Vizag,LVPI - Vizag,ASPIRE PRO (3 LENS PACK),ASPIRE PRO (3 LENS PACK),Tag71,1.0,1,2.07,-1.07
2026-04-11,LVPI - Vizag,LVPI - Vizag,ASPIRE PRO (3 LENS PACK),ASPIRE PRO (3 LENS PACK),Tag71,1.0,3,1.77,1.23
2026-04-16,LVPI - Vizag,LVPI - Vizag,ASPIRE PRO (3 LENS PACK),ASPIRE PRO (3 LENS PACK),Tag71,1.0,2,2.15,-0.15
2026-04-30,LVPI - Vizag,LVPI - Vizag,ASPIRE PRO (3 LENS PACK),ASPIRE PRO (3 LENS PACK),Tag71,1.0,1,2.45,-1.45
2026-05-14,LVPI - Vizag,LVPI - Vizag,ASPIRE PRO (3 LENS PACK),ASPIRE PRO (3 LENS PACK),Tag71,1.0,3,2.02,0.98
2026-05-16,LVPI - Vizag,LVPI - Vizag,ASPIRE PRO (3 LENS PACK),ASPIRE PRO (3 LENS PACK),Tag71,1.0,1,1.96,-0.96
2026-05-22,LVPI - Vizag,LVPI - Vizag,ASPIRE PRO (3 LENS PACK),ASPIRE PRO (3 LENS PACK),Tag71,1.0,3,2.01,0.99
2026-06-06,LVPI - Vizag,LVPI - Vizag,ASPIRE PRO (3 LENS PACK),ASPIRE PRO (3 LENS PACK),Tag71,1.0,2,2.0,0.0
2026-06-18,LVPI - Vizag,LVPI - Vizag,ASPIRE PRO (3 LENS PACK),ASPIRE PRO (3 LENS PACK),Tag71,1.0,1,2.21,-1.21
2026-06-20,LVPI - Vizag,LVPI - Vizag,ASPIRE PRO (3 LENS PACK),ASPIRE PRO (3 LENS PACK),Tag71,1.0,1,1.99,-0.99
2026-04-07,LVPI - Vizag,LVPI - Vizag,ASPIRE PRO (6 LENS PACK),ASPIRE PRO (6 LENS PACK),Tag71,1.0,3,2.12,0.88
2026-04-23,LVPI - Vizag,LVPI - Vizag,ASPIRE PRO (6 LENS PACK),ASPIRE PRO (6 LENS PACK),Tag71,1.0,1,2.18,-1.18
2026-04-30,LVPI - Vizag,LVPI - Vizag,ASPIRE PRO (6 LENS PACK),ASPIRE PRO (6 LENS PACK),Tag71,1.0,2,2.54,-0.54
2026-05-14,LVPI - Vizag,LVPI - Vizag,ASPIRE PRO (6 LENS PACK),ASPIRE PRO (6 LENS PACK),Tag71,1.0,2,2.02,-0.02
2026-05-29,LVPI - Vizag,LVPI - Vizag,ASPIRE PRO (6 LENS PACK),ASPIRE PRO (6 LENS PACK),Tag71,1.0,1,2.01,-1.01
2026-05-30,LVPI - Vizag,LVPI - Vizag,ASPIRE PRO (6 LENS PACK),ASPIRE PRO (6 LENS PACK),Tag71,1.0,1,2.38,-1.38
2026-06-03,LVPI - Vizag,LVPI - Vizag,ASPIRE PRO (6 LENS PACK),ASPIRE PRO (6 LENS PACK),Tag71,1.0,1,2.03,-1.03
2026-06-09,LVPI - Vizag,LVPI - Vizag,ASPIRE PRO (6 LENS PACK),ASPIRE PRO (6 LENS PACK),Tag71,1.0,1,2.21,-1.21
2026-06-12,LVPI - Vizag,LVPI - Vizag,ASPIRE PRO (6 LENS PACK),ASPIRE PRO (6 LENS PACK),Tag71,1.0,2,1.86,0.14
2026-06-18,LVPI - Vizag,LVPI - Vizag,ASPIRE PRO (6 LENS PACK),ASPIRE PRO (6 LENS PACK),Tag71,1.0,1,1.88,-0.88
2026-04-03,LVPI - Vizag,LVPI - Vizag,ASPIRE PRO TORIC (3 LENS PACK),ASPIRE PRO TORIC (3 LENS PACK),Tag71,1.0,7,6.91,0.09
2026-04-13,LVPI - Vizag,LVPI - Vizag,ASPIRE PRO TORIC (3 LENS PACK),ASPIRE PRO TORIC (3 LENS PACK),Tag71,1.0,1,2.36,-1.36
2026-04-16,LVPI - Vizag,LVPI - Vizag,ASPIRE PRO TORIC (3 LENS PACK),ASPIRE PRO TORIC (3 LENS PACK),Tag71,1.0,2,2.82,-0.82
2026-04-21,LVPI - Vizag,LVPI - Vizag,ASPIRE PRO TORIC (3 LENS PACK),ASPIRE PRO TORIC (3 LENS PACK),Tag71,1.0,6,2.84,3.16
2026-04-23,LVPI - Vizag,LVPI - Vizag,ASPIRE PRO TORIC (3 LENS PACK),ASPIRE PRO TORIC (3 LENS PACK),Tag71,1.0,4,2.84,1.16
2026-04-28,LVPI - Vizag,LVPI - Vizag,ASPIRE PRO TORIC (3 LENS PACK),ASPIRE PRO TORIC (3 LENS PACK),Tag71,1.0,2,2.76,-0.76
2026-04-30,LVPI - Vizag,LVPI - Vizag,ASPIRE PRO TORIC (3 LENS PACK),ASPIRE PRO TORIC (3 LENS PACK),Tag71,1.0,1,3.05,-2.05
2026-05-08,LVPI - Vizag,LVPI - Vizag,ASPIRE PRO TORIC (3 LENS PACK),ASPIRE PRO TORIC (3 LENS PACK),Tag71,1.0,4,2.54,1.46
2026-05-14,LVPI - Vizag,LVPI - Vizag,ASPIRE PRO TORIC (3 LENS PACK),ASPIRE PRO TORIC (3 LENS PACK),Tag71,1.0,1,2.57,-1.57
2026-05-16,LVPI - Vizag,LVPI - Vizag,ASPIRE PRO TORIC (3 LENS PACK),ASPIRE PRO TORIC (3 LENS PACK),Tag71,1.0,6,2.59,3.41
2026-05-22,LVPI - Vizag,LVPI - Vizag,ASPIRE PRO TORIC (3 LENS PACK),ASPIRE PRO TORIC (3 LENS PACK),Tag71,1.0,2,2.84,-0.84
2026-06-03,LVPI - Vizag,LVPI - Vizag,ASPIRE PRO TORIC (3 LENS PACK),ASPIRE PRO TORIC (3 LENS PACK),Tag71,1.0,2,2.73,-0.73
2026-06-09,LVPI - Vizag,LVPI - Vizag,ASPIRE PRO TORIC (3 LENS PACK),ASPIRE PRO TORIC (3 LENS PACK),Tag71,1.0,6,2.52,3.48
2026-06-12,LVPI - Vizag,LVPI - Vizag,ASPIRE PRO TORIC (3 LENS PACK),ASPIRE PRO TORIC (3 LENS PACK),Tag71,1.0,2,2.53,-0.53
2026-06-18,LVPI - Vizag,LVPI - Vizag,ASPIRE PRO TORIC (3 LENS PACK),ASPIRE PRO TORIC (3 LENS PACK),Tag71,1.0,4,2.84,1.16
2026-05-14,LVPI - Vizag,LVPI - Vizag,Biofinity Torics 3 Lens pack (new) XR,Biofinity Torics 3 Lens pack (new) XR,Tag71,1.0,1,2.15,-1.15
2026-04-03,LVPI - Vizag,LVPI - Vizag,Biofinity XR 6 Lense pack (new),Biofinity XR 6 Lense pack (new),Tag71,1.0,3,2.19,0.81
2026-04-07,LVPI - Vizag,LVPI - Vizag,Biofinity XR 6 Lense pack (new),Biofinity XR 6 Lense pack (new),Tag71,1.0,2,2.4,-0.4
2026-04-13,LVPI - Vizag,LVPI - Vizag,Biofinity XR 6 Lense pack (new),Biofinity XR 6 Lense pack (new),Tag71,1.0,3,2.18,0.82
2026-04-16,LVPI - Vizag,LVPI - Vizag,Biofinity XR 6 Lense pack (new),Biofinity XR 6 Lense pack (new),Tag71,1.0,2,2.18,-0.18
2026-04-23,LVPI - Vizag,LVPI - Vizag,Biofinity XR 6 Lense pack (new),Biofinity XR 6 Lense pack (new),Tag71,1.0,4,2.2,1.8
2026-04-30,LVPI - Vizag,LVPI - Vizag,Biofinity XR 6 Lense pack (new),Biofinity XR 6 Lense pack (new),Tag71,1.0,1,2.5,-1.5
2026-05-08,LVPI - Vizag,LVPI - Vizag,Biofinity XR 6 Lense pack (new),Biofinity XR 6 Lense pack (new),Tag71,1.0,1,2.06,-1.06
2026-05-14,LVPI - Vizag,LVPI - Vizag,Biofinity XR 6 Lense pack (new),Biofinity XR 6 Lense pack (new),Tag71,1.0,2,2.26,-0.26
2026-05-16,LVPI - Vizag,LVPI - Vizag,Biofinity XR 6 Lense pack (new),Biofinity XR 6 Lense pack (new),Tag71,1.0,6,2.16,3.84
2026-05-20,LVPI - Vizag,LVPI - Vizag,Biofinity XR 6 Lense pack (new),Biofinity XR 6 Lense pack (new),Tag71,1.0,3,2.46,0.54
2026-05-22,LVPI - Vizag,LVPI - Vizag,Biofinity XR 6 Lense pack (new),Biofinity XR 6 Lense pack (new),Tag71,1.0,2,2.26,-0.26
2026-05-26,LVPI - Vizag,LVPI - Vizag,Biofinity XR 6 Lense pack (new),Biofinity XR 6 Lense pack (new),Tag71,1.0,9,9.09,-0.09
2026-05-29,LVPI - Vizag,LVPI - Vizag,Biofinity XR 6 Lense pack (new),Biofinity XR 6 Lense pack (new),Tag71,1.0,1,2.64,-1.64
2026-05-30,LVPI - Vizag,LVPI - Vizag,Biofinity XR 6 Lense pack (new),Biofinity XR 6 Lense pack (new),Tag71,1.0,1,2.93,-1.93
2026-06-03,LVPI - Vizag,LVPI - Vizag,Biofinity XR 6 Lense pack (new),Biofinity XR 6 Lense pack (new),Tag71,1.0,4,2.53,1.47
2026-06-06,LVPI - Vizag,LVPI - Vizag,Biofinity XR 6 Lense pack (new),Biofinity XR 6 Lense pack (new),Tag71,1.0,1,2.69,-1.69
2026-06-09,LVPI - Vizag,LVPI - Vizag,Biofinity XR 6 Lense pack (new),Biofinity XR 6 Lense pack (new),Tag71,1.0,1,2.55,-1.55
2026-06-10,LVPI - Vizag,LVPI - Vizag,Biofinity XR 6 Lense pack (new),Biofinity XR 6 Lense pack (new),Tag71,1.0,2,2.36,-0.36
2026-06-12,LVPI - Vizag,LVPI - Vizag,Biofinity XR 6 Lense pack (new),Biofinity XR 6 Lense pack (new),Tag71,1.0,5,2.52,2.48
2026-06-18,LVPI - Vizag,LVPI - Vizag,Biofinity XR 6 Lense pack (new),Biofinity XR 6 Lense pack (new),Tag71,1.0,3,1.78,1.22
2026-06-20,LVPI - Vizag,LVPI - Vizag,Biofinity XR 6 Lense pack (new),Biofinity XR 6 Lense pack (new),Tag71,1.0,6,1.84,4.16
2026-05-14,LVPI - Vizag,LVPI - Vizag,Proclear 6 Lens pack(New),Proclear 6 Lens pack(New),Tag71,1.0,1,2.02,-1.02
2026-06-10,LVPI- Bubaneshwar,LVPI- Bubaneshwar,ASPIRE AIR (6 LENS PACK) New,ASPIRE AIR (6 LENS PACK) New,Tag71,1.0,2,1.83,0.17
2026-06-18,LVPI- Bubaneshwar,LVPI- Bubaneshwar,ASPIRE AIR (6 LENS PACK) New,ASPIRE AIR (6 LENS PACK) New,Tag71,1.0,2,1.83,0.17
2026-04-10,LVPI- Bubaneshwar,LVPI- Bubaneshwar,ASPIRE AIR TORIC (3 LENS PACK),ASPIRE AIR TORIC (3 LENS PACK),Tag71,1.0,1,2.06,-1.06
2026-04-28,LVPI- Bubaneshwar,LVPI- Bubaneshwar,ASPIRE AIR TORIC (3 LENS PACK),ASPIRE AIR TORIC (3 LENS PACK),Tag71,1.0,2,1.79,0.21
2026-04-10,LVPI- Bubaneshwar,LVPI- Bubaneshwar,ASPIRE PRO (6 LENS PACK),ASPIRE PRO (6 LENS PACK),Tag71,1.0,1,2.06,-1.06
2026-04-18,LVPI- Bubaneshwar,LVPI- Bubaneshwar,ASPIRE PRO (6 LENS PACK),ASPIRE PRO (6 LENS PACK),Tag71,1.0,2,1.7,0.3
2026-04-30,LVPI- Bubaneshwar,LVPI- Bubaneshwar,ASPIRE PRO (6 LENS PACK),ASPIRE PRO (6 LENS PACK),Tag71,1.0,3,2.45,0.55
2026-05-07,LVPI- Bubaneshwar,LVPI- Bubaneshwar,ASPIRE PRO (6 LENS PACK),ASPIRE PRO (6 LENS PACK),Tag71,1.0,2,2.02,-0.02
2026-06-10,LVPI- Bubaneshwar,LVPI- Bubaneshwar,ASPIRE PRO (6 LENS PACK),ASPIRE PRO (6 LENS PACK),Tag71,1.0,1,2.02,-1.02
2026-06-18,LVPI- Bubaneshwar,LVPI- Bubaneshwar,ASPIRE PRO (6 LENS PACK),ASPIRE PRO (6 LENS PACK),Tag71,1.0,2,2.02,-0.02
2026-04-06,LVPI- Bubaneshwar,LVPI- Bubaneshwar,ASPIRE PRO TORIC (3 LENS PACK),ASPIRE PRO TORIC (3 LENS PACK),Tag71,1.0,1,2.28,-1.28
2026-04-30,LVPI- Bubaneshwar,LVPI- Bubaneshwar,ASPIRE PRO TORIC (3 LENS PACK),ASPIRE PRO TORIC (3 LENS PACK),Tag71,1.0,1,2.2,-1.2
2026-05-07,LVPI- Bubaneshwar,LVPI- Bubaneshwar,ASPIRE PRO TORIC (3 LENS PACK),ASPIRE PRO TORIC (3 LENS PACK),Tag71,1.0,2,1.9,0.1
2026-05-14,LVPI- Bubaneshwar,LVPI- Bubaneshwar,ASPIRE PRO TORIC (3 LENS PACK),ASPIRE PRO TORIC (3 LENS PACK),Tag71,1.0,2,2.01,-0.01
2026-05-29,LVPI- Bubaneshwar,LVPI- Bubaneshwar,ASPIRE PRO TORIC (3 LENS PACK),ASPIRE PRO TORIC (3 LENS PACK),Tag71,1.0,1,2.14,-1.14
2026-06-18,LVPI- Bubaneshwar,LVPI- Bubaneshwar,ASPIRE PRO TORIC (3 LENS PACK),ASPIRE PRO TORIC (3 LENS PACK),Tag71,1.0,4,2.01,1.99
2026-04-18,LVPI- Bubaneshwar,LVPI- Bubaneshwar,Biofinity Torics 3 Lens pack (new) XR,Biofinity Torics 3 Lens pack (new) XR,Tag71,1.0,2,2.14,-0.14
2026-04-30,LVPI- Bubaneshwar,LVPI- Bubaneshwar,Biofinity Torics 3 Lens pack (new) XR,Biofinity Torics 3 Lens pack (new) XR,Tag71,1.0,3,2.52,0.48
2026-04-03,LVPI- Bubaneshwar,LVPI- Bubaneshwar,Biofinity XR 6 Lense pack (new),Biofinity XR 6 Lense pack (new),Tag71,1.0,3,2.19,0.81
2026-04-06,LVPI- Bubaneshwar,LVPI- Bubaneshwar,Biofinity XR 6 Lense pack (new),Biofinity XR 6 Lense pack (new),Tag71,1.0,5,2.41,2.59
2026-04-10,LVPI- Bubaneshwar,LVPI- Bubaneshwar,Biofinity XR 6 Lense pack (new),Biofinity XR 6 Lense pack (new),Tag71,1.0,4,2.44,1.56
2026-04-18,LVPI- Bubaneshwar,LVPI- Bubaneshwar,Biofinity XR 6 Lense pack (new),Biofinity XR 6 Lense pack (new),Tag71,1.0,2,2.28,-0.28
2026-04-30,LVPI- Bubaneshwar,LVPI- Bubaneshwar,Biofinity XR 6 Lense pack (new),Biofinity XR 6 Lense pack (new),Tag71,1.0,2,2.75,-0.75
2026-05-07,LVPI- Bubaneshwar,LVPI- Bubaneshwar,Biofinity XR 6 Lense pack (new),Biofinity XR 6 Lense pack (new),Tag71,1.0,2,2.38,-0.38
2026-05-29,LVPI- Bubaneshwar,LVPI- Bubaneshwar,Biofinity XR 6 Lense pack (new),Biofinity XR 6 Lense pack (new),Tag71,1.0,1,2.37,-1.37
2026-06-18,LVPI- Bubaneshwar,LVPI- Bubaneshwar,Biofinity XR 6 Lense pack (new),Biofinity XR 6 Lense pack (new),Tag71,1.0,3,2.41,0.59
2026-06-18,LVPI- Bubaneshwar,LVPI- Bubaneshwar,MY DAY (30 LENS PK),MY DAY (30 LENS PK),Tag71,1.0,2,2.02,-0.02
2026-05-04,Lalitha Spectacles Eye Design - Moosarambagh,Lalitha Spectacles Eye Design - Moosarambagh,ASPIRE PRO TORIC (3 LENS PACK),ASPIRE PRO TORIC (3 LENS PACK),Intra State B2B,1094.75,2,2.08,-0.08
2026-04-02,Lalitha Spectacles Eye Design - Moosarambagh,Lalitha Spectacles Eye Design - Moosarambagh,MY DAY TORIC (30 LENS PK),MY DAY TORIC (30 LENS PK),Intra State B2B,1943.25,2,1.96,0.04
2026-05-25,Laxmi Paint House,Laxmi Paint House,VETRA LV (401) 20 GM (SCHEME),VETRA LV (401) 20 GM (SCHEME),Intra State B2B,44.41,40,39.9,0.1
2026-05-25,Laxmi Paint House,Laxmi Paint House,VETRA LV (401) 50 GM (SHEME),VETRA LV (401) 50 GM (SHEME),Intra State B2B,89.71,40,39.9,0.1
2026-06-22,Liberty (abids),Liberty (abids),Biofinity XR 6 Lense pack (new),Biofinity XR 6 Lense pack (new),Tag71,2395.0,1,1.85,-0.85
2026-05-16,MAHADEV OPTICALS - KARIMNAGAR,MAHADEV OPTICALS - KARIMNAGAR,ASPIRE AIR (6 LENS PACK) New,ASPIRE AIR (6 LENS PACK) New,Intra State B2B,1318.5,1,1.57,-0.57
2026-04-13,MAHADEV OPTICALS - KARIMNAGAR,MAHADEV OPTICALS - KARIMNAGAR,ASPIRE GO MAX 1DAY TORIC 30LENS PK,ASPIRE GO MAX 1DAY TORIC 30LENS PK,Intra State B2B,1670.0,2,1.85,0.15
2026-06-04,MAHADEV OPTICALS - KARIMNAGAR,MAHADEV OPTICALS - KARIMNAGAR,ASPIRE PRO MULTIFOCAL TRIAL 1LENS PK,ASPIRE PRO MULTIFOCAL TRIAL 1LENS PK,Tag71,1.0,2,1.98,0.02
2026-04-30,MAHADEV OPTICALS - KARIMNAGAR,MAHADEV OPTICALS - KARIMNAGAR,Clarity 1Day 1Pk Trails,Clarity 1Day 1Pk Trails,Intra State B2B,1.0,40,39.9,0.1
2026-04-13,MAHADEV OPTICALS - KARIMNAGAR,MAHADEV OPTICALS - KARIMNAGAR,Courier Chargers,Courier Chargers,Intra State B2B,100.0,1,1.75,-0.75
2026-04-30,MAHADEV OPTICALS - KARIMNAGAR,MAHADEV OPTICALS - KARIMNAGAR,Courier Chargers,Courier Chargers,Intra State B2B,100.0,1,1.8,-0.8
2026-05-16,MAHADEV OPTICALS - KARIMNAGAR,MAHADEV OPTICALS - KARIMNAGAR,Courier Chargers,Courier Chargers,Intra State B2B,100.0,1,1.35,-0.35
2026-06-04,MAHADEV OPTICALS - KARIMNAGAR,MAHADEV OPTICALS - KARIMNAGAR,Courier Chargers,Courier Chargers,Tag71,150.0,1,1.46,-0.46
2026-04-30,MAHADEV OPTICALS - KARIMNAGAR,MAHADEV OPTICALS - KARIMNAGAR,MY DAY TORIC (30 LENS PK),MY DAY TORIC (30 LENS PK),Intra State B2B,1943.25,2,2.19,-0.19
2026-04-30,MAHADEV OPTICALS - KARIMNAGAR,MAHADEV OPTICALS - KARIMNAGAR,MY DAY TORIC (30 LENS PK),MY DAY TORIC (30 LENS PK),Intra State B2B,1943.25,2,2.19,-0.19
2026-04-24,MAHAVIR OPTICS - ABIDS,MAHAVIR OPTICS - ABIDS,ASPIRE AIR (3 LENS PACK),ASPIRE AIR (3 LENS PACK),Intra State B2B,466.92,1,1.46,-0.46
2026-06-01,MAHAVIR OPTICS - ABIDS,MAHAVIR OPTICS - ABIDS,ASPIRE AIR (3 LENS PACK),ASPIRE AIR (3 LENS PACK),Intra State B2B,466.92,1,1.25,-0.25
2026-04-15,MAHAVIR OPTICS - ABIDS,MAHAVIR OPTICS - ABIDS,ASPIRE AIR (6 LENS PACK) New,ASPIRE AIR (6 LENS PACK) New,Intra State B2B,922.69,1,1.66,-0.66
2026-04-17,MAHAVIR OPTICS - ABIDS,MAHAVIR OPTICS - ABIDS,ASPIRE AIR (6 LENS PACK) New,ASPIRE AIR (6 LENS PACK) New,Intra State B2B,922.69,1,1.31,-0.31
2026-04-18,MAHAVIR OPTICS - ABIDS,MAHAVIR OPTICS - ABIDS,ASPIRE AIR (6 LENS PACK) New,ASPIRE AIR (6 LENS PACK) New,Tag71,1.0,1,1.2,-0.2
2026-06-22,MAHAVIR OPTICS - ABIDS,MAHAVIR OPTICS - ABIDS,ASPIRE AIR (6 LENS PACK) New,ASPIRE AIR (6 LENS PACK) New,Intra State B2B,922.69,1,1.33,-0.33
2026-04-07,MAHAVIR OPTICS - ABIDS,MAHAVIR OPTICS - ABIDS,ASPIRE AIR TORIC (3 LENS PACK),ASPIRE AIR TORIC (3 LENS PACK),Intra State B2B,575.58,67,66.77,0.23
2026-04-10,MAHAVIR OPTICS - ABIDS,MAHAVIR OPTICS - ABIDS,ASPIRE AIR TORIC (3 LENS PACK),ASPIRE AIR TORIC (3 LENS PACK),Tag71,1.0,2,2.53,-0.53
2026-04-13,MAHAVIR OPTICS - ABIDS,MAHAVIR OPTICS - ABIDS,ASPIRE AIR TORIC (3 LENS PACK),ASPIRE AIR TORIC (3 LENS PACK),Tag71,1.0,1,2.38,-1.38
2026-04-15,MAHAVIR OPTICS - ABIDS,MAHAVIR OPTICS - ABIDS,ASPIRE AIR TORIC (3 LENS PACK),ASPIRE AIR TORIC (3 LENS PACK),Tag71,1.0,2,2.5,-0.5
2026-04-17,MAHAVIR OPTICS - ABIDS,MAHAVIR OPTICS - ABIDS,ASPIRE AIR TORIC (3 LENS PACK),ASPIRE AIR TORIC (3 LENS PACK),Tag71,1.0,4,2.44,1.56
2026-04-18,MAHAVIR OPTICS - ABIDS,MAHAVIR OPTICS - ABIDS,ASPIRE AIR TORIC (3 LENS PACK),ASPIRE AIR TORIC (3 LENS PACK),Tag71,1.0,2,2.44,-0.44
2026-04-23,MAHAVIR OPTICS - ABIDS,MAHAVIR OPTICS - ABIDS,ASPIRE AIR TORIC (3 LENS PACK),ASPIRE AIR TORIC (3 LENS PACK),Intra State B2B,1.0,4,2.52,1.48
2026-04-25,MAHAVIR OPTICS - ABIDS,MAHAVIR OPTICS - ABIDS,ASPIRE AIR TORIC (3 LENS PACK),ASPIRE AIR TORIC (3 LENS PACK),Tag71,1.0,1,2.45,-1.45
2026-04-28,MAHAVIR OPTICS - ABIDS,MAHAVIR OPTICS - ABIDS,ASPIRE AIR TORIC (3 LENS PACK),ASPIRE AIR TORIC (3 LENS PACK),Tag71,1.0,4,2.36,1.64
2026-04-29,MAHAVIR OPTICS - ABIDS,MAHAVIR OPTICS - ABIDS,ASPIRE AIR TORIC (3 LENS PACK),ASPIRE AIR TORIC (3 LENS PACK),Tag71,1.0,1,2.28,-1.28
2026-05-13,MAHAVIR OPTICS - ABIDS,MAHAVIR OPTICS - ABIDS,ASPIRE AIR TORIC (3 LENS PACK),ASPIRE AIR TORIC (3 LENS PACK),Tag71,1.0,2,2.18,-0.18
2026-05-22,MAHAVIR OPTICS - ABIDS,MAHAVIR OPTICS - ABIDS,ASPIRE AIR TORIC (3 LENS PACK),ASPIRE AIR TORIC (3 LENS PACK),Tag71,1.0,8,8.03,-0.03
2026-05-26,MAHAVIR OPTICS - ABIDS,MAHAVIR OPTICS - ABIDS,ASPIRE AIR TORIC TRAIL (1 LENS PACK),ASPIRE AIR TORIC TRAIL (1 LENS PACK),Intra State B2B,1.0,1,2.0,-1.0
2026-06-18,MAHAVIR OPTICS - ABIDS,MAHAVIR OPTICS - ABIDS,ASPIRE GO 30LENS PK - NEW,ASPIRE GO 30LENS PK - NEW,Intra State B2B,693.35,9,8.73,0.27
2026-04-23,MAHAVIR OPTICS - ABIDS,MAHAVIR OPTICS - ABIDS,ASPIRE GO MAX 1DAY M.F 30LENS PK,ASPIRE GO MAX 1DAY M.F 30LENS PK,Intra State B2B,1541.5,2,2.03,-0.03
2026-04-25,MAHAVIR OPTICS - ABIDS,MAHAVIR OPTICS - ABIDS,ASPIRE GO MAX 1DAY M.F 30LENS PK,ASPIRE GO MAX 1DAY M.F 30LENS PK,Intra State B2B,1541.5,2,1.97,0.03
2026-05-30,MAHAVIR OPTICS - ABIDS,MAHAVIR OPTICS - ABIDS,ASPIRE GO MAX 1DAY M.F 30LENS PK,ASPIRE GO MAX 1DAY M.F 30LENS PK,Intra State B2B,1541.05,2,2.38,-0.38
2026-06-05,MAHAVIR OPTICS - ABIDS,MAHAVIR OPTICS - ABIDS,ASPIRE GO MAX 1DAY SPH 30LENS PK,ASPIRE GO MAX 1DAY SPH 30LENS PK,Intra State B2B,955.52,1,1.89,-0.89
2026-04-04,MAHAVIR OPTICS - ABIDS,MAHAVIR OPTICS - ABIDS,ASPIRE GO MAX 1DAY TORIC 30LENS PK,ASPIRE GO MAX 1DAY TORIC 30LENS PK,Intra State B2B,1209.02,1,1.92,-0.92
2026-04-07,MAHAVIR OPTICS - ABIDS,MAHAVIR OPTICS - ABIDS,ASPIRE GO MAX 1DAY TORIC 30LENS PK,ASPIRE GO MAX 1DAY TORIC 30LENS PK,Intra State B2B,1209.02,2,1.72,0.28
2026-04-11,MAHAVIR OPTICS - ABIDS,MAHAVIR OPTICS - ABIDS,ASPIRE GO MAX 1DAY TORIC 30LENS PK,ASPIRE GO MAX 1DAY TORIC 30LENS PK,Intra State B2B,1209.02,2,1.91,0.09
2026-04-21,MAHAVIR OPTICS - ABIDS,MAHAVIR OPTICS - ABIDS,ASPIRE GO MAX 1DAY TORIC 30LENS PK,ASPIRE GO MAX 1DAY TORIC 30LENS PK,Intra State B2B,1209.02,1,1.97,-0.97
2026-05-02,MAHAVIR OPTICS - ABIDS,MAHAVIR OPTICS - ABIDS,ASPIRE GO MAX 1DAY TORIC 30LENS PK,ASPIRE GO MAX 1DAY TORIC 30LENS PK,Intra State B2B,1209.02,6,2.19,3.81
2026-05-05,MAHAVIR OPTICS - ABIDS,MAHAVIR OPTICS - ABIDS,ASPIRE GO MAX 1DAY TORIC 30LENS PK,ASPIRE GO MAX 1DAY TORIC 30LENS PK,Intra State B2B,1209.02,4,2.14,1.86
2026-05-07,MAHAVIR OPTICS - ABIDS,MAHAVIR OPTICS - ABIDS,ASPIRE GO MAX 1DAY TORIC 30LENS PK,ASPIRE GO MAX 1DAY TORIC 30LENS PK,Intra State B2B,1209.02,1,2.13,-1.13
2026-05-15,MAHAVIR OPTICS - ABIDS,MAHAVIR OPTICS - ABIDS,ASPIRE GO MAX 1DAY TORIC 30LENS PK,ASPIRE GO MAX 1DAY TORIC 30LENS PK,Intra State B2B,1209.02,2,2.2,-0.2
2026-05-29,MAHAVIR OPTICS - ABIDS,MAHAVIR OPTICS - ABIDS,ASPIRE GO MAX 1DAY TORIC 30LENS PK,ASPIRE GO MAX 1DAY TORIC 30LENS PK,Intra State B2B,1209.02,12,11.71,0.29
2026-06-02,MAHAVIR OPTICS - ABIDS,MAHAVIR OPTICS - ABIDS,ASPIRE GO MAX 1DAY TORIC 30LENS PK,ASPIRE GO MAX 1DAY TORIC 30LENS PK,Intra State B2B,1209.02,2,2.55,-0.55
2026-06-06,MAHAVIR OPTICS - ABIDS,MAHAVIR OPTICS - ABIDS,ASPIRE GO MAX 1DAY TORIC 30LENS PK,ASPIRE GO MAX 1DAY TORIC 30LENS PK,Intra State B2B,1209.02,1,2.26,-1.26
2026-06-11,MAHAVIR OPTICS - ABIDS,MAHAVIR OPTICS - ABIDS,ASPIRE GO MAX 1DAY TORIC 30LENS PK,ASPIRE GO MAX 1DAY TORIC 30LENS PK,Intra State B2B,1209.02,1,2.47,-1.47
2026-06-16,MAHAVIR OPTICS - ABIDS,MAHAVIR OPTICS - ABIDS,ASPIRE GO MAX 1DAY TORIC 30LENS PK,ASPIRE GO MAX 1DAY TORIC 30LENS PK,Intra State B2B,1209.02,1,2.66,-1.66
2026-04-09,MAHAVIR OPTICS - ABIDS,MAHAVIR OPTICS - ABIDS,ASPIRE PRO (3 LENS PACK),ASPIRE PRO (3 LENS PACK),Intra State B2B,704.79,1,1.96,-0.96
2026-04-10,MAHAVIR OPTICS - ABIDS,MAHAVIR OPTICS - ABIDS,ASPIRE PRO (3 LENS PACK),ASPIRE PRO (3 LENS PACK),Intra State B2B,704.79,1,1.61,-0.61
2026-04-23,MAHAVIR OPTICS - ABIDS,MAHAVIR OPTICS - ABIDS,ASPIRE PRO (3 LENS PACK),ASPIRE PRO (3 LENS PACK),Intra State B2B,704.79,1,1.68,-0.68
2026-04-28,MAHAVIR OPTICS - ABIDS,MAHAVIR OPTICS - ABIDS,ASPIRE PRO (3 LENS PACK),ASPIRE PRO (3 LENS PACK),Intra State B2B,704.79,1,1.68,-0.68
2026-04-29,MAHAVIR OPTICS - ABIDS,MAHAVIR OPTICS - ABIDS,ASPIRE PRO (3 LENS PACK),ASPIRE PRO (3 LENS PACK),Intra State B2B,704.79,1,1.68,-0.68
2026-05-07,MAHAVIR OPTICS - ABIDS,MAHAVIR OPTICS - ABIDS,ASPIRE PRO (3 LENS PACK),ASPIRE PRO (3 LENS PACK),Intra State B2B,704.79,2,1.67,0.33
2026-05-18,MAHAVIR OPTICS - ABIDS,MAHAVIR OPTICS - ABIDS,ASPIRE PRO (3 LENS PACK),ASPIRE PRO (3 LENS PACK),Intra State B2B,704.79,3,1.77,1.23
2026-05-26,MAHAVIR OPTICS - ABIDS,MAHAVIR OPTICS - ABIDS,ASPIRE PRO (3 LENS PACK),ASPIRE PRO (3 LENS PACK),Intra State B2B,704.79,1,1.71,-0.71
2026-06-02,MAHAVIR OPTICS - ABIDS,MAHAVIR OPTICS - ABIDS,ASPIRE PRO (3 LENS PACK),ASPIRE PRO (3 LENS PACK),Intra State B2B,704.79,2,2.04,-0.04
2026-06-06,MAHAVIR OPTICS - ABIDS,MAHAVIR OPTICS - ABIDS,ASPIRE PRO (3 LENS PACK),ASPIRE PRO (3 LENS PACK),Intra State B2B,704.79,2,1.89,0.11
2026-06-09,MAHAVIR OPTICS - ABIDS,MAHAVIR OPTICS - ABIDS,ASPIRE PRO (3 LENS PACK),ASPIRE PRO (3 LENS PACK),Intra State B2B,704.79,1,1.83,-0.83
2026-06-16,MAHAVIR OPTICS - ABIDS,MAHAVIR OPTICS - ABIDS,ASPIRE PRO (3 LENS PACK),ASPIRE PRO (3 LENS PACK),Intra State B2B,704.79,3,1.83,1.17
2026-06-17,MAHAVIR OPTICS - ABIDS,MAHAVIR OPTICS - ABIDS,ASPIRE PRO (3 LENS PACK),ASPIRE PRO (3 LENS PACK),Intra State B2B,704.79,1,1.91,-0.91
2026-06-22,MAHAVIR OPTICS - ABIDS,MAHAVIR OPTICS - ABIDS,ASPIRE PRO (3 LENS PACK),ASPIRE PRO (3 LENS PACK),Intra State B2B,704.79,2,2.13,-0.13
2026-05-15,MAHAVIR OPTICS - ABIDS,MAHAVIR OPTICS - ABIDS,ASPIRE PRO (6 LENS PACK),ASPIRE PRO (6 LENS PACK),Intra State B2B,1357.39,4,1.85,2.15
2026-06-08,MAHAVIR OPTICS - ABIDS,MAHAVIR OPTICS - ABIDS,ASPIRE PRO (6 LENS PACK),ASPIRE PRO (6 LENS PACK),Intra State B2B,1357.39,2,2.01,-0.01
2026-06-15,MAHAVIR OPTICS - ABIDS,MAHAVIR OPTICS - ABIDS,ASPIRE PRO (6 LENS PACK),ASPIRE PRO (6 LENS PACK),Intra State B2B,1357.39,1,2.1,-1.1
2026-06-16,MAHAVIR OPTICS - ABIDS,MAHAVIR OPTICS - ABIDS,ASPIRE PRO (6 LENS PACK),ASPIRE PRO (6 LENS PACK),Intra State B2B,1357.39,1,1.98,-0.98
2026-04-08,MAHAVIR OPTICS - ABIDS,MAHAVIR OPTICS - ABIDS,ASPIRE PRO MULTIFOCAL (3LENS PACK),ASPIRE PRO MULTIFOCAL (3LENS PACK),Intra State B2B,1459.35,2,1.96,0.04
2026-04-30,MAHAVIR OPTICS - ABIDS,MAHAVIR OPTICS - ABIDS,ASPIRE PRO MULTIFOCAL (3LENS PACK),ASPIRE PRO MULTIFOCAL (3LENS PACK),Intra State B2B,1459.35,4,2.39,1.61
2026-05-02,MAHAVIR OPTICS - ABIDS,MAHAVIR OPTICS - ABIDS,ASPIRE PRO MULTIFOCAL (3LENS PACK),ASPIRE PRO MULTIFOCAL (3LENS PACK),Intra State B2B,1459.35,2,2.38,-0.38
2026-05-04,MAHAVIR OPTICS - ABIDS,MAHAVIR OPTICS - ABIDS,ASPIRE PRO MULTIFOCAL (3LENS PACK),ASPIRE PRO MULTIFOCAL (3LENS PACK),Intra State B2B,1459.35,2,2.02,-0.02
2026-05-07,MAHAVIR OPTICS - ABIDS,MAHAVIR OPTICS - ABIDS,ASPIRE PRO MULTIFOCAL (3LENS PACK),ASPIRE PRO MULTIFOCAL (3LENS PACK),Intra State B2B,1459.35,2,1.91,0.09
2026-05-09,MAHAVIR OPTICS - ABIDS,MAHAVIR OPTICS - ABIDS,ASPIRE PRO MULTIFOCAL (3LENS PACK),ASPIRE PRO MULTIFOCAL (3LENS PACK),Intra State B2B,1459.35,1,1.85,-0.85
2026-05-12,MAHAVIR OPTICS - ABIDS,MAHAVIR OPTICS - ABIDS,ASPIRE PRO MULTIFOCAL (3LENS PACK),ASPIRE PRO MULTIFOCAL (3LENS PACK),Intra State B2B,1459.35,1,1.91,-0.91
2026-05-26,MAHAVIR OPTICS - ABIDS,MAHAVIR OPTICS - ABIDS,ASPIRE PRO MULTIFOCAL (3LENS PACK),ASPIRE PRO MULTIFOCAL (3LENS PACK),Intra State B2B,1459.35,2,1.93,0.07
2026-06-06,MAHAVIR OPTICS - ABIDS,MAHAVIR OPTICS - ABIDS,ASPIRE PRO MULTIFOCAL (3LENS PACK),ASPIRE PRO MULTIFOCAL (3LENS PACK),Intra State B2B,1459.35,1,2.09,-1.09
2026-06-19,MAHAVIR OPTICS - ABIDS,MAHAVIR OPTICS - ABIDS,ASPIRE PRO MULTIFOCAL (3LENS PACK),ASPIRE PRO MULTIFOCAL (3LENS PACK),Intra State B2B,1459.35,2,1.88,0.12
2026-04-03,MAHAVIR OPTICS - ABIDS,MAHAVIR OPTICS - ABIDS,ASPIRE PRO MULTIFOCAL TRIAL 1LENS PK,ASPIRE PRO MULTIFOCAL TRIAL 1LENS PK,Intra State B2B,1.0,2,2.03,-0.03
2026-04-07,MAHAVIR OPTICS - ABIDS,MAHAVIR OPTICS - ABIDS,ASPIRE PRO MULTIFOCAL TRIAL 1LENS PK,ASPIRE PRO MULTIFOCAL TRIAL 1LENS PK,Intra State B2B,1.0,2,2.08,-0.08
2026-04-08,MAHAVIR OPTICS - ABIDS,MAHAVIR OPTICS - ABIDS,ASPIRE PRO MULTIFOCAL TRIAL 1LENS PK,ASPIRE PRO MULTIFOCAL TRIAL 1LENS PK,Intra State B2B,10.0,2,2.03,-0.03
2026-04-23,MAHAVIR OPTICS - ABIDS,MAHAVIR OPTICS - ABIDS,ASPIRE PRO MULTIFOCAL TRIAL 1LENS PK,ASPIRE PRO MULTIFOCAL TRIAL 1LENS PK,Intra State B2B,1.0,2,2.03,-0.03
2026-05-09,MAHAVIR OPTICS - ABIDS,MAHAVIR OPTICS - ABIDS,ASPIRE PRO MULTIFOCAL TRIAL 1LENS PK,ASPIRE PRO MULTIFOCAL TRIAL 1LENS PK,Intra State B2B,1.0,1,1.92,-0.92
2026-05-23,MAHAVIR OPTICS - ABIDS,MAHAVIR OPTICS - ABIDS,ASPIRE PRO MULTIFOCAL TRIAL 1LENS PK,ASPIRE PRO MULTIFOCAL TRIAL 1LENS PK,Intra State B2B,1.0,2,1.97,0.03
2026-05-26,MAHAVIR OPTICS - ABIDS,MAHAVIR OPTICS - ABIDS,ASPIRE PRO MULTIFOCAL TRIAL 1LENS PK,ASPIRE PRO MULTIFOCAL TRIAL 1LENS PK,Intra State B2B,1.0,2,2.0,0.0
2026-04-24,MAHAVIR OPTICS - ABIDS,MAHAVIR OPTICS - ABIDS,ASPIRE PRO TORIC (3 LENS PACK),ASPIRE PRO TORIC (3 LENS PACK),Tag71,1.0,1,2.12,-1.12
2026-06-19,MAHAVIR OPTICS - ABIDS,MAHAVIR OPTICS - ABIDS,ASPIRE PRO TORIC (3 LENS PACK),ASPIRE PRO TORIC (3 LENS PACK),Tag71,1.0,1,1.78,-0.78
2026-05-23,MAHAVIR OPTICS - ABIDS,MAHAVIR OPTICS - ABIDS,ASPIRE PRO TRAIL (1 LENS PACK),ASPIRE PRO TRAIL (1 LENS PACK),Intra State B2B,1.0,1,2.1,-1.1
2026-04-21,MAHAVIR OPTICS - ABIDS,MAHAVIR OPTICS - ABIDS,Biofinity Energys  (3 lens pack) New,Biofinity Energys  (3 lens pack) New,Intra State B2B,880.81,2,2.12,-0.12
2026-05-08,MAHAVIR OPTICS - ABIDS,MAHAVIR OPTICS - ABIDS,Biofinity XR 6 Lense pack (new),Biofinity XR 6 Lense pack (new),Intra State B2B,2130.45,2,1.72,0.28
2026-05-26,MAHAVIR OPTICS - ABIDS,MAHAVIR OPTICS - ABIDS,Biofinity XR 6 Lense pack (new),Biofinity XR 6 Lense pack (new),Intra State B2B,2130.45,1,1.85,-0.85
2026-06-09,MAHAVIR OPTICS - ABIDS,MAHAVIR OPTICS - ABIDS,Biofinity XR 6 Lense pack (new),Biofinity XR 6 Lense pack (new),Intra State B2B,2130.45,1,1.83,-0.83
2026-06-19,MAHAVIR OPTICS - ABIDS,MAHAVIR OPTICS - ABIDS,Biofinity XR 6 Lense pack (new),Biofinity XR 6 Lense pack (new),Intra State B2B,2130.45,1,1.62,-0.62
2026-05-07,MAHAVIR OPTICS - ABIDS,MAHAVIR OPTICS - ABIDS,Biomedics Now ( 6pk ) New,Biomedics Now ( 6pk ) New,Intra State B2B,432.67,1,2.01,-1.01
2026-05-08,MAHAVIR OPTICS - ABIDS,MAHAVIR OPTICS - ABIDS,Biomedics Now ( 6pk ) New,Biomedics Now ( 6pk ) New,Intra State B2B,432.67,4,1.71,2.29
2026-05-13,MAHAVIR OPTICS - ABIDS,MAHAVIR OPTICS - ABIDS,Biomedics Now ( 6pk ) New,Biomedics Now ( 6pk ) New,Intra State B2B,432.67,1,2.2,-1.2
2026-05-22,MAHAVIR OPTICS - ABIDS,MAHAVIR OPTICS - ABIDS,Biomedics Now (1lens Pk),Biomedics Now (1lens Pk),Intra State B2B,76.77,260,259.76,0.24
2026-04-13,MAHAVIR OPTICS - ABIDS,MAHAVIR OPTICS - ABIDS,Biomedics Now (6 Lens pack) NEW,Biomedics Now (6 Lens pack) NEW,Intra State B2B,432.67,1,2.07,-1.07
2026-05-08,MAHAVIR OPTICS - ABIDS,MAHAVIR OPTICS - ABIDS,Clarity 1Day MF 1Pk Trail,Clarity 1Day MF 1Pk Trail,Intra State B2B,1.0,2,2.02,-0.02
2026-04-06,MAHAVIR OPTICS - ABIDS,MAHAVIR OPTICS - ABIDS,Coupoun Air Toric,Coupoun Air Toric,Tag71,1.0,2,2.21,-0.21
2026-04-07,MAHAVIR OPTICS - ABIDS,MAHAVIR OPTICS - ABIDS,Coupoun Air Toric,Coupoun Air Toric,Tag71,1.0,2,2.2,-0.2
2026-04-08,MAHAVIR OPTICS - ABIDS,MAHAVIR OPTICS - ABIDS,Coupoun Air Toric,Coupoun Air Toric,Tag71,1.0,2,2.2,-0.2
2026-04-24,MAHAVIR OPTICS - ABIDS,MAHAVIR OPTICS - ABIDS,Coupoun Air Toric,Coupoun Air Toric,Tag71,1.0,2,2.1,-0.1
2026-05-26,MAHAVIR OPTICS - ABIDS,MAHAVIR OPTICS - ABIDS,Coupoun Air Toric,Coupoun Air Toric,Tag71,1.0,6,2.1,3.9
2026-05-30,MAHAVIR OPTICS - ABIDS,MAHAVIR OPTICS - ABIDS,Coupoun Air Toric,Coupoun Air Toric,Tag71,1.0,4,2.54,1.46
2026-06-06,MAHAVIR OPTICS - ABIDS,MAHAVIR OPTICS - ABIDS,Coupoun Air Toric,Coupoun Air Toric,Tag71,1.0,2,2.25,-0.25
2026-06-17,MAHAVIR OPTICS - ABIDS,MAHAVIR OPTICS - ABIDS,Coupoun Air Toric,Coupoun Air Toric,Tag71,1.0,1,2.27,-1.27
2026-06-20,MAHAVIR OPTICS - ABIDS,MAHAVIR OPTICS - ABIDS,Coupoun Air Toric,Coupoun Air Toric,Tag71,1.0,1,2.08,-1.08
2026-06-20,MAHAVIR OPTICS - ABIDS,MAHAVIR OPTICS - ABIDS,Coupoun Air Toric,Coupoun Air Toric,Intra State B2B,575.58,67,66.75,0.25
2026-04-04,MAHAVIR OPTICS - ABIDS,MAHAVIR OPTICS - ABIDS,Coupoun Pro Toric,Coupoun Pro Toric,Tag71,1.0,2,2.15,-0.15
2026-04-08,MAHAVIR OPTICS - ABIDS,MAHAVIR OPTICS - ABIDS,Coupoun Pro Toric,Coupoun Pro Toric,Tag71,1.0,2,2.2,-0.2
2026-04-10,MAHAVIR OPTICS - ABIDS,MAHAVIR OPTICS - ABIDS,Coupoun Pro Toric,Coupoun Pro Toric,Tag71,1.0,2,2.14,-0.14
2026-04-16,MAHAVIR OPTICS - ABIDS,MAHAVIR OPTICS - ABIDS,Coupoun Pro Toric,Coupoun Pro Toric,Tag71,1.0,4,2.13,1.87
2026-04-18,MAHAVIR OPTICS - ABIDS,MAHAVIR OPTICS - ABIDS,Coupoun Pro Toric,Coupoun Pro Toric,Tag71,1.0,1,2.07,-1.07
2026-04-21,MAHAVIR OPTICS - ABIDS,MAHAVIR OPTICS - ABIDS,Coupoun Pro Toric,Coupoun Pro Toric,Tag71,1.0,2,2.25,-0.25
2026-04-23,MAHAVIR OPTICS - ABIDS,MAHAVIR OPTICS - ABIDS,Coupoun Pro Toric,Coupoun Pro Toric,Tag71,1.0,3,2.15,0.85
2026-04-28,MAHAVIR OPTICS - ABIDS,MAHAVIR OPTICS - ABIDS,Coupoun Pro Toric,Coupoun Pro Toric,Tag71,1.0,1,2.15,-1.15
2026-04-29,MAHAVIR OPTICS - ABIDS,MAHAVIR OPTICS - ABIDS,Coupoun Pro Toric,Coupoun Pro Toric,Tag71,1.0,5,2.25,2.75
2026-05-02,MAHAVIR OPTICS - ABIDS,MAHAVIR OPTICS - ABIDS,Coupoun Pro Toric,Coupoun Pro Toric,Tag71,1.0,4,2.47,1.53
2026-05-05,MAHAVIR OPTICS - ABIDS,MAHAVIR OPTICS - ABIDS,Coupoun Pro Toric,Coupoun Pro Toric,Tag71,1.0,5,2.23,2.77
2026-05-07,MAHAVIR OPTICS - ABIDS,MAHAVIR OPTICS - ABIDS,Coupoun Pro Toric,Coupoun Pro Toric,Tag71,1.0,1,2.02,-1.02
2026-05-08,MAHAVIR OPTICS - ABIDS,MAHAVIR OPTICS - ABIDS,Coupoun Pro Toric,Coupoun Pro Toric,Tag71,1.0,1,2.05,-1.05
2026-05-09,MAHAVIR OPTICS - ABIDS,MAHAVIR OPTICS - ABIDS,Coupoun Pro Toric,Coupoun Pro Toric,Tag71,1.0,2,2.21,-0.21
2026-05-13,MAHAVIR OPTICS - ABIDS,MAHAVIR OPTICS - ABIDS,Coupoun Pro Toric,Coupoun Pro Toric,Tag71,1.0,1,2.14,-1.14
2026-05-15,MAHAVIR OPTICS - ABIDS,MAHAVIR OPTICS - ABIDS,Coupoun Pro Toric,Coupoun Pro Toric,Tag71,1.0,2,2.21,-0.21
2026-05-15,MAHAVIR OPTICS - ABIDS,MAHAVIR OPTICS - ABIDS,Coupoun Pro Toric,Coupoun Pro Toric,Tag71,1.0,2,2.13,-0.13
2026-05-16,MAHAVIR OPTICS - ABIDS,MAHAVIR OPTICS - ABIDS,Coupoun Pro Toric,Coupoun Pro Toric,Tag71,1.0,2,2.13,-0.13
2026-05-18,MAHAVIR OPTICS - ABIDS,MAHAVIR OPTICS - ABIDS,Coupoun Pro Toric,Coupoun Pro Toric,Tag71,1.0,1,1.62,-0.62
2026-05-29,MAHAVIR OPTICS - ABIDS,MAHAVIR OPTICS - ABIDS,Coupoun Pro Toric,Coupoun Pro Toric,Tag71,1.0,6,2.07,3.93
2026-06-01,MAHAVIR OPTICS - ABIDS,MAHAVIR OPTICS - ABIDS,Coupoun Pro Toric,Coupoun Pro Toric,Tag71,1.0,7,7.03,-0.03
2026-06-02,MAHAVIR OPTICS - ABIDS,MAHAVIR OPTICS - ABIDS,Coupoun Pro Toric,Coupoun Pro Toric,Tag71,1.0,5,2.15,2.85
2026-06-02,MAHAVIR OPTICS - ABIDS,MAHAVIR OPTICS - ABIDS,Coupoun Pro Toric,Coupoun Pro Toric,Tag71,1.0,1,2.57,-1.57
2026-06-05,MAHAVIR OPTICS - ABIDS,MAHAVIR OPTICS - ABIDS,Coupoun Pro Toric,Coupoun Pro Toric,Tag71,1.0,2,2.26,-0.26
2026-06-08,MAHAVIR OPTICS - ABIDS,MAHAVIR OPTICS - ABIDS,Coupoun Pro Toric,Coupoun Pro Toric,Tag71,1.0,7,6.85,0.15
2026-06-10,MAHAVIR OPTICS - ABIDS,MAHAVIR OPTICS - ABIDS,Coupoun Pro Toric,Coupoun Pro Toric,Tag71,1.0,1,2.0,-1.0
2026-06-11,MAHAVIR OPTICS - ABIDS,MAHAVIR OPTICS - ABIDS,Coupoun Pro Toric,Coupoun Pro Toric,Tag71,1.0,2,2.18,-0.18
2026-06-12,MAHAVIR OPTICS - ABIDS,MAHAVIR OPTICS - ABIDS,Coupoun Pro Toric,Coupoun Pro Toric,Tag71,1.0,3,2.46,0.54
2026-06-16,MAHAVIR OPTICS - ABIDS,MAHAVIR OPTICS - ABIDS,Coupoun Pro Toric,Coupoun Pro Toric,Tag71,1.0,8,7.59,0.41
2026-06-17,MAHAVIR OPTICS - ABIDS,MAHAVIR OPTICS - ABIDS,Coupoun Pro Toric,Coupoun Pro Toric,Tag71,1.0,2,2.51,-0.51
2026-06-18,MAHAVIR OPTICS - ABIDS,MAHAVIR OPTICS - ABIDS,Coupoun Pro Toric,Coupoun Pro Toric,Tag71,1.0,1,2.57,-1.57
2026-06-20,MAHAVIR OPTICS - ABIDS,MAHAVIR OPTICS - ABIDS,Coupoun Pro Toric,Coupoun Pro Toric,Intra State B2B,820.74,47,46.07,0.93
2026-06-23,MAHAVIR OPTICS - ABIDS,MAHAVIR OPTICS - ABIDS,Coupoun Pro Toric,Coupoun Pro Toric,Tag71,1.0,2,2.17,-0.17
2026-06-02,MAHAVIR OPTICS - ABIDS,MAHAVIR OPTICS - ABIDS,MY DAY (30 LENS PK),MY DAY (30 LENS PK),Intra State B2B,1245.33,4,2.02,1.98
2026-06-10,MAHAVIR OPTICS - ABIDS,MAHAVIR OPTICS - ABIDS,MY DAY (30 LENS PK),MY DAY (30 LENS PK),Tag71,1.0,1,1.76,-0.76
2026-06-11,MAHAVIR OPTICS - ABIDS,MAHAVIR OPTICS - ABIDS,MY DAY (30 LENS PK),MY DAY (30 LENS PK),Tag71,1.0,1,2.15,-1.15
2026-04-03,MAHAVIR OPTICS - ABIDS,MAHAVIR OPTICS - ABIDS,MY DAY TORIC (30 LENS PK),MY DAY TORIC (30 LENS PK),Intra State B2B,1567.74,2,1.99,0.01
2026-04-07,MAHAVIR OPTICS - ABIDS,MAHAVIR OPTICS - ABIDS,MY DAY TORIC (30 LENS PK),MY DAY TORIC (30 LENS PK),Intra State B2B,1567.74,2,2.04,-0.04
2026-04-23,MAHAVIR OPTICS - ABIDS,MAHAVIR OPTICS - ABIDS,MY DAY TORIC (30 LENS PK),MY DAY TORIC (30 LENS PK),Intra State B2B,1567.74,4,2.04,1.96
2026-05-11,MAHAVIR OPTICS - ABIDS,MAHAVIR OPTICS - ABIDS,MY DAY TORIC (30 LENS PK),MY DAY TORIC (30 LENS PK),Intra State B2B,1567.74,2,2.06,-0.06
2026-05-23,MAHAVIR OPTICS - ABIDS,MAHAVIR OPTICS - ABIDS,MY DAY TORIC (30 LENS PK),MY DAY TORIC (30 LENS PK),Intra State B2B,1567.74,4,1.96,2.04
2026-06-18,MAHAVIR OPTICS - ABIDS,MAHAVIR OPTICS - ABIDS,MY DAY TORIC (30 LENS PK),MY DAY TORIC (30 LENS PK),Intra State B2B,1567.74,4,2.06,1.94
2026-05-15,MAHAVIR OPTICS - ABIDS,MAHAVIR OPTICS - ABIDS,Proclear 6 Lens pack(New),Proclear 6 Lens pack(New),Intra State B2B,817.67,1,1.85,-0.85
2026-05-02,MARTHALA HOSPITALS PVT LTD,MARTHALA HOSPITALS PVT LTD,RGB PREPRAZOR,RGB PREPRAZOR,Intra State B2B,12.0,100,99.82,0.18
2026-06-02,MARTHALA HOSPITALS PVT LTD,MARTHALA HOSPITALS PVT LTD,RGB PREPRAZOR,RGB PREPRAZOR,Intra State B2B,12.0,100,99.8,0.2
2026-04-30,MAXIVISIO SUPER SPECIALITY EYE HOSPITAL - Vanastalipuram,MAXIVISIO SUPER SPECIALITY EYE HOSPITAL - Vanastalipuram,Proclear 6 Lens pack(New),Proclear 6 Lens pack(New),Intra State B2B,973.75,2,2.33,-0.33
2026-04-02,MAXIVISION SUPER SPECIALITY EYE HOSPITALS - Madhapur,MAXIVISION SUPER SPECIALITY EYE HOSPITALS - Madhapur,ASPIRE PRO TORIC (3 LENS PACK),ASPIRE PRO TORIC (3 LENS PACK),Intra State B2B,1094.75,2,2.22,-0.22
2026-05-14,MAXIVISION SUPER SPECIALITY EYE HOSPITALS - Madhapur,MAXIVISION SUPER SPECIALITY EYE HOSPITALS - Madhapur,Biofinity Torics 3 Lens pack (new) XR,Biofinity Torics 3 Lens pack (new) XR,Intra State B2B,2477.75,2,2.1,-0.1
2026-05-30,MAXIVISION SUPER SPECIALITY EYE HOSPITALS - Somajiguda,MAXIVISION SUPER SPECIALITY EYE HOSPITALS - Somajiguda,ASPIRE GO MAX 1DAY M.F 30LENS PK,ASPIRE GO MAX 1DAY M.F 30LENS PK,Intra State B2B,2085.25,2,2.14,-0.14
2026-06-20,MAXIVISION SUPER SPECIALITY EYE HOSPITALS - Somajiguda,MAXIVISION SUPER SPECIALITY EYE HOSPITALS - Somajiguda,ASPIRE GO MAX 1DAY M.F 30LENS PK,ASPIRE GO MAX 1DAY M.F 30LENS PK,Intra State B2B,2085.25,1,1.7,-0.7
2026-05-30,MAXIVISION SUPER SPECIALITY EYE HOSPITALS - Somajiguda,MAXIVISION SUPER SPECIALITY EYE HOSPITALS - Somajiguda,ASPIRE PRO MULTIFOCAL (3LENS PACK),ASPIRE PRO MULTIFOCAL (3LENS PACK),Intra State B2B,1588.25,2,2.22,-0.22
2026-06-03,MAXIVISION SUPER SPECIALITY EYE HOSPITALS - Somajiguda,MAXIVISION SUPER SPECIALITY EYE HOSPITALS - Somajiguda,ASPIRE PRO MULTIFOCAL (3LENS PACK),ASPIRE PRO MULTIFOCAL (3LENS PACK),Tag71,1.0,2,1.54,0.46
2026-04-04,MAXIVISION SUPER SPECIALITY EYE HOSPITALS - Somajiguda,MAXIVISION SUPER SPECIALITY EYE HOSPITALS - Somajiguda,ASPIRE PRO TORIC (3 LENS PACK),ASPIRE PRO TORIC (3 LENS PACK),Intra State B2B,1094.75,2,2.06,-0.06
2026-04-08,MAXIVISION SUPER SPECIALITY EYE HOSPITALS - Somajiguda,MAXIVISION SUPER SPECIALITY EYE HOSPITALS - Somajiguda,ASPIRE PRO TORIC (3 LENS PACK),ASPIRE PRO TORIC (3 LENS PACK),Intra State B2B,1094.75,1,2.11,-1.11
2026-05-13,MAXIVISION SUPER SPECIALITY EYE HOSPITALS - Somajiguda,MAXIVISION SUPER SPECIALITY EYE HOSPITALS - Somajiguda,ASPIRE PRO TORIC (3 LENS PACK),ASPIRE PRO TORIC (3 LENS PACK),Intra State B2B,1094.75,1,2.04,-1.04
2026-05-14,MAXIVISION SUPER SPECIALITY EYE HOSPITALS - Somajiguda,MAXIVISION SUPER SPECIALITY EYE HOSPITALS - Somajiguda,ASPIRE PRO TORIC (3 LENS PACK),ASPIRE PRO TORIC (3 LENS PACK),Tag71,1.0,1,1.52,-0.52
2026-04-08,MAXIVISION SUPER SPECIALITY EYE HOSPITALS - Somajiguda,MAXIVISION SUPER SPECIALITY EYE HOSPITALS - Somajiguda,Biofinity Torics 3 Lens pack (new) XR,Biofinity Torics 3 Lens pack (new) XR,Intra State B2B,2477.75,1,1.88,-0.88
2026-05-13,MAXIVISION SUPER SPECIALITY EYE HOSPITALS - Somajiguda,MAXIVISION SUPER SPECIALITY EYE HOSPITALS - Somajiguda,Biofinity Torics 3 Lens pack (new) XR,Biofinity Torics 3 Lens pack (new) XR,Intra State B2B,2477.75,7,6.73,0.27
2026-05-14,MAXIVISION SUPER SPECIALITY EYE HOSPITALS - Somajiguda,MAXIVISION SUPER SPECIALITY EYE HOSPITALS - Somajiguda,Biofinity Torics 3 Lens pack (new) XR,Biofinity Torics 3 Lens pack (new) XR,Intra State B2B,2477.75,4,2.72,1.28
2026-04-18,MAXIVISION SUPER SPECIALITY EYE HOSPITALS - Somajiguda,MAXIVISION SUPER SPECIALITY EYE HOSPITALS - Somajiguda,Biofinity XR 6 Lense pack (new),Biofinity XR 6 Lense pack (new),Intra State B2B,2126.25,2,1.83,0.17
2026-05-15,MAXIVISION SUPER SPECIALITY EYE HOSPITALS - Somajiguda,MAXIVISION SUPER SPECIALITY EYE HOSPITALS - Somajiguda,MY DAY (30 LENS PK),MY DAY (30 LENS PK),Intra State B2B,1803.25,1,1.67,-0.67
2026-05-15,MAXIVISION SUPER SPECIALITY EYE HOSPITALS - Somajiguda,MAXIVISION SUPER SPECIALITY EYE HOSPITALS - Somajiguda,MY DAY TORIC (30 LENS PK),MY DAY TORIC (30 LENS PK),Intra State B2B,1943.25,1,1.67,-0.67
2026-06-08,MAXIVISION SUPER SPECIALITY EYE HOSPITALS - Somajiguda,MAXIVISION SUPER SPECIALITY EYE HOSPITALS - Somajiguda,MY DAY TORIC (30 LENS PK),MY DAY TORIC (30 LENS PK),Intra State B2B,1943.25,2,1.52,0.48
2026-05-11,MAXIVISION SUPER SPECIALITY EYE HOSPITALS-AS Rao Nagar,MAXIVISION SUPER SPECIALITY EYE HOSPITALS-AS Rao Nagar,ASPIRE PRO TORIC (3 LENS PACK),ASPIRE PRO TORIC (3 LENS PACK),Intra State B2B,1094.75,4,2.04,1.96
2026-06-20,MAXIVISION SUPER SPECIALITY EYE HOSPITALS-AS Rao Nagar,MAXIVISION SUPER SPECIALITY EYE HOSPITALS-AS Rao Nagar,ASPIRE PRO TORIC (3 LENS PACK),ASPIRE PRO TORIC (3 LENS PACK),Intra State B2B,1094.75,2,2.17,-0.17
2026-06-10,MAXIVISION SUPER SPECIALITY EYE HOSPITALS-AS Rao Nagar,MAXIVISION SUPER SPECIALITY EYE HOSPITALS-AS Rao Nagar,MY DAY (30 LENS PK),MY DAY (30 LENS PK),Intra State B2B,1803.25,1,1.77,-0.77
2026-06-10,MAXIVISION SUPER SPECIALITY EYE HOSPITALS-AS Rao Nagar,MAXIVISION SUPER SPECIALITY EYE HOSPITALS-AS Rao Nagar,MY DAY TORIC (30 LENS PK),MY DAY TORIC (30 LENS PK),Intra State B2B,1943.25,1,1.77,-0.77
2026-06-22,Maa Netralaya - Vizag,Maa Netralaya - Vizag,ASPIRE PRO (6 LENS PACK),ASPIRE PRO (6 LENS PACK),Tag71,2105.0,1,1.8,-0.8
2026-04-18,Maa Netralaya - Vizag,Maa Netralaya - Vizag,Biofinity XR 6 Lense pack (new),Biofinity XR 6 Lense pack (new),Tag71,2233.0,1,1.71,-0.71
2026-06-22,Maa Netralaya - Vizag,Maa Netralaya - Vizag,Biofinity XR 6 Lense pack (new),Biofinity XR 6 Lense pack (new),Tag71,2233.0,2,1.56,0.44
2026-04-18,Maa Netralaya - Vizag,Maa Netralaya - Vizag,Courier Chargers,Courier Chargers,Tag71,100.0,1,1.7,-0.7
2026-06-22,Maa Netralaya - Vizag,Maa Netralaya - Vizag,Courier Chargers,Courier Chargers,Tag71,150.0,1,1.43,-0.43
2026-06-15,Mahalaxmi Enterprises,Mahalaxmi Enterprises,BONDTITE FAST & CLEAR 1 KG (S),BONDTITE FAST & CLEAR 1 KG (S),Intra State B2B,1256.75,5,2.04,2.96
2026-06-15,Mahalaxmi Enterprises,Mahalaxmi Enterprises,VETRA LV (401) 20 GM (SCHEME),VETRA LV (401) 20 GM (SCHEME),Intra State B2B,44.41,140,119.72,20.28
2026-05-18,Mukunda Opticians,Mukunda Opticians,ASPIRE PRO TORIC (3 LENS PACK),ASPIRE PRO TORIC (3 LENS PACK),Tag71,1149.0,10,9.86,0.14
2026-05-18,Mukunda Opticians,Mukunda Opticians,ASPIRE PRO TORIC (3 LENS PACK),ASPIRE PRO TORIC (3 LENS PACK),Tag71,1.0,2,1.82,0.18
2026-06-23,Mukunda Opticians,Mukunda Opticians,Biofinity XR 6 Lense pack (new),Biofinity XR 6 Lense pack (new),Tag71,2233.0,1,1.85,-0.85
2026-05-08,Mukunda Opticians,Mukunda Opticians,Coupoun Pro Toric,Coupoun Pro Toric,Tag71,1.0,2,2.02,-0.02
2026-04-17,Mukunda Opticians,Mukunda Opticians,MY DAY (30 LENS PK),MY DAY (30 LENS PK),Tag71,1.0,1,1.97,-0.97
2026-04-04,N-Vision,N-Vision,Biomedics Now (6 Lens pack) NEW,Biomedics Now (6 Lens pack) NEW,Tag71,650.0,2,2.04,-0.04
2026-05-18,N-Vision,N-Vision,MY DAY (30 LENS PK),MY DAY (30 LENS PK),Tag71,1893.0,4,1.77,2.23
2026-05-11,NEW ARIHANT OPTICIANS - Himayatnagar,NEW ARIHANT OPTICIANS - Himayatnagar,ASPIRE PRO (3 LENS PACK),ASPIRE PRO (3 LENS PACK),Intra State B2B,1040.75,1,1.91,-0.91
2026-05-25,NEW ARIHANT OPTICIANS - Himayatnagar,NEW ARIHANT OPTICIANS - Himayatnagar,ASPIRE PRO (3 LENS PACK),ASPIRE PRO (3 LENS PACK),Intra State B2B,1040.75,1,1.64,-0.64
2026-05-07,NEW ARIHANT OPTICIANS - Himayatnagar,NEW ARIHANT OPTICIANS - Himayatnagar,ASPIRE PRO (6 LENS PACK),ASPIRE PRO (6 LENS PACK),Intra State B2B,2004.5,2,1.77,0.23
2026-05-08,NEW ARIHANT OPTICIANS - Himayatnagar,NEW ARIHANT OPTICIANS - Himayatnagar,ASPIRE PRO MULTIFOCAL (3LENS PACK),ASPIRE PRO MULTIFOCAL (3LENS PACK),Intra State B2B,1588.25,2,1.75,0.25
2026-06-23,NEW ARIHANT OPTICIANS - Himayatnagar,NEW ARIHANT OPTICIANS - Himayatnagar,ASPIRE PRO MULTIFOCAL (3LENS PACK),ASPIRE PRO MULTIFOCAL (3LENS PACK),Intra State B2B,1588.25,2,1.83,0.17
2026-04-04,NEW ARIHANT OPTICIANS - Himayatnagar,NEW ARIHANT OPTICIANS - Himayatnagar,ASPIRE PRO TORIC (3 LENS PACK),ASPIRE PRO TORIC (3 LENS PACK),Intra State B2B,1094.75,4,2.06,1.94
2026-05-08,NEW ARIHANT OPTICIANS - Himayatnagar,NEW ARIHANT OPTICIANS - Himayatnagar,ASPIRE PRO TORIC (3 LENS PACK),ASPIRE PRO TORIC (3 LENS PACK),Intra State B2B,1094.75,2,2.14,-0.14
2026-05-09,NEW ARIHANT OPTICIANS - Himayatnagar,NEW ARIHANT OPTICIANS - Himayatnagar,ASPIRE PRO TORIC (3 LENS PACK),ASPIRE PRO TORIC (3 LENS PACK),Intra State B2B,1094.75,2,2.24,-0.24
2026-05-11,NEW ARIHANT OPTICIANS - Himayatnagar,NEW ARIHANT OPTICIANS - Himayatnagar,ASPIRE PRO TORIC (3 LENS PACK),ASPIRE PRO TORIC (3 LENS PACK),Intra State B2B,1094.75,1,2.13,-1.13
2026-05-25,NEW ARIHANT OPTICIANS - Himayatnagar,NEW ARIHANT OPTICIANS - Himayatnagar,ASPIRE PRO TORIC (3 LENS PACK),ASPIRE PRO TORIC (3 LENS PACK),Intra State B2B,1094.75,1,2.16,-1.16
2026-05-09,NEW ARIHANT OPTICIANS - Himayatnagar,NEW ARIHANT OPTICIANS - Himayatnagar,ASPIRE PRO TORIC TRAIL (1 LENS PACK),ASPIRE PRO TORIC TRAIL (1 LENS PACK),Intra State B2B,1.0,1,2.04,-1.04
2026-04-08,NEW ARIHANT OPTICIANS - Himayatnagar,NEW ARIHANT OPTICIANS - Himayatnagar,Proclear 6 Lens pack(New),Proclear 6 Lens pack(New),Intra State B2B,973.75,2,1.98,0.02
2026-06-22,Neo Vision Habsiguda,Neo Vision Habsiguda,MY DAY TORIC (30 LENS PK),MY DAY TORIC (30 LENS PK),Tag71,2040.0,6,1.79,4.21
2026-05-15,New Orient Opticals,New Orient Opticals,Biomedics Now ( 6pk ) New,Biomedics Now ( 6pk ) New,Tag71,1.0,20,19.82,0.18
2026-05-15,New Orient Opticals,New Orient Opticals,Biomedics Now ( 6pk ) New,Biomedics Now ( 6pk ) New,Tag71,1012.0,20,19.8,0.2
2026-04-07,Noble Health Care,Noble Health Care,Safe AQ Max I Meter,Safe AQ Max I Meter,Intra State B2B,1.0,6,2.57,3.43
2026-04-07,Noble Health Care,Noble Health Care,Safe AQ Max I Meter,Safe AQ Max I Meter,Intra State B2B,110.0,10,10.06,-0.06
2026-04-07,Noble Health Care,Noble Health Care,Safe AQ Max I Strips Vial 100s,Safe AQ Max I Strips Vial 100s,Intra State B2B,420.0,30,29.95,0.05
2026-05-25,OPTICA VISION MATTERS - West Maredpally,OPTICA VISION MATTERS - West Maredpally,ASPIRE GO MAX 1DAY SPH 30LENS PK,ASPIRE GO MAX 1DAY SPH 30LENS PK,Intra State B2B,1414.0,2,1.93,0.07
2026-05-25,OPTICA VISION MATTERS - West Maredpally,OPTICA VISION MATTERS - West Maredpally,ASPIRE GO MAX 1DAY TORIC 30LENS PK,ASPIRE GO MAX 1DAY TORIC 30LENS PK,Intra State B2B,1670.0,2,1.83,0.17
2026-06-05,OPTICA VISION MATTERS - West Maredpally,OPTICA VISION MATTERS - West Maredpally,ASPIRE GO MAX 1DAY TORIC 30LENS PK,ASPIRE GO MAX 1DAY TORIC 30LENS PK,Intra State B2B,1670.0,1,1.79,-0.79
2026-04-03,OPTICA VISION MATTERS - West Maredpally,OPTICA VISION MATTERS - West Maredpally,ASPIRE PRO (6 LENS PACK),ASPIRE PRO (6 LENS PACK),Tag71,1.0,2,2.03,-0.03
2026-06-03,OPTICA VISION MATTERS - West Maredpally,OPTICA VISION MATTERS - West Maredpally,ASPIRE PRO (6 LENS PACK),ASPIRE PRO (6 LENS PACK),Tag71,1.0,1,1.98,-0.98
2026-06-11,OPTICA VISION MATTERS - West Maredpally,OPTICA VISION MATTERS - West Maredpally,ASPIRE PRO (6 LENS PACK),ASPIRE PRO (6 LENS PACK),Tag71,1.0,2,1.97,0.03
2026-06-20,OPTICA VISION MATTERS - West Maredpally,OPTICA VISION MATTERS - West Maredpally,ASPIRE PRO (6 LENS PACK),ASPIRE PRO (6 LENS PACK),Intra State B2B,2004.5,40,39.65,0.35
2026-06-20,OPTICA VISION MATTERS - West Maredpally,OPTICA VISION MATTERS - West Maredpally,ASPIRE PRO (6 LENS PACK),ASPIRE PRO (6 LENS PACK),Intra State B2B,1.0,25,25.63,-0.63
2026-06-18,OPTICA VISION MATTERS - West Maredpally,OPTICA VISION MATTERS - West Maredpally,Biofinity Multifocal Torics 3Pk,Biofinity Multifocal Torics 3Pk,Intra State B2B,3719.5,2,2.04,-0.04
2026-04-02,OPTICA VISION MATTERS - West Maredpally,OPTICA VISION MATTERS - West Maredpally,Coupoun Pro Toric,Coupoun Pro Toric,Intra State B2B,1094.63,20,20.03,-0.03
2026-06-05,OPTICA VISION MATTERS - West Maredpally,OPTICA VISION MATTERS - West Maredpally,Coupoun Pro Toric,Coupoun Pro Toric,Tag71,1.0,2,1.92,0.08
2026-04-02,OPTICA VISION MATTERS - West Maredpally,OPTICA VISION MATTERS - West Maredpally,MY DAY (30 LENS PK),MY DAY (30 LENS PK),Intra State B2B,1.0,10,9.98,0.02
2026-04-02,OPTICA VISION MATTERS - West Maredpally,OPTICA VISION MATTERS - West Maredpally,MY DAY (30 LENS PK),MY DAY (30 LENS PK),Intra State B2B,1803.25,20,19.85,0.15
2026-05-25,OPTICA VISION MATTERS - West Maredpally,OPTICA VISION MATTERS - West Maredpally,MY DAY (30 LENS PK),MY DAY (30 LENS PK),Tag71,1.0,2,2.12,-0.12
2026-06-02,OPTICA VISION MATTERS - West Maredpally,OPTICA VISION MATTERS - West Maredpally,MY DAY (30 LENS PK),MY DAY (30 LENS PK),Tag71,1.0,1,2.64,-1.64
2026-06-16,OPTICA VISION MATTERS - West Maredpally,OPTICA VISION MATTERS - West Maredpally,MY DAY (30 LENS PK),MY DAY (30 LENS PK),Tag71,1.0,4,2.49,1.51
2026-04-30,OPTICA VISION MATTERS - West Maredpally,OPTICA VISION MATTERS - West Maredpally,MY DAY TORIC (30 LENS PK),MY DAY TORIC (30 LENS PK),Intra State B2B,1943.25,1,2.19,-1.19
2026-04-02,Opti Journey Innovations,Opti Journey Innovations,Assorted Contact Lenses,Assorted Contact Lenses,Inter State B2B,680.0,273,272.77,0.23
2026-04-06,Opti Journey Innovations,Opti Journey Innovations,Assorted Contact Lenses,Assorted Contact Lenses,Inter State B2B,1345.0,303,302.73,0.27
2026-04-20,Opti Journey Innovations,Opti Journey Innovations,Assorted Contact Lenses,Assorted Contact Lenses,Inter State B2B,1290.0,88,87.89,0.11
2026-04-30,Opti Journey Innovations,Opti Journey Innovations,Assorted Contact Lenses,Assorted Contact Lenses,Inter State B2B,1290.0,330,329.54,0.46
2026-05-27,Opti Journey Innovations,Opti Journey Innovations,MY DAY (30 LENS PK),MY DAY (30 LENS PK),Inter State B2B,1290.0,657,654.03,2.97
2026-04-02,Opti Journey Innovations,Opti Journey Innovations,PV 2 Spherical 6 Lens pack,PV 2 Spherical 6 Lens pack,Inter State B2B,1345.0,150,149.77,0.23
2026-05-23,Opti Journey Innovations,Opti Journey Innovations,Proclear 6 Lens pack(New),Proclear 6 Lens pack(New),Inter State B2B,915.0,773,761.29,11.71
2026-05-15,Opti Journey Innovations,Opti Journey Innovations,SL59,SL59,Inter State B2B,675.0,350,349.51,0.49
2026-06-04,Opti Journey Innovations,Opti Journey Innovations,SL59,SL59,Inter State B2B,685.0,1945,761.29,1183.71
2026-04-06,Opti Journey Innovations,Opti Journey Innovations,Ultra Toric,Ultra Toric,Inter State B2B,2180.0,50,49.96,0.04
2026-06-02,Optical Hut Vizag,Optical Hut Vizag,ASPIRE GO MAX 1DAY SPH 30LENS PK,ASPIRE GO MAX 1DAY SPH 30LENS PK,Tag71,1481.0,1,2.08,-1.08
2026-04-24,Optocura Ventures LLP - Jubilee Hills,Optocura Ventures LLP - Jubilee Hills,ASPIRE GO MAX 1DAY M.F 30LENS PK,ASPIRE GO MAX 1DAY M.F 30LENS PK,Intra State B2B,2085.25,1,1.73,-0.73
2026-04-29,Optocura Ventures LLP - Jubilee Hills,Optocura Ventures LLP - Jubilee Hills,ASPIRE GO MAX 1DAY M.F 30LENS PK,ASPIRE GO MAX 1DAY M.F 30LENS PK,Intra State B2B,2085.25,1,1.54,-0.54
2026-06-01,Optocura Ventures LLP - Jubilee Hills,Optocura Ventures LLP - Jubilee Hills,ASPIRE PRO (3 LENS PACK),ASPIRE PRO (3 LENS PACK),Intra State B2B,1040.75,2,2.02,-0.02
2026-04-24,Optocura Ventures LLP - Jubilee Hills,Optocura Ventures LLP - Jubilee Hills,ASPIRE PRO MULTIFOCAL (3LENS PACK),ASPIRE PRO MULTIFOCAL (3LENS PACK),Intra State B2B,1588.25,2,1.81,0.19
2026-04-20,Optocura Ventures LLP - Jubilee Hills,Optocura Ventures LLP - Jubilee Hills,ASPIRE PRO MULTIFOCAL TRIAL 1LENS PK,ASPIRE PRO MULTIFOCAL TRIAL 1LENS PK,Intra State B2B,1.0,2,2.01,-0.01
2026-04-20,Optocura Ventures LLP - Jubilee Hills,Optocura Ventures LLP - Jubilee Hills,ASPIRE PRO TORIC (3 LENS PACK),ASPIRE PRO TORIC (3 LENS PACK),Intra State B2B,1094.75,2,2.09,-0.09
2026-04-27,Optocura Ventures LLP - Jubilee Hills,Optocura Ventures LLP - Jubilee Hills,ASPIRE PRO TORIC (3 LENS PACK),ASPIRE PRO TORIC (3 LENS PACK),Intra State B2B,1094.75,4,2.12,1.88
2026-04-24,Optocura Ventures LLP - Jubilee Hills,Optocura Ventures LLP - Jubilee Hills,MY DAY (30 LENS PK),MY DAY (30 LENS PK),Intra State B2B,1803.25,2,1.74,0.26
2026-05-20,Optocura Ventures LLP - Jubilee Hills,Optocura Ventures LLP - Jubilee Hills,MY DAY (30 LENS PK),MY DAY (30 LENS PK),Intra State B2B,1803.25,1,1.77,-0.77
2026-05-20,Optocura Ventures LLP - Jubilee Hills,Optocura Ventures LLP - Jubilee Hills,MY DAY TORIC (30 LENS PK),MY DAY TORIC (30 LENS PK),Intra State B2B,1943.25,1,1.77,-0.77
2026-04-03,Our Vision Opticals Vijayawada,Our Vision Opticals Vijayawada,Courier Chargers,Courier Chargers,Inter State B2B,100.0,1,1.72,-0.72
2026-04-03,Our Vision Opticals Vijayawada,Our Vision Opticals Vijayawada,MY DAY TORIC (30 LENS PK),MY DAY TORIC (30 LENS PK),Inter State B2B,1943.25,2,1.86,0.14
2026-04-22,PAREENA EYE CARE CENTER,PAREENA EYE CARE CENTER,ASPIRE GO MAX 1DAY TORIC 30LENS PK,ASPIRE GO MAX 1DAY TORIC 30LENS PK,Intra State B2B,1670.0,2,1.87,0.13
2026-04-22,PAREENA EYE CARE CENTER,PAREENA EYE CARE CENTER,MY DAY TORIC (30 LENS PK),MY DAY TORIC (30 LENS PK),Intra State B2B,1943.25,2,1.85,0.15
2026-05-06,POOJA OPTICALS -- V.P,POOJA OPTICALS -- V.P,Biofinity Energys New ( 3pk ),Biofinity Energys New ( 3pk ),Tag71,1278.0,1,2.05,-1.05
2026-05-09,POOJA OPTICALS -- V.P,POOJA OPTICALS -- V.P,Biofinity Energys New ( 3pk ),Biofinity Energys New ( 3pk ),Tag71,1278.0,1,1.69,-0.69
2026-04-09,PRISTINE OPTICALS,PRISTINE OPTICALS,ASPIRE GO MAX 1DAY SPH 30LENS PK,ASPIRE GO MAX 1DAY SPH 30LENS PK,Intra State B2B,1414.0,2,1.96,0.04
2026-05-02,PRISTINE OPTICALS,PRISTINE OPTICALS,ASPIRE GO MAX 1DAY TORIC 30LENS PK,ASPIRE GO MAX 1DAY TORIC 30LENS PK,Intra State B2B,1670.0,2,1.9,0.1
2026-05-22,PRISTINE OPTICALS,PRISTINE OPTICALS,ASPIRE GO MAX 1DAY TORIC 30LENS PK,ASPIRE GO MAX 1DAY TORIC 30LENS PK,Intra State B2B,1670.0,2,1.81,0.19
2026-05-25,PRISTINE OPTICALS,PRISTINE OPTICALS,ASPIRE GO MAX 1DAY TORIC 30LENS PK,ASPIRE GO MAX 1DAY TORIC 30LENS PK,Intra State B2B,1670.0,2,1.83,0.17
2026-05-21,PRISTINE OPTICALS,PRISTINE OPTICALS,ASPIRE PRO (3 LENS PACK),ASPIRE PRO (3 LENS PACK),Intra State B2B,1040.75,2,1.93,0.07
2026-05-22,PRISTINE OPTICALS,PRISTINE OPTICALS,ASPIRE PRO (3 LENS PACK),ASPIRE PRO (3 LENS PACK),Intra State B2B,1040.75,1,1.91,-0.91
2026-04-04,PRISTINE OPTICALS,PRISTINE OPTICALS,ASPIRE PRO (6 LENS PACK),ASPIRE PRO (6 LENS PACK),Intra State B2B,2004.5,1,1.72,-0.72
2026-06-08,PRISTINE OPTICALS,PRISTINE OPTICALS,ASPIRE PRO (6 LENS PACK),ASPIRE PRO (6 LENS PACK),Intra State B2B,2004.5,1,1.53,-0.53
2026-04-27,PRISTINE OPTICALS,PRISTINE OPTICALS,ASPIRE PRO MULTIFOCAL (3LENS PACK),ASPIRE PRO MULTIFOCAL (3LENS PACK),Intra State B2B,1588.25,2,1.87,0.13
2026-04-03,PRISTINE OPTICALS,PRISTINE OPTICALS,ASPIRE PRO TORIC (3 LENS PACK),ASPIRE PRO TORIC (3 LENS PACK),Intra State B2B,1094.75,2,2.06,-0.06
2026-04-09,PRISTINE OPTICALS,PRISTINE OPTICALS,ASPIRE PRO TORIC (3 LENS PACK),ASPIRE PRO TORIC (3 LENS PACK),Intra State B2B,1094.75,1,2.11,-1.11
2026-04-17,PRISTINE OPTICALS,PRISTINE OPTICALS,ASPIRE PRO TORIC (3 LENS PACK),ASPIRE PRO TORIC (3 LENS PACK),Intra State B2B,1094.75,2,2.03,-0.03
2026-05-12,PRISTINE OPTICALS,PRISTINE OPTICALS,ASPIRE PRO TORIC (3 LENS PACK),ASPIRE PRO TORIC (3 LENS PACK),Intra State B2B,1094.75,6,2.04,3.96
2026-05-19,PRISTINE OPTICALS,PRISTINE OPTICALS,ASPIRE PRO TORIC (3 LENS PACK),ASPIRE PRO TORIC (3 LENS PACK),Intra State B2B,1094.75,2,2.41,-0.41
2026-05-22,PRISTINE OPTICALS,PRISTINE OPTICALS,ASPIRE PRO TORIC (3 LENS PACK),ASPIRE PRO TORIC (3 LENS PACK),Intra State B2B,1094.75,1,2.38,-1.38
2026-05-25,PRISTINE OPTICALS,PRISTINE OPTICALS,ASPIRE PRO TORIC (3 LENS PACK),ASPIRE PRO TORIC (3 LENS PACK),Intra State B2B,1094.75,3,2.4,0.6
2026-05-26,PRISTINE OPTICALS,PRISTINE OPTICALS,ASPIRE PRO TORIC (3 LENS PACK),ASPIRE PRO TORIC (3 LENS PACK),Intra State B2B,1094.75,2,2.12,-0.12
2026-06-17,PRISTINE OPTICALS,PRISTINE OPTICALS,ASPIRE PRO TORIC (3 LENS PACK),ASPIRE PRO TORIC (3 LENS PACK),Intra State B2B,1094.75,2,2.02,-0.02
2026-06-22,PRISTINE OPTICALS,PRISTINE OPTICALS,ASPIRE PRO TORIC (3 LENS PACK),ASPIRE PRO TORIC (3 LENS PACK),Intra State B2B,1094.75,4,2.12,1.88
2026-04-03,PRISTINE OPTICALS,PRISTINE OPTICALS,ASPIRE PRO TORIC TRAIL (1 LENS PACK),ASPIRE PRO TORIC TRAIL (1 LENS PACK),Intra State B2B,1.0,2,2.17,-0.17
2026-05-12,PRISTINE OPTICALS,PRISTINE OPTICALS,ASPIRE PRO TORIC TRAIL (1 LENS PACK),ASPIRE PRO TORIC TRAIL (1 LENS PACK),Intra State B2B,1.0,1,2.1,-1.1
2026-06-22,PRISTINE OPTICALS,PRISTINE OPTICALS,ASPIRE PRO TORIC TRAIL (1 LENS PACK),ASPIRE PRO TORIC TRAIL (1 LENS PACK),Intra State B2B,1.0,2,2.12,-0.12
2026-06-02,PRO VISION OPTOMETRY,PRO VISION OPTOMETRY,MY DAY TORIC (30 LENS PK),MY DAY TORIC (30 LENS PK),Tag71,2040.0,2,1.88,0.12
2026-06-19,Pavan Enterprises Miyapur,Pavan Enterprises Miyapur,BONDSET FAST SETTING 25 GM,BONDSET FAST SETTING 25 GM,Intra State B2B,6.65,60,59.79,0.21
2026-06-19,Pavan Enterprises Miyapur,Pavan Enterprises Miyapur,BONDSET FAST SETTING 60 GM,BONDSET FAST SETTING 60 GM,Intra State B2B,12.65,34,33.9,0.1
2026-06-19,Pavan Enterprises Miyapur,Pavan Enterprises Miyapur,BONDSET FAST SETTING 60 GM,BONDSET FAST SETTING 60 GM,Intra State B2B,12.65,34,34.36,-0.36
2026-05-25,Pavan Enterprises Miyapur,Pavan Enterprises Miyapur,RESIBOND GP 100 CLEAR 260 ML,RESIBOND GP 100 CLEAR 260 ML,Tag71,110.0,24,23.98,0.02
2026-06-19,Pavan Enterprises Miyapur,Pavan Enterprises Miyapur,RESIBOND GP 100 CLEAR 260 ML,RESIBOND GP 100 CLEAR 260 ML,Intra State B2B,99.37,24,23.97,0.03
2026-05-25,Pavan Enterprises Miyapur,Pavan Enterprises Miyapur,RESIBOND GP 100 WHITE 260 ML,RESIBOND GP 100 WHITE 260 ML,Tag71,110.0,24,23.98,0.02
2026-06-19,Pavan Enterprises Miyapur,Pavan Enterprises Miyapur,RESIBOND GP 100 WHITE 260 ML,RESIBOND GP 100 WHITE 260 ML,Intra State B2B,99.37,24,23.97,0.03
2026-06-19,Pavan Enterprises Miyapur,Pavan Enterprises Miyapur,VETRA LV (401) 50 GM (SHEME),VETRA LV (401) 50 GM (SHEME),Intra State B2B,89.71,20,20.0,0.0
2026-06-19,Pavan Enterprises Miyapur,Pavan Enterprises Miyapur,VETRA SUPERFIX HV 703 125 GM,VETRA SUPERFIX HV 703 125 GM,Intra State B2B,180.77,6,2.32,3.68
2026-05-25,Pavan Plywood & Hardware,Pavan Plywood & Hardware,RESIBOND GP 100 WHITE 260 ML,RESIBOND GP 100 WHITE 260 ML,Tag71,110.0,48,47.84,0.16
2026-06-19,Pavan Plywood & Hardware,Pavan Plywood & Hardware,VEGAQUICK 20 GM (S),VEGAQUICK 20 GM (S),Tag71,37.83,20,20.0,0.0
2026-06-19,Pavan Plywood & Hardware,Pavan Plywood & Hardware,VETRA LV (401) 20 GM (SCHEME),VETRA LV (401) 20 GM (SCHEME),Tag71,52.4,20,20.0,0.0
2026-06-09,Pooja Power Tools,Pooja Power Tools,BONDSET FAST SETTING 25 GM,BONDSET FAST SETTING 25 GM,Intra State B2B,6.65,60,59.8,0.2
2026-06-09,Pooja Power Tools,Pooja Power Tools,BONDSET FAST SETTING 60 GM,BONDSET FAST SETTING 60 GM,Intra State B2B,12.65,34,33.9,0.1
2026-06-09,Pooja Power Tools,Pooja Power Tools,VETRA LV (401) 20 GM (SCHEME),VETRA LV (401) 20 GM (SCHEME),Intra State B2B,44.41,20,20.01,-0.01
2026-06-08,Poonam Plywood & Hardware,Poonam Plywood & Hardware,BONDTITE FAST & CLEAR 1 KG (S),BONDTITE FAST & CLEAR 1 KG (S),Intra State B2B,1247.09,2,2.04,-0.04
2026-06-08,Poonam Plywood & Hardware,Poonam Plywood & Hardware,BONDTITE FAST & CLEAR 180 GM,BONDTITE FAST & CLEAR 180 GM,Intra State B2B,332.27,12,11.86,0.14
2026-06-08,Poonam Plywood & Hardware,Poonam Plywood & Hardware,BONDTITE FAST & CLEAR 450 GM (S),BONDTITE FAST & CLEAR 450 GM (S),Intra State B2B,672.27,5,2.04,2.96
2026-06-08,Poonam Plywood & Hardware,Poonam Plywood & Hardware,RESIBOND GP 100 WHITE 260 ML,RESIBOND GP 100 WHITE 260 ML,Intra State B2B,110.0,24,23.96,0.04
2026-06-08,Poonam Plywood & Hardware,Poonam Plywood & Hardware,VEGAQUICK 20 GM (S),VEGAQUICK 20 GM (S),Intra State B2B,32.06,60,59.83,0.17
2026-06-08,Poonam Plywood & Hardware,Poonam Plywood & Hardware,VETRA LV (401) 20 GM (SCHEME),VETRA LV (401) 20 GM (SCHEME),Intra State B2B,44.41,20,20.01,-0.01
2026-04-28,Prime Opticians-NMDC,Prime Opticians-NMDC,ASPIRE PRO TORIC (3 LENS PACK),ASPIRE PRO TORIC (3 LENS PACK),Tag71,1149.0,2,2.12,-0.12
2026-06-04,Prime Opticians-NMDC,Prime Opticians-NMDC,MY DAY TORIC (30 LENS PK),MY DAY TORIC (30 LENS PK),Tag71,2040.0,2,1.78,0.22
2026-04-04,R.R Vision Care,R.R Vision Care,ASPIRE GO MAX 1DAY M.F 30LENS PK,ASPIRE GO MAX 1DAY M.F 30LENS PK,Intra State B2B,2085.25,1,1.72,-0.72
2026-04-13,R.R Vision Care,R.R Vision Care,ASPIRE GO MAX 1DAY SPH 30LENS PK,ASPIRE GO MAX 1DAY SPH 30LENS PK,Tag71,1.0,1,2.01,-1.01
2026-04-17,R.R Vision Care,R.R Vision Care,ASPIRE GO MAX 1DAY SPH 30LENS PK,ASPIRE GO MAX 1DAY SPH 30LENS PK,Tag71,1.0,2,1.66,0.34
2026-06-01,R.R Vision Care,R.R Vision Care,ASPIRE GO MAX 1DAY SPH 30LENS PK,ASPIRE GO MAX 1DAY SPH 30LENS PK,Intra State B2B,900.0,4,2.21,1.79
2026-04-08,R.R Vision Care,R.R Vision Care,ASPIRE PRO (6 LENS PACK),ASPIRE PRO (6 LENS PACK),Tag71,1.0,1,2.08,-1.08
2026-05-28,R.R Vision Care,R.R Vision Care,ASPIRE PRO TORIC (3 LENS PACK),ASPIRE PRO TORIC (3 LENS PACK),Intra State B2B,1094.75,2,2.06,-0.06
2026-05-25,R.R Vision Care,R.R Vision Care,Biofinity Torics 3 Lens pack (new) XR,Biofinity Torics 3 Lens pack (new) XR,Intra State B2B,2477.75,2,2.06,-0.06
2026-04-15,R.R Vision Care,R.R Vision Care,Biofinity XR 6 Lense pack (new),Biofinity XR 6 Lense pack (new),Intra State B2B,2126.25,1,1.93,-0.93
2026-05-02,R.R Vision Care,R.R Vision Care,Biofinity XR 6 Lense pack (new),Biofinity XR 6 Lense pack (new),Intra State B2B,2126.25,2,1.69,0.31
2026-04-02,R.R Vision Care,R.R Vision Care,Biomedics Now ( 6pk ) New,Biomedics Now ( 6pk ) New,Intra State B2B,420.0,2,2.2,-0.2
2026-05-07,R.R Vision Care,R.R Vision Care,Biomedics Now ( 6pk ) New,Biomedics Now ( 6pk ) New,Intra State B2B,963.75,2,2.01,-0.01
2026-04-04,R.R Vision Care,R.R Vision Care,Biomedics Now (6 Lens pack) NEW,Biomedics Now (6 Lens pack) NEW,Intra State B2B,420.0,1,2.04,-1.04
2026-04-20,R.R Vision Care,R.R Vision Care,Courier Chargers,Courier Chargers,Intra State B2B,120.0,1,1.75,-0.75
2026-05-28,R.R Vision Care,R.R Vision Care,Courier Chargers,Courier Chargers,Intra State B2B,150.0,1,1.43,-0.43
2026-04-20,R.R Vision Care,R.R Vision Care,MY DAY (30 LENS PK),MY DAY (30 LENS PK),Intra State B2B,1803.25,2,1.82,0.18
2026-06-05,RISHAB OPTICS - Abids,RISHAB OPTICS - Abids,Biomedics Now ( 6pk ) New,Biomedics Now ( 6pk ) New,Intra State B2B,963.75,8,7.78,0.22
2026-06-05,RISHAB OPTICS - Abids,RISHAB OPTICS - Abids,Biomedics Now ( 6pk ) New,Biomedics Now ( 6pk ) New,Intra State B2B,1.0,8,7.6,0.4
2026-06-15,RamaKrishna A.P,RamaKrishna A.P,ASPIRE AIR TORIC (3 LENS PACK),ASPIRE AIR TORIC (3 LENS PACK),Tag71,835.0,2,1.91,0.09
2026-05-11,RamaKrishna A.P,RamaKrishna A.P,ASPIRE PRO (3 LENS PACK),ASPIRE PRO (3 LENS PACK),Tag71,1093.0,1,1.91,-0.91
2026-06-10,RamaKrishna A.P,RamaKrishna A.P,ASPIRE PRO (3 LENS PACK),ASPIRE PRO (3 LENS PACK),Tag71,1093.0,2,1.62,0.38
2026-04-08,RamaKrishna A.P,RamaKrishna A.P,ASPIRE PRO (6 LENS PACK),ASPIRE PRO (6 LENS PACK),Tag71,2105.0,1,1.81,-0.81
2026-05-11,RamaKrishna A.P,RamaKrishna A.P,ASPIRE PRO TORIC (3 LENS PACK),ASPIRE PRO TORIC (3 LENS PACK),Tag71,1149.0,1,2.04,-1.04
2026-04-08,RamaKrishna A.P,RamaKrishna A.P,Courier Chargers,Courier Chargers,Tag71,100.0,1,1.77,-0.77
2026-06-10,RamaKrishna A.P,RamaKrishna A.P,Courier Chargers,Courier Chargers,Tag71,120.0,1,1.41,-0.41
2026-06-15,RamaKrishna A.P,RamaKrishna A.P,Courier Chargers,Courier Chargers,Tag71,120.0,1,1.41,-0.41
2026-06-16,RamaKrishna A.P,RamaKrishna A.P,Courier Chargers,Courier Chargers,Tag71,150.0,1,1.41,-0.41
2026-06-16,RamaKrishna A.P,RamaKrishna A.P,MY DAY (30 LENS PK),MY DAY (30 LENS PK),Tag71,1893.0,6,1.77,4.23
2026-06-19,Ramdev Eletrical & Hardware,Ramdev Eletrical & Hardware,BONDSET FAST SETTING 25 GM,BONDSET FAST SETTING 25 GM,Tag71,7.85,60,59.79,0.21
2026-06-19,Ramdev Eletrical & Hardware,Ramdev Eletrical & Hardware,BONDSET FAST SETTING 60 GM,BONDSET FAST SETTING 60 GM,Tag71,14.93,34,33.9,0.1
2026-06-19,Ramdev Eletrical & Hardware,Ramdev Eletrical & Hardware,BONDSET SANITARY UNDER WATER 25 GM,BONDSET SANITARY UNDER WATER 25 GM,Tag71,13.16,60,59.79,0.21
2026-06-19,Ramdev Eletrical & Hardware,Ramdev Eletrical & Hardware,BONDTITE FAST & CLEAR 450 GM (S),BONDTITE FAST & CLEAR 450 GM (S),Tag71,793.28,3,2.01,0.99
2026-06-19,Ramdev Eletrical & Hardware,Ramdev Eletrical & Hardware,EZY DRAIN CLEANER 40 GM JAR,EZY DRAIN CLEANER 40 GM JAR,Tag71,15.15,50,49.55,0.45
2026-06-19,Ramdev Eletrical & Hardware,Ramdev Eletrical & Hardware,VEGAQUICK 20 GM (S),VEGAQUICK 20 GM (S),Tag71,37.83,60,60.01,-0.01
2026-04-07,Rao Associates M/s,Rao Associates M/s,ASPIRE PRO (6 LENS PACK),ASPIRE PRO (6 LENS PACK),Inter State B2B,1397.3,2,1.96,0.04
2026-04-11,Rao Associates M/s,Rao Associates M/s,ASPIRE PRO TORIC (3 LENS PACK),ASPIRE PRO TORIC (3 LENS PACK),Inter State B2B,844.88,2,2.05,-0.05
2026-04-07,Rao Associates M/s,Rao Associates M/s,Courier Chargers,Courier Chargers,Inter State B2B,100.0,1,1.77,-0.77
2026-04-11,Rao Associates M/s,Rao Associates M/s,Courier Chargers,Courier Chargers,Inter State B2B,120.0,1,1.42,-0.42
2026-04-07,Rao Associates M/s,Rao Associates M/s,Proclear 6 Lens pack(New),Proclear 6 Lens pack(New),Inter State B2B,841.73,3,1.98,1.02
2026-05-12,Rao Associates M/s,Rao Associates M/s,Proclear 6 Lens pack(New),Proclear 6 Lens pack(New),Inter State B2B,841.73,2,2.07,-0.07
2026-05-20,Rao Associates M/s,Rao Associates M/s,Proclear 6 Lens pack(New),Proclear 6 Lens pack(New),Inter State B2B,841.73,7,6.6,0.4
2026-05-26,Rao Associates M/s,Rao Associates M/s,Proclear 6 Lens pack(New),Proclear 6 Lens pack(New),Inter State B2B,841.73,1,2.43,-1.43
2026-04-28,Ravi Hospital,Ravi Hospital,Safe AQ Max I Meter,Safe AQ Max I Meter,Tag71,1.0,6,2.48,3.52
2026-04-28,Ravi Hospital,Ravi Hospital,Safe AQ Max I Strips Vial 100s,Safe AQ Max I Strips Vial 100s,Tag71,505.25,10,10.24,-0.24
2026-04-28,Ravi Hospital,Ravi Hospital,Twist Sinodraw Lancet 28G 50s,Twist Sinodraw Lancet 28G 50s,Tag71,1.0,10,10.26,-0.26
2026-05-20,Ray Optics,Ray Optics,ASPIRE PRO TORIC (3 LENS PACK),ASPIRE PRO TORIC (3 LENS PACK),Tag71,1149.0,2,2.04,-0.04
2026-05-20,Ray Optics,Ray Optics,Courier Chargers,Courier Chargers,Tag71,120.0,1,1.7,-0.7
2026-04-21,Rishi Swarup HUF,Rishi Swarup HUF,ASPIRE GO MAX 1DAY M.F 30LENS PK,ASPIRE GO MAX 1DAY M.F 30LENS PK,B2C Small,2085.25,2,1.96,0.04
2026-05-09,Rishi Swarup HUF,Rishi Swarup HUF,ASPIRE GO MAX 1DAY M.F 30LENS PK,ASPIRE GO MAX 1DAY M.F 30LENS PK,B2C Small,2085.25,1,1.8,-0.8
2026-04-10,Rishi Swarup HUF,Rishi Swarup HUF,ASPIRE GO MAX 1DAY SPH 30LENS PK,ASPIRE GO MAX 1DAY SPH 30LENS PK,B2C Small,1414.0,1,1.91,-0.91
2026-04-29,Rishi Swarup HUF,Rishi Swarup HUF,ASPIRE GO MAX 1DAY TORIC 30LENS PK,ASPIRE GO MAX 1DAY TORIC 30LENS PK,B2C Small,1670.0,1,1.93,-0.93
2026-05-08,Rishi Swarup HUF,Rishi Swarup HUF,ASPIRE GO MAX 1DAY TORIC 30LENS PK,ASPIRE GO MAX 1DAY TORIC 30LENS PK,B2C Small,1670.0,2,1.57,0.43
2026-06-12,Rishi Swarup HUF,Rishi Swarup HUF,ASPIRE PRO (3 LENS PACK),ASPIRE PRO (3 LENS PACK),B2C Small,1040.75,2,1.88,0.12
2026-06-15,Rishi Swarup HUF,Rishi Swarup HUF,ASPIRE PRO (3 LENS PACK),ASPIRE PRO (3 LENS PACK),B2C Small,1040.75,1,1.91,-0.91
2026-06-23,Rishi Swarup HUF,Rishi Swarup HUF,ASPIRE PRO (6 LENS PACK),ASPIRE PRO (6 LENS PACK),B2C Small,2004.5,1,1.92,-0.92
2026-04-03,Rishi Swarup HUF,Rishi Swarup HUF,ASPIRE PRO TORIC (3 LENS PACK),ASPIRE PRO TORIC (3 LENS PACK),B2C Small,1094.75,2,2.06,-0.06
2026-04-08,Rishi Swarup HUF,Rishi Swarup HUF,ASPIRE PRO TORIC (3 LENS PACK),ASPIRE PRO TORIC (3 LENS PACK),B2C Small,1094.75,2,2.11,-0.11
2026-04-10,Rishi Swarup HUF,Rishi Swarup HUF,ASPIRE PRO TORIC (3 LENS PACK),ASPIRE PRO TORIC (3 LENS PACK),B2C Small,1094.75,6,2.05,3.95
2026-05-11,Rishi Swarup HUF,Rishi Swarup HUF,ASPIRE PRO TORIC (3 LENS PACK),ASPIRE PRO TORIC (3 LENS PACK),B2C Small,1094.75,2,2.45,-0.45
2026-06-15,Rishi Swarup HUF,Rishi Swarup HUF,ASPIRE PRO TORIC (3 LENS PACK),ASPIRE PRO TORIC (3 LENS PACK),B2C Small,1094.75,1,2.54,-1.54
2026-06-23,Rishi Swarup HUF,Rishi Swarup HUF,ASPIRE PRO TORIC TRAIL (1 LENS PACK),ASPIRE PRO TORIC TRAIL (1 LENS PACK),B2C Small,1.0,2,2.12,-0.12
2026-05-09,Rishi Swarup HUF,Rishi Swarup HUF,ASPIRE PRO TRAIL (1 LENS PACK),ASPIRE PRO TRAIL (1 LENS PACK),B2C Small,1.0,1,2.04,-1.04
2026-05-16,Rishi Swarup HUF,Rishi Swarup HUF,Biofinity Energys New ( 3pk ),Biofinity Energys New ( 3pk ),B2C Small,1216.75,2,1.98,0.02
2026-05-13,Rishi Swarup HUF,Rishi Swarup HUF,Biofinity Torics 3 Lens pack (new) XR,Biofinity Torics 3 Lens pack (new) XR,B2C Small,2477.75,3,2.1,0.9
2026-06-03,Royal Glass Works,Royal Glass Works,VEGAQUICK 20 GM (S),VEGAQUICK 20 GM (S),Tag71,37.83,20,20.2,-0.2
2026-06-03,Royal Glass Works,Royal Glass Works,VETRA LV (401) 20 GM (SCHEME),VETRA LV (401) 20 GM (SCHEME),Tag71,52.4,20,20.2,-0.2
2026-06-03,SABERIS EYE WEAR ASSCOCIATES,SABERIS EYE WEAR ASSCOCIATES,ASPIRE GO MAX 1DAY M.F 30LENS PK,ASPIRE GO MAX 1DAY M.F 30LENS PK,Intra State B2B,2085.25,2,1.78,0.22
2026-06-18,SANKARA EYE HOSPITAL,SANKARA EYE HOSPITAL,Biofinity XR 6 Lense pack (new),Biofinity XR 6 Lense pack (new),Intra State B2B,2126.25,1,1.88,-0.88
2026-04-11,SHANMUKHA AYURVEDA HEALTH CARE,SHANMUKHA AYURVEDA HEALTH CARE,Lanset,Lanset,Intra State B2B,60.0,10,9.81,0.19
2026-04-11,SHANMUKHA AYURVEDA HEALTH CARE,SHANMUKHA AYURVEDA HEALTH CARE,Safe AQ Max I Meter,Safe AQ Max I Meter,Intra State B2B,1.0,2,2.69,-0.69
2026-04-11,SHANMUKHA AYURVEDA HEALTH CARE,SHANMUKHA AYURVEDA HEALTH CARE,Safe AQ Max I Strips Vial 100s,Safe AQ Max I Strips Vial 100s,Intra State B2B,650.0,5,2.58,2.42
2026-06-08,SHANMUKHA AYURVEDA HEALTH CARE,SHANMUKHA AYURVEDA HEALTH CARE,Safe AQ Max I Strips Vial 100s,Safe AQ Max I Strips Vial 100s,Intra State B2B,650.0,5,2.5,2.5
2026-04-11,SHANMUKHA AYURVEDA HEALTH CARE,SHANMUKHA AYURVEDA HEALTH CARE,Safe AQ Max III 50s Foil,Safe AQ Max III 50s Foil,Intra State B2B,799.0,5,2.58,2.42
2026-04-11,SHANMUKHA AYURVEDA HEALTH CARE,SHANMUKHA AYURVEDA HEALTH CARE,Safe AQ Max III Meter,Safe AQ Max III Meter,Intra State B2B,1.0,5,2.69,2.31
2026-06-08,SHANMUKHA AYURVEDA HEALTH CARE,SHANMUKHA AYURVEDA HEALTH CARE,Twist Sinodraw Lancet 28G 50s,Twist Sinodraw Lancet 28G 50s,Intra State B2B,60.0,60,60.01,-0.01
2026-05-21,SHARATH MAXIVISION EYE HOSPITAL - Warangal,SHARATH MAXIVISION EYE HOSPITAL - Warangal,ASPIRE PRO (6 LENS PACK),ASPIRE PRO (6 LENS PACK),Intra State B2B,2004.5,1,1.8,-0.8
2026-05-19,SHARATH MAXIVISION EYE HOSPITAL - Warangal,SHARATH MAXIVISION EYE HOSPITAL - Warangal,Biofinity XR 6 Lense pack (new),Biofinity XR 6 Lense pack (new),Intra State B2B,2126.25,1,1.88,-0.88
2026-04-08,SHREE NETRA EYE WEAR - Srinagar Colony,SHREE NETRA EYE WEAR - Srinagar Colony,ASPIRE GO MAX 1DAY M.F 30LENS PK,ASPIRE GO MAX 1DAY M.F 30LENS PK,Intra State B2B,2085.25,1,1.81,-0.81
2026-04-27,SHREE NETRA EYE WEAR - Srinagar Colony,SHREE NETRA EYE WEAR - Srinagar Colony,ASPIRE GO MAX 1DAY M.F 30LENS PK,ASPIRE GO MAX 1DAY M.F 30LENS PK,Intra State B2B,2085.25,2,1.54,0.46
2026-06-06,SHREE NETRA EYE WEAR - Srinagar Colony,SHREE NETRA EYE WEAR - Srinagar Colony,ASPIRE GO MAX 1DAY SPH 30LENS PK,ASPIRE GO MAX 1DAY SPH 30LENS PK,Intra State B2B,1414.0,2,1.89,0.11
2026-05-16,SHREE NETRA EYE WEAR - Srinagar Colony,SHREE NETRA EYE WEAR - Srinagar Colony,ASPIRE PRO (3 LENS PACK),ASPIRE PRO (3 LENS PACK),Intra State B2B,1040.75,1,1.85,-0.85
2026-04-08,SHREE NETRA EYE WEAR - Srinagar Colony,SHREE NETRA EYE WEAR - Srinagar Colony,ASPIRE PRO MULTIFOCAL (3LENS PACK),ASPIRE PRO MULTIFOCAL (3LENS PACK),Intra State B2B,1588.25,2,1.86,0.14
2026-05-05,SHREE NETRA EYE WEAR - Srinagar Colony,SHREE NETRA EYE WEAR - Srinagar Colony,ASPIRE PRO MULTIFOCAL (3LENS PACK),ASPIRE PRO MULTIFOCAL (3LENS PACK),Intra State B2B,1588.25,1,1.82,-0.82
2026-05-06,SHREE NETRA EYE WEAR - Srinagar Colony,SHREE NETRA EYE WEAR - Srinagar Colony,ASPIRE PRO MULTIFOCAL (3LENS PACK),ASPIRE PRO MULTIFOCAL (3LENS PACK),Intra State B2B,1588.25,1,1.82,-0.82
2026-05-08,SHREE NETRA EYE WEAR - Srinagar Colony,SHREE NETRA EYE WEAR - Srinagar Colony,ASPIRE PRO MULTIFOCAL (3LENS PACK),ASPIRE PRO MULTIFOCAL (3LENS PACK),Intra State B2B,1588.25,1,1.66,-0.66
2026-06-18,SHREE NETRA EYE WEAR - Srinagar Colony,SHREE NETRA EYE WEAR - Srinagar Colony,ASPIRE PRO MULTIFOCAL (3LENS PACK),ASPIRE PRO MULTIFOCAL (3LENS PACK),Intra State B2B,1588.25,2,1.67,0.33
2026-06-22,SHREE NETRA EYE WEAR - Srinagar Colony,SHREE NETRA EYE WEAR - Srinagar Colony,ASPIRE PRO MULTIFOCAL (3LENS PACK),ASPIRE PRO MULTIFOCAL (3LENS PACK),Intra State B2B,1588.25,1,1.7,-0.7
2026-04-06,SHREE NETRA EYE WEAR - Srinagar Colony,SHREE NETRA EYE WEAR - Srinagar Colony,ASPIRE PRO MULTIFOCAL TRIAL 1LENS PK,ASPIRE PRO MULTIFOCAL TRIAL 1LENS PK,Intra State B2B,1.0,2,2.09,-0.09
2026-05-08,SHREE NETRA EYE WEAR - Srinagar Colony,SHREE NETRA EYE WEAR - Srinagar Colony,ASPIRE PRO MULTIFOCAL TRIAL 1LENS PK,ASPIRE PRO MULTIFOCAL TRIAL 1LENS PK,Intra State B2B,1.0,1,1.92,-0.92
2026-06-06,SHREE NETRA EYE WEAR - Srinagar Colony,SHREE NETRA EYE WEAR - Srinagar Colony,ASPIRE PRO MULTIFOCAL TRIAL 1LENS PK,ASPIRE PRO MULTIFOCAL TRIAL 1LENS PK,Intra State B2B,1.0,2,1.96,0.04
2026-04-06,SHREE NETRA EYE WEAR - Srinagar Colony,SHREE NETRA EYE WEAR - Srinagar Colony,ASPIRE PRO TORIC (3 LENS PACK),ASPIRE PRO TORIC (3 LENS PACK),Intra State B2B,1094.75,2,2.12,-0.12
2026-04-08,SHREE NETRA EYE WEAR - Srinagar Colony,SHREE NETRA EYE WEAR - Srinagar Colony,ASPIRE PRO TORIC (3 LENS PACK),ASPIRE PRO TORIC (3 LENS PACK),Intra State B2B,1094.75,2,2.11,-0.11
2026-04-15,SHREE NETRA EYE WEAR - Srinagar Colony,SHREE NETRA EYE WEAR - Srinagar Colony,ASPIRE PRO TORIC (3 LENS PACK),ASPIRE PRO TORIC (3 LENS PACK),Intra State B2B,1094.75,4,2.09,1.91
2026-04-23,SHREE NETRA EYE WEAR - Srinagar Colony,SHREE NETRA EYE WEAR - Srinagar Colony,ASPIRE PRO TORIC (3 LENS PACK),ASPIRE PRO TORIC (3 LENS PACK),Intra State B2B,1094.75,1,2.21,-1.21
2026-06-18,SHREE NETRA EYE WEAR - Srinagar Colony,SHREE NETRA EYE WEAR - Srinagar Colony,ASPIRE PRO TRAIL (1 LENS PACK),ASPIRE PRO TRAIL (1 LENS PACK),Intra State B2B,1.0,2,2.1,-0.1
2026-06-06,SHREE NETRA EYE WEAR - Srinagar Colony,SHREE NETRA EYE WEAR - Srinagar Colony,Biofinity Torics 3 Lens pack (new) XR,Biofinity Torics 3 Lens pack (new) XR,Intra State B2B,2477.75,1,1.76,-0.76
2026-04-09,SHREE NETRA EYE WEAR - Srinagar Colony,SHREE NETRA EYE WEAR - Srinagar Colony,Biofinity XR 6 Lense pack (new),Biofinity XR 6 Lense pack (new),Intra State B2B,2126.25,2,1.93,0.07
2026-04-04,SHREE NETRA EYE WEAR - Srinagar Colony,SHREE NETRA EYE WEAR - Srinagar Colony,MY DAY (30 LENS PK),MY DAY (30 LENS PK),Intra State B2B,1803.25,1,1.73,-0.73
2026-04-07,SHREE NETRA EYE WEAR - Srinagar Colony,SHREE NETRA EYE WEAR - Srinagar Colony,MY DAY (30 LENS PK),MY DAY (30 LENS PK),Intra State B2B,1803.25,1,1.58,-0.58
2026-04-14,SHREE NETRA EYE WEAR - Srinagar Colony,SHREE NETRA EYE WEAR - Srinagar Colony,MY DAY (30 LENS PK),MY DAY (30 LENS PK),Intra State B2B,1803.25,1,1.53,-0.53
2026-05-09,SHREE NETRA EYE WEAR - Srinagar Colony,SHREE NETRA EYE WEAR - Srinagar Colony,MY DAY (30 LENS PK),MY DAY (30 LENS PK),Intra State B2B,1803.25,1,1.37,-0.37
2026-05-15,SHREE NETRA EYE WEAR - Srinagar Colony,SHREE NETRA EYE WEAR - Srinagar Colony,MY DAY (30 LENS PK),MY DAY (30 LENS PK),Intra State B2B,1803.25,1,1.37,-0.37
2026-06-17,SHREE NETRA EYE WEAR - Srinagar Colony,SHREE NETRA EYE WEAR - Srinagar Colony,MY DAY (30 LENS PK),MY DAY (30 LENS PK),Intra State B2B,1803.25,1,1.48,-0.48
2026-06-19,SHREE NETRA EYE WEAR - Srinagar Colony,SHREE NETRA EYE WEAR - Srinagar Colony,MY DAY (30 LENS PK),MY DAY (30 LENS PK),Intra State B2B,1803.25,2,1.4,0.6
2026-04-03,SHREE NETRA EYE WEAR - Srinagar Colony,SHREE NETRA EYE WEAR - Srinagar Colony,MY DAY TORIC (30 LENS PK),MY DAY TORIC (30 LENS PK),Intra State B2B,1943.25,2,1.73,0.27
2026-04-04,SHREE NETRA EYE WEAR - Srinagar Colony,SHREE NETRA EYE WEAR - Srinagar Colony,MY DAY TORIC (30 LENS PK),MY DAY TORIC (30 LENS PK),Intra State B2B,1943.25,1,1.73,-0.73
2026-04-15,SHREE NETRA EYE WEAR - Srinagar Colony,SHREE NETRA EYE WEAR - Srinagar Colony,MY DAY TORIC (30 LENS PK),MY DAY TORIC (30 LENS PK),Intra State B2B,1943.25,2,1.82,0.18
2026-04-22,SHREE NETRA EYE WEAR - Srinagar Colony,SHREE NETRA EYE WEAR - Srinagar Colony,MY DAY TORIC (30 LENS PK),MY DAY TORIC (30 LENS PK),Intra State B2B,1943.25,2,1.85,0.15
2026-05-15,SHREE NETRA EYE WEAR - Srinagar Colony,SHREE NETRA EYE WEAR - Srinagar Colony,MY DAY TORIC (30 LENS PK),MY DAY TORIC (30 LENS PK),Intra State B2B,1943.25,1,1.67,-0.67
2026-05-21,SHREE NETRA EYE WEAR - Srinagar Colony,SHREE NETRA EYE WEAR - Srinagar Colony,MY DAY TORIC (30 LENS PK),MY DAY TORIC (30 LENS PK),Intra State B2B,1943.25,2,1.79,0.21
2026-06-17,SHREE NETRA EYE WEAR - Srinagar Colony,SHREE NETRA EYE WEAR - Srinagar Colony,MY DAY TORIC (30 LENS PK),MY DAY TORIC (30 LENS PK),Intra State B2B,1943.25,1,1.77,-0.77
2026-04-30,SLG HEALTHNEEDS,SLG HEALTHNEEDS,ACUVUE OASYS 6pk,ACUVUE OASYS 6pk,Intra State B2B,1000.0,1,1.91,-0.91
2026-04-30,SLG HEALTHNEEDS,SLG HEALTHNEEDS,ASPIRE AIR (6 LENS PACK) New,ASPIRE AIR (6 LENS PACK) New,Intra State B2B,466.9,3,2.18,0.82
2026-04-30,SLG HEALTHNEEDS,SLG HEALTHNEEDS,ASPIRE AIR TORIC (3 LENS PACK),ASPIRE AIR TORIC (3 LENS PACK),Intra State B2B,575.0,36,35.9,0.1
2026-04-30,SLG HEALTHNEEDS,SLG HEALTHNEEDS,ASPIRE GO 30LENS PK - NEW,ASPIRE GO 30LENS PK - NEW,Intra State B2B,693.0,17,16.95,0.05
2026-04-30,SLG HEALTHNEEDS,SLG HEALTHNEEDS,ASPIRE GO MAX 1DAY M.F 30LENS PK,ASPIRE GO MAX 1DAY M.F 30LENS PK,Intra State B2B,1540.0,6,2.45,3.55
2026-04-30,SLG HEALTHNEEDS,SLG HEALTHNEEDS,ASPIRE GO MAX 1DAY SPH 30LENS PK,ASPIRE GO MAX 1DAY SPH 30LENS PK,Intra State B2B,955.0,6,2.39,3.61
2026-04-01,SLG HEALTHNEEDS,SLG HEALTHNEEDS,ASPIRE GO MAX 1DAY TORIC 30LENS PK,ASPIRE GO MAX 1DAY TORIC 30LENS PK,Tag71,1.0,1,2.19,-1.19
2026-04-30,SLG HEALTHNEEDS,SLG HEALTHNEEDS,ASPIRE GO MAX 1DAY TORIC 30LENS PK,ASPIRE GO MAX 1DAY TORIC 30LENS PK,Intra State B2B,1209.0,7,6.85,0.15
2026-04-30,SLG HEALTHNEEDS,SLG HEALTHNEEDS,ASPIRE PRO (3 LENS PACK),ASPIRE PRO (3 LENS PACK),Intra State B2B,704.0,24,23.93,0.07
2026-04-30,SLG HEALTHNEEDS,SLG HEALTHNEEDS,ASPIRE PRO (6 LENS PACK),ASPIRE PRO (6 LENS PACK),Intra State B2B,1357.0,14,13.95,0.05
2026-04-01,SLG HEALTHNEEDS,SLG HEALTHNEEDS,ASPIRE PRO MULTIFOCAL (3LENS PACK),ASPIRE PRO MULTIFOCAL (3LENS PACK),Tag71,1.0,1,2.19,-1.19
2026-04-30,SLG HEALTHNEEDS,SLG HEALTHNEEDS,ASPIRE PRO MULTIFOCAL (3LENS PACK),ASPIRE PRO MULTIFOCAL (3LENS PACK),Intra State B2B,1459.0,11,10.9,0.1
2026-04-30,SLG HEALTHNEEDS,SLG HEALTHNEEDS,ASPIRE PRO TORIC (3 LENS PACK),ASPIRE PRO TORIC (3 LENS PACK),Intra State B2B,820.0,37,36.96,0.04
2026-04-30,SLG HEALTHNEEDS,SLG HEALTHNEEDS,Acuvue Oasys With Hydraluxe,Acuvue Oasys With Hydraluxe,Intra State B2B,1500.0,1,2.52,-1.52
2026-04-30,SLG HEALTHNEEDS,SLG HEALTHNEEDS,Acuvue Vita For Astigmatism,Acuvue Vita For Astigmatism,Intra State B2B,950.0,1,2.46,-1.46
2026-04-01,SLG HEALTHNEEDS,SLG HEALTHNEEDS,Biofinity Torics 3 Lens pack (new) XR,Biofinity Torics 3 Lens pack (new) XR,Tag71,1.0,4,2.33,1.67
2026-04-30,SLG HEALTHNEEDS,SLG HEALTHNEEDS,Biofinity Torics 3 Lens pack (new) XR,Biofinity Torics 3 Lens pack (new) XR,Intra State B2B,2477.75,2,2.63,-0.63
2026-04-30,SLG HEALTHNEEDS,SLG HEALTHNEEDS,Biofinity XR 6 Lense pack (new),Biofinity XR 6 Lense pack (new),Intra State B2B,2126.25,12,11.93,0.07
2026-04-30,SLG HEALTHNEEDS,SLG HEALTHNEEDS,Biomedics Now ( 6pk ) New,Biomedics Now ( 6pk ) New,Intra State B2B,432.0,62,61.88,0.12
2026-04-01,SLG HEALTHNEEDS,SLG HEALTHNEEDS,Biomedics Now (6 Lens pack) NEW,Biomedics Now (6 Lens pack) NEW,Tag71,1.0,46,45.99,0.01
2026-04-30,SLG HEALTHNEEDS,SLG HEALTHNEEDS,MY DAY (30 LENS PK),MY DAY (30 LENS PK),Intra State B2B,1245.0,49,48.94,0.06
2026-04-30,SLG HEALTHNEEDS,SLG HEALTHNEEDS,MY DAY TORIC (30 LENS PK),MY DAY TORIC (30 LENS PK),Intra State B2B,1567.0,80,79.77,0.23
2026-04-30,SLG HEALTHNEEDS,SLG HEALTHNEEDS,Proclear 6 Lens pack(New),Proclear 6 Lens pack(New),Intra State B2B,450.0,2,2.33,-0.33
2026-06-15,SLS Optical,SLS Optical,ASPIRE AIR (3 LENS PACK),ASPIRE AIR (3 LENS PACK),Tag71,698.5,1,1.45,-0.45
2026-05-12,SMART VISION EYE SPECIALITIES PRIVATE LIMITED,SMART VISION EYE SPECIALITIES PRIVATE LIMITED,ASPIRE GO MAX 1DAY SPH 30LENS PK,ASPIRE GO MAX 1DAY SPH 30LENS PK,Intra State B2B,1414.0,1,1.91,-0.91
2026-04-29,SMART VISION EYE SPECIALITIES PRIVATE LIMITED,SMART VISION EYE SPECIALITIES PRIVATE LIMITED,ASPIRE GO MAX 1DAY TORIC 30LENS PK,ASPIRE GO MAX 1DAY TORIC 30LENS PK,Intra State B2B,1670.0,1,1.87,-0.87
2026-04-20,SMART VISION EYE SPECIALITIES PRIVATE LIMITED,SMART VISION EYE SPECIALITIES PRIVATE LIMITED,Biofinity Multifocal Torics 3Pk,Biofinity Multifocal Torics 3Pk,Intra State B2B,3719.5,2,2.1,-0.1
2026-04-29,SMART VISION EYE SPECIALITIES PRIVATE LIMITED,SMART VISION EYE SPECIALITIES PRIVATE LIMITED,Biofinity Multifocal Torics 3Pk,Biofinity Multifocal Torics 3Pk,Intra State B2B,3719.5,2,2.12,-0.12
2026-05-04,SMART VISION EYE SPECIALITIES PRIVATE LIMITED,SMART VISION EYE SPECIALITIES PRIVATE LIMITED,MY DAY TORIC (30 LENS PK),MY DAY TORIC (30 LENS PK),Intra State B2B,1943.25,1,1.78,-0.78
2026-04-02,SMART VISION EYE SPECIALITIES PRIVATE LIMITED,SMART VISION EYE SPECIALITIES PRIVATE LIMITED,Proclear 6 Lens pack(New),Proclear 6 Lens pack(New),Intra State B2B,973.75,2,2.09,-0.09
2026-05-28,SONY GLASS AND ALUMINIUM - TELLAPUR,SONY GLASS AND ALUMINIUM - TELLAPUR,VEGAQUICK 20 GM (S),VEGAQUICK 20 GM (S),Intra State B2B,32.06,120,119.85,0.15
2026-06-03,SRI DEEKSHITHA ENTERPRISES,SRI DEEKSHITHA ENTERPRISES,BONDSET FAST SETTING 1 KG,BONDSET FAST SETTING 1 KG,Intra State B2B,159.25,20,19.88,0.12
2026-06-03,SRI DEEKSHITHA ENTERPRISES,SRI DEEKSHITHA ENTERPRISES,BONDSET FAST SETTING 25 GM,BONDSET FAST SETTING 25 GM,Intra State B2B,6.65,240,135.28,104.72
2026-06-03,SRI DEEKSHITHA ENTERPRISES,SRI DEEKSHITHA ENTERPRISES,BONDSET FAST SETTING JAR PACK 90 GM,BONDSET FAST SETTING JAR PACK 90 GM,Intra State B2B,16.5,102,99.72,2.28
2026-06-03,SRI DEEKSHITHA ENTERPRISES,SRI DEEKSHITHA ENTERPRISES,BONDTITE FAST & CLEAR 180 GM,BONDTITE FAST & CLEAR 180 GM,Intra State B2B,283.23,6,2.05,3.95
2026-06-03,SRI DEEKSHITHA ENTERPRISES,SRI DEEKSHITHA ENTERPRISES,BONDTITE FAST & CLEAR 270 GM,BONDTITE FAST & CLEAR 270 GM,Intra State B2B,387.62,4,2.05,1.95
2026-06-03,SRI DEEKSHITHA ENTERPRISES,SRI DEEKSHITHA ENTERPRISES,BONDTITE FAST & CLEAR 36 GM,BONDTITE FAST & CLEAR 36 GM,Intra State B2B,87.6,12,11.89,0.11
2026-06-03,SRI DEEKSHITHA ENTERPRISES,SRI DEEKSHITHA ENTERPRISES,BONDTITE FAST & CLEAR 90 GM,BONDTITE FAST & CLEAR 90 GM,Intra State B2B,174.5,10,9.87,0.13
2026-06-03,SRI DEEKSHITHA ENTERPRISES,SRI DEEKSHITHA ENTERPRISES,BONDTITE FAST & CLEAR 90 GM,BONDTITE FAST & CLEAR 90 GM,Intra State B2B,174.5,80,79.73,0.27
2026-04-03,SV Aditya Biomedicals Medak,SV Aditya Biomedicals Medak,Safe Accu Gluco Meter,Safe Accu Gluco Meter,Intra State B2B,1.0,1,2.26,-1.26
2026-04-03,SV Aditya Biomedicals Medak,SV Aditya Biomedicals Medak,Safe Accu Test Strip 50s (Individual),Safe Accu Test Strip 50s (Individual),Intra State B2B,300.0,20,19.89,0.11
2026-05-25,Sai Kaushik Traders,Sai Kaushik Traders,BONDSET FAST SETTING 60 GM,BONDSET FAST SETTING 60 GM,Tag71,14.93,34,33.92,0.08
2026-06-19,Sai Kaushik Traders,Sai Kaushik Traders,BONDSET FAST SETTING 60 GM,BONDSET FAST SETTING 60 GM,Tag71,14.93,34,34.36,-0.36
2026-05-25,Sai Kaushik Traders,Sai Kaushik Traders,BONDSET FAST SETTING JAR PACK 90 GM,BONDSET FAST SETTING JAR PACK 90 GM,Tag71,22.79,34,33.92,0.08
2026-05-25,Sai Kaushik Traders,Sai Kaushik Traders,BONDSET SANITARY UNDER WATER 25 GM,BONDSET SANITARY UNDER WATER 25 GM,Tag71,13.16,64,63.81,0.19
2026-06-19,Sai Kaushik Traders,Sai Kaushik Traders,BONDSET SANITARY UNDER WATER 25 GM,BONDSET SANITARY UNDER WATER 25 GM,Tag71,13.16,60,60.26,-0.26
2026-05-25,Sai Kaushik Traders,Sai Kaushik Traders,BONDSET SANITARY UNDER WATER 60 GM,BONDSET SANITARY UNDER WATER 60 GM,Tag71,22.48,34,33.92,0.08
2026-06-19,Sai Kaushik Traders,Sai Kaushik Traders,BONDSET SANITARY UNDER WATER 60 GM,BONDSET SANITARY UNDER WATER 60 GM,Tag71,22.48,34,34.36,-0.36
2026-06-19,Sai Kaushik Traders,Sai Kaushik Traders,BONDSET WHITE 25 GM,BONDSET WHITE 25 GM,Tag71,7.85,60,59.79,0.21
2026-06-19,Sai Kaushik Traders,Sai Kaushik Traders,EZY DRAIN CLEANER 40 GM JAR,EZY DRAIN CLEANER 40 GM JAR,Tag71,15.15,100,99.45,0.55
2026-06-19,Sai Kaushik Traders,Sai Kaushik Traders,FILLX ULTRA 2K IRON GRAY 1KG,FILLX ULTRA 2K IRON GRAY 1KG,Tag71,704.16,4,1.67,2.33
2026-05-25,Sai Kaushik Traders,Sai Kaushik Traders,RESIBOND GP 100 CLEAR 260 ML,RESIBOND GP 100 CLEAR 260 ML,Tag71,110.0,24,23.84,0.16
2026-05-25,Sai Kaushik Traders,Sai Kaushik Traders,RESIBOND GP 100 WHITE 260 ML,RESIBOND GP 100 WHITE 260 ML,Tag71,110.0,24,23.84,0.16
2026-05-30,Sai Kaushik Traders Pipeline road,Sai Kaushik Traders Pipeline road,FILLX ULTRA 2K DUSTY GREY 1 KG,FILLX ULTRA 2K DUSTY GREY 1 KG,Tag71,704.25,4,2.04,1.96
2026-05-30,Sai Kaushik Traders Pipeline road,Sai Kaushik Traders Pipeline road,FILLX ULTRA 2K PURE WHITE 1 KG,FILLX ULTRA 2K PURE WHITE 1 KG,Tag71,704.25,2,2.04,-0.04
2026-05-25,Sai Koushik Traders,Sai Koushik Traders,BONDSET SANITARY UNDER WATER 25 GM,BONDSET SANITARY UNDER WATER 25 GM,Tag71,13.16,64,63.81,0.19
2026-05-25,Sai Koushik Traders,Sai Koushik Traders,BONDSET SANITARY UNDER WATER 60 GM,BONDSET SANITARY UNDER WATER 60 GM,Tag71,22.48,34,33.92,0.08
2026-05-25,Sai Koushik Traders,Sai Koushik Traders,BONDTITE FAST & CLEAR 36 GM,BONDTITE FAST & CLEAR 36 GM,Tag71,117.21,12,11.88,0.12
2026-05-25,Sai Koushik Traders,Sai Koushik Traders,BONDTITE FAST & CLEAR 90 GM,BONDTITE FAST & CLEAR 90 GM,Tag71,243.63,10,9.88,0.12
2026-05-25,Sai Koushik Traders,Sai Koushik Traders,RESIBOND GP 100 CLEAR 260 ML,RESIBOND GP 100 CLEAR 260 ML,Tag71,110.0,24,23.84,0.16
2026-05-25,Sai Koushik Traders,Sai Koushik Traders,RESIBOND GP 100 WHITE 260 ML,RESIBOND GP 100 WHITE 260 ML,Tag71,110.0,24,23.84,0.16
2026-04-30,See eye wear--Manikonda,See eye wear--Manikonda,ASPIRE GO MAX 1DAY TORIC 30LENS PK,ASPIRE GO MAX 1DAY TORIC 30LENS PK,Tag71,1754.0,2,2.25,-0.25
2026-04-15,See eye wear--Manikonda,See eye wear--Manikonda,ASPIRE PRO (6 LENS PACK),ASPIRE PRO (6 LENS PACK),Tag71,1.0,2,2.01,-0.01
2026-04-03,See eye wear--Manikonda,See eye wear--Manikonda,ASPIRE PRO TORIC (3 LENS PACK),ASPIRE PRO TORIC (3 LENS PACK),Tag71,1149.0,1,2.06,-1.06
2026-06-08,See eye wear--Manikonda,See eye wear--Manikonda,ASPIRE PRO TORIC (3 LENS PACK),ASPIRE PRO TORIC (3 LENS PACK),Tag71,1149.0,1,1.79,-0.79
2026-04-06,Shiva Impex (karmanghat),Shiva Impex (karmanghat),Biofinity XR 6 Lense pack (new),Biofinity XR 6 Lense pack (new),Intra State B2B,2126.25,1,1.94,-0.94
2026-04-10,Shree Khetheswar Opticals - Abids,Shree Khetheswar Opticals - Abids,ASPIRE AIR (6 LENS PACK) New,ASPIRE AIR (6 LENS PACK) New,Intra State B2B,1080.0,1,1.62,-0.62
2026-05-05,Shree Khetheswar Opticals - Abids,Shree Khetheswar Opticals - Abids,ASPIRE GO MAX 1DAY SPH 30LENS PK,ASPIRE GO MAX 1DAY SPH 30LENS PK,Intra State B2B,1414.0,2,1.92,0.08
2026-04-27,Shree Khetheswar Opticals - Abids,Shree Khetheswar Opticals - Abids,ASPIRE PRO (6 LENS PACK),ASPIRE PRO (6 LENS PACK),Intra State B2B,2004.5,1,1.83,-0.83
2026-06-10,Shree Khetheswar Opticals - Abids,Shree Khetheswar Opticals - Abids,ASPIRE PRO (6 LENS PACK),ASPIRE PRO (6 LENS PACK),Intra State B2B,1623.8,1,1.25,-0.25
2026-04-11,Shree Khetheswar Opticals - Abids,Shree Khetheswar Opticals - Abids,ASPIRE PRO MULTIFOCAL (3LENS PACK),ASPIRE PRO MULTIFOCAL (3LENS PACK),Intra State B2B,1588.25,2,1.81,0.19
2026-04-14,Shree Khetheswar Opticals - Abids,Shree Khetheswar Opticals - Abids,ASPIRE PRO TORIC (3 LENS PACK),ASPIRE PRO TORIC (3 LENS PACK),Intra State B2B,951.42,2,2.09,-0.09
2026-04-16,Shree Khetheswar Opticals - Abids,Shree Khetheswar Opticals - Abids,ASPIRE PRO TORIC (3 LENS PACK),ASPIRE PRO TORIC (3 LENS PACK),Intra State B2B,951.42,2,2.09,-0.09
2026-04-27,Shree Khetheswar Opticals - Abids,Shree Khetheswar Opticals - Abids,ASPIRE PRO TORIC (3 LENS PACK),ASPIRE PRO TORIC (3 LENS PACK),Intra State B2B,1094.75,2,2.12,-0.12
2026-05-13,Shree Khetheswar Opticals - Abids,Shree Khetheswar Opticals - Abids,ASPIRE PRO TORIC (3 LENS PACK),ASPIRE PRO TORIC (3 LENS PACK),Intra State B2B,951.42,1,1.77,-0.77
2026-05-15,Shree Khetheswar Opticals - Abids,Shree Khetheswar Opticals - Abids,ASPIRE PRO TORIC (3 LENS PACK),ASPIRE PRO TORIC (3 LENS PACK),Intra State B2B,951.0,1,1.98,-0.98
2026-04-16,Shree Khetheswar Opticals - Abids,Shree Khetheswar Opticals - Abids,ASPIRE PRO TORIC TRAIL (1 LENS PACK),ASPIRE PRO TORIC TRAIL (1 LENS PACK),Intra State B2B,1.0,2,2.16,-0.16
2026-04-16,Shree Khetheswar Opticals - Abids,Shree Khetheswar Opticals - Abids,Biofinity XR 6 Lense pack (new),Biofinity XR 6 Lense pack (new),Intra State B2B,2126.25,1,1.93,-0.93
2026-04-10,Shree Khetheswar Opticals - Abids,Shree Khetheswar Opticals - Abids,Biomedics Now (6 Lens pack) NEW,Biomedics Now (6 Lens pack) NEW,Intra State B2B,571.42,1,2.03,-1.03
2026-05-05,Shree Khetheswar Opticals - Abids,Shree Khetheswar Opticals - Abids,MY DAY (30 LENS PK),MY DAY (30 LENS PK),Intra State B2B,1803.25,1,1.78,-0.78
2026-04-28,Shree Khetheswar Opticals - Abids,Shree Khetheswar Opticals - Abids,MY DAY TORIC (30 LENS PK),MY DAY TORIC (30 LENS PK),Intra State B2B,1890.0,2,1.85,0.15
2026-05-05,Shree Khetheswar Opticals - Abids,Shree Khetheswar Opticals - Abids,MY DAY TORIC (30 LENS PK),MY DAY TORIC (30 LENS PK),Intra State B2B,1943.25,1,1.78,-0.78
2026-05-13,Shree Khetheswar Opticals - Abids,Shree Khetheswar Opticals - Abids,MY DAY TORIC (30 LENS PK),MY DAY TORIC (30 LENS PK),Intra State B2B,1800.0,1,1.5,-0.5
2026-06-06,Shree Khetheswar Opticals - Abids,Shree Khetheswar Opticals - Abids,MY DAY TORIC (30 LENS PK),MY DAY TORIC (30 LENS PK),Intra State B2B,1800.0,2,1.62,0.38
2026-05-26,Shreya Eye Care Center,Shreya Eye Care Center,Biofinity Torics 3 Lens pack (new) XR,Biofinity Torics 3 Lens pack (new) XR,Tag71,2601.0,2,2.06,-0.06
2026-05-26,Shreya Eye Care Center,Shreya Eye Care Center,Biofinity XR 6 Lense pack (new),Biofinity XR 6 Lense pack (new),Tag71,2233.0,2,1.85,0.15
2026-06-12,Solis Eye Wear,Solis Eye Wear,ASPIRE GO MAX 1DAY M.F 30LENS PK,ASPIRE GO MAX 1DAY M.F 30LENS PK,Intra State B2B,2085.25,2,1.7,0.3
2026-04-30,Solis Eye Wear,Solis Eye Wear,ASPIRE GO MAX 1DAY SPH 30LENS PK,ASPIRE GO MAX 1DAY SPH 30LENS PK,Intra State B2B,1414.0,10,9.96,0.04
2026-04-30,Solis Eye Wear,Solis Eye Wear,ASPIRE GO MAX 1DAY SPH 30LENS PK,ASPIRE GO MAX 1DAY SPH 30LENS PK,Intra State B2B,1.0,1,2.05,-1.05
2026-05-04,Solis Eye Wear,Solis Eye Wear,ASPIRE GO MAX 1DAY SPH 30LENS PK,ASPIRE GO MAX 1DAY SPH 30LENS PK,Intra State B2B,1414.0,1,2.29,-1.29
2026-06-06,Solis Eye Wear,Solis Eye Wear,ASPIRE GO MAX 1DAY SPH 30LENS PK,ASPIRE GO MAX 1DAY SPH 30LENS PK,Intra State B2B,1414.0,1,2.26,-1.26
2026-06-20,Solis Eye Wear,Solis Eye Wear,ASPIRE GO MAX 1DAY SPH 30LENS PK,ASPIRE GO MAX 1DAY SPH 30LENS PK,Tag71,1.0,4,1.97,2.03
2026-05-04,Solis Eye Wear,Solis Eye Wear,ASPIRE GO MAX 1DAY TORIC 30LENS PK,ASPIRE GO MAX 1DAY TORIC 30LENS PK,Intra State B2B,1670.0,1,1.82,-0.82
2026-04-20,Solis Eye Wear,Solis Eye Wear,ASPIRE PRO (3 LENS PACK),ASPIRE PRO (3 LENS PACK),Intra State B2B,1040.75,2,1.95,0.05
2026-04-24,Solis Eye Wear,Solis Eye Wear,ASPIRE PRO (3 LENS PACK),ASPIRE PRO (3 LENS PACK),Intra State B2B,1040.75,2,1.91,0.09
2026-04-30,Solis Eye Wear,Solis Eye Wear,ASPIRE PRO (3 LENS PACK),ASPIRE PRO (3 LENS PACK),Intra State B2B,1.0,3,2.14,0.86
2026-04-30,Solis Eye Wear,Solis Eye Wear,ASPIRE PRO (3 LENS PACK),ASPIRE PRO (3 LENS PACK),Intra State B2B,1040.75,20,19.97,0.03
2026-04-20,Solis Eye Wear,Solis Eye Wear,ASPIRE PRO TORIC (3 LENS PACK),ASPIRE PRO TORIC (3 LENS PACK),Intra State B2B,1094.75,2,2.09,-0.09
2026-06-04,Solis Eye Wear,Solis Eye Wear,ASPIRE PRO TORIC (3 LENS PACK),ASPIRE PRO TORIC (3 LENS PACK),Intra State B2B,1094.75,4,2.05,1.95
2026-06-06,Solis Eye Wear,Solis Eye Wear,ASPIRE PRO TORIC (3 LENS PACK),ASPIRE PRO TORIC (3 LENS PACK),Intra State B2B,1094.75,2,2.28,-0.28
2026-05-02,Solis Eye Wear,Solis Eye Wear,Biofinity XR 6 Lense pack (new),Biofinity XR 6 Lense pack (new),Intra State B2B,2126.25,2,1.94,0.06
2026-05-06,Solis Eye Wear,Solis Eye Wear,MY DAY (30 LENS PK),MY DAY (30 LENS PK),Intra State B2B,1803.25,1,1.78,-0.78
2026-05-27,Solis Eye Wear,Solis Eye Wear,MY DAY (30 LENS PK),MY DAY (30 LENS PK),Intra State B2B,1803.25,1,1.5,-0.5
2026-05-14,Sree Nethralaya (Manikonda),Sree Nethralaya (Manikonda),Biofinity Torics 3 Lens pack (new) XR,Biofinity Torics 3 Lens pack (new) XR,Tag71,2601.0,8,7.85,0.15
2026-06-08,Sree Nethralaya (Manikonda),Sree Nethralaya (Manikonda),Biofinity Torics 3 Lens pack (new) XR,Biofinity Torics 3 Lens pack (new) XR,Tag71,2601.0,8,7.66,0.34
2026-05-21,Sree Nethralaya (Manikonda),Sree Nethralaya (Manikonda),MY DAY (30 LENS PK),MY DAY (30 LENS PK),Tag71,1893.0,2,1.79,0.21
2026-06-15,Sree Nethralaya (Manikonda),Sree Nethralaya (Manikonda),MY DAY TORIC (30 LENS PK),MY DAY TORIC (30 LENS PK),Tag71,2040.0,8,7.57,0.43
2026-04-25,Sree Optical,Sree Optical,ASPIRE PRO TORIC (3 LENS PACK),ASPIRE PRO TORIC (3 LENS PACK),Tag71,1150.0,2,2.06,-0.06
2026-05-21,Sree Optical,Sree Optical,ASPIRE PRO TORIC (3 LENS PACK),ASPIRE PRO TORIC (3 LENS PACK),Intra State B2B,1094.75,6,2.46,3.54
2026-05-22,Sree Optical,Sree Optical,ASPIRE PRO TORIC (3 LENS PACK),ASPIRE PRO TORIC (3 LENS PACK),Intra State B2B,1094.75,4,2.59,1.41
2026-05-14,Sree Optical,Sree Optical,Biofinity Torics 3 Lens pack (new) XR,Biofinity Torics 3 Lens pack (new) XR,Intra State B2B,2477.75,2,2.04,-0.04
2026-04-27,Sree Optical,Sree Optical,Biomedics Now (6 Lens pack) NEW,Biomedics Now (6 Lens pack) NEW,Tag71,1012.0,1,2.09,-1.09
2026-06-08,Sreekrishna enterprises,Sreekrishna enterprises,ASPIRE AIR (6 LENS PACK) New,ASPIRE AIR (6 LENS PACK) New,Tag71,1384.0,1,1.62,-0.62
2026-06-08,Sreekrishna enterprises,Sreekrishna enterprises,ASPIRE PRO (6 LENS PACK),ASPIRE PRO (6 LENS PACK),Tag71,2105.0,1,1.77,-0.77
2026-06-03,Sri Jagadamba Enterprises,Sri Jagadamba Enterprises,FILLX ULTRA 2K SIGNAL BLACK 1 KG,FILLX ULTRA 2K SIGNAL BLACK 1 KG,Intra State B2B,596.75,4,1.71,2.29
2026-04-14,Sri Omkar Optics (Jeedimetla),Sri Omkar Optics (Jeedimetla),ASPIRE AIR (6 LENS PACK) New,ASPIRE AIR (6 LENS PACK) New,Intra State B2B,1318.5,1,1.66,-0.66
2026-05-05,Sri Omkar Optics (Jeedimetla),Sri Omkar Optics (Jeedimetla),ASPIRE GO 30LENS PK - NEW,ASPIRE GO 30LENS PK - NEW,Intra State B2B,1023.75,1,1.92,-0.92
2026-04-20,Sri Omkar Optics (Jeedimetla),Sri Omkar Optics (Jeedimetla),ASPIRE PRO TORIC (3 LENS PACK),ASPIRE PRO TORIC (3 LENS PACK),Intra State B2B,1094.75,2,2.09,-0.09
2026-05-12,Sri Omkar Optics (Jeedimetla),Sri Omkar Optics (Jeedimetla),Biofinity XR 6 Lense pack (new),Biofinity XR 6 Lense pack (new),Intra State B2B,2126.25,1,1.88,-0.88
2026-05-18,Sri Omkar Optics (Jeedimetla),Sri Omkar Optics (Jeedimetla),Biofinity XR 6 Lense pack (new),Biofinity XR 6 Lense pack (new),Intra State B2B,2126.25,2,1.58,0.42
2026-04-25,Sri Omkar Optics (Jeedimetla),Sri Omkar Optics (Jeedimetla),Biomedics Now (6 Lens pack) NEW,Biomedics Now (6 Lens pack) NEW,Intra State B2B,963.75,2,2.03,-0.03
2026-06-16,Sri Rama Plywood & Hardware,Sri Rama Plywood & Hardware,VETRA LV (401) 20 GM (SCHEME),VETRA LV (401) 20 GM (SCHEME),Intra State B2B,44.41,100,99.74,0.26
2026-05-04,Sri Sai Krishna opticals-Ramnagar 22-23,Sri Sai Krishna opticals-Ramnagar 22-23,ASPIRE AIR (6 LENS PACK) New,ASPIRE AIR (6 LENS PACK) New,Tag71,1.0,2,1.82,0.18
2026-04-13,Sri Sai Krishna opticals-Ramnagar 22-23,Sri Sai Krishna opticals-Ramnagar 22-23,ASPIRE AIR TORIC (3 LENS PACK),ASPIRE AIR TORIC (3 LENS PACK),Tag71,726.0,2,1.95,0.05
2026-04-20,Sri Sai Krishna opticals-Ramnagar 22-23,Sri Sai Krishna opticals-Ramnagar 22-23,ASPIRE AIR TORIC (3 LENS PACK),ASPIRE AIR TORIC (3 LENS PACK),Tag71,726.0,2,1.95,0.05
2026-05-22,Sri Sai Krishna opticals-Ramnagar 22-23,Sri Sai Krishna opticals-Ramnagar 22-23,ASPIRE AIR TORIC (3 LENS PACK),ASPIRE AIR TORIC (3 LENS PACK),Tag71,726.0,1,1.91,-0.91
2026-06-19,Sri Sai Krishna opticals-Ramnagar 22-23,Sri Sai Krishna opticals-Ramnagar 22-23,ASPIRE AIR TORIC (3 LENS PACK),ASPIRE AIR TORIC (3 LENS PACK),Tag71,1.0,2,1.68,0.32
2026-05-18,Sri Sai Krishna opticals-Ramnagar 22-23,Sri Sai Krishna opticals-Ramnagar 22-23,ASPIRE PRO (6 LENS PACK),ASPIRE PRO (6 LENS PACK),Tag71,1705.0,2,1.81,0.19
2026-06-12,Sri Sai Krishna opticals-Ramnagar 22-23,Sri Sai Krishna opticals-Ramnagar 22-23,ASPIRE PRO (6 LENS PACK),ASPIRE PRO (6 LENS PACK),Tag71,1705.0,1,1.78,-0.78
2026-04-04,Sri Sai Krishna opticals-Ramnagar 22-23,Sri Sai Krishna opticals-Ramnagar 22-23,ASPIRE PRO TORIC (3 LENS PACK),ASPIRE PRO TORIC (3 LENS PACK),Tag71,999.0,2,2.06,-0.06
2026-04-28,Sri Sai Krishna opticals-Ramnagar 22-23,Sri Sai Krishna opticals-Ramnagar 22-23,ASPIRE PRO TORIC (3 LENS PACK),ASPIRE PRO TORIC (3 LENS PACK),Tag71,999.0,2,2.12,-0.12
2026-06-11,Sri Sai Krishna opticals-Ramnagar 22-23,Sri Sai Krishna opticals-Ramnagar 22-23,ASPIRE PRO TORIC (3 LENS PACK),ASPIRE PRO TORIC (3 LENS PACK),Tag71,999.0,4,2.04,1.96
2026-06-06,Sri Sai Krishna opticals-Ramnagar 22-23,Sri Sai Krishna opticals-Ramnagar 22-23,Biofinity Torics 3 Lens pack (new) XR,Biofinity Torics 3 Lens pack (new) XR,Tag71,2601.0,4,1.76,2.24
2026-04-04,Sri Sai Krishna opticals-Ramnagar 22-23,Sri Sai Krishna opticals-Ramnagar 22-23,Biofinity XR 6 Lense pack (new),Biofinity XR 6 Lense pack (new),Tag71,2233.0,1,1.71,-0.71
2026-04-20,Sri Sai Krishna opticals-Ramnagar 22-23,Sri Sai Krishna opticals-Ramnagar 22-23,Clarity 1Day MF 1Pk Trail,Clarity 1Day MF 1Pk Trail,Tag71,1.0,2,2.13,-0.13
2026-05-22,Sri Sai Krishna opticals-Ramnagar 22-23,Sri Sai Krishna opticals-Ramnagar 22-23,Clarity 1Day MF 1Pk Trail,Clarity 1Day MF 1Pk Trail,Tag71,1.0,2,2.07,-0.07
2026-06-19,Sri Teja Car Decors,Sri Teja Car Decors,VEGAQUICK 20 GM (S),VEGAQUICK 20 GM (S),Tag71,37.83,20,19.85,0.15
2026-04-22,Sun Shades Opticals-KPHB,Sun Shades Opticals-KPHB,ASPIRE PRO TORIC (3 LENS PACK),ASPIRE PRO TORIC (3 LENS PACK),Intra State B2B,1094.75,2,2.12,-0.12
2026-04-25,Sun Shades Opticals-KPHB,Sun Shades Opticals-KPHB,ASPIRE PRO TORIC (3 LENS PACK),ASPIRE PRO TORIC (3 LENS PACK),Intra State B2B,1094.75,2,2.06,-0.06
2026-04-29,Sun Shades Opticals-KPHB,Sun Shades Opticals-KPHB,ASPIRE PRO TORIC (3 LENS PACK),ASPIRE PRO TORIC (3 LENS PACK),Tag71,1.0,1,1.73,-0.73
2026-05-05,Sun Shades Opticals-KPHB,Sun Shades Opticals-KPHB,ASPIRE PRO TORIC (3 LENS PACK),ASPIRE PRO TORIC (3 LENS PACK),Intra State B2B,1094.75,2,2.05,-0.05
2026-06-13,Sun Shades Opticals-KPHB,Sun Shades Opticals-KPHB,ASPIRE PRO TORIC (3 LENS PACK),ASPIRE PRO TORIC (3 LENS PACK),Intra State B2B,1094.75,4,2.01,1.99
2026-04-09,Sunil Opticians,Sunil Opticians,ASPIRE AIR (6 LENS PACK) New,ASPIRE AIR (6 LENS PACK) New,Intra State B2B,1156.19,4,2.01,1.99
2026-06-02,Sunil Opticians,Sunil Opticians,ASPIRE AIR (6 LENS PACK) New,ASPIRE AIR (6 LENS PACK) New,Intra State B2B,1156.19,2,2.09,-0.09
2026-06-09,Sunil Opticians,Sunil Opticians,ASPIRE AIR (6 LENS PACK) New,ASPIRE AIR (6 LENS PACK) New,Intra State B2B,1156.19,2,2.15,-0.15
2026-06-13,Sunil Opticians,Sunil Opticians,ASPIRE AIR TORIC (3 LENS PACK),ASPIRE AIR TORIC (3 LENS PACK),Intra State B2B,795.0,2,1.88,0.12
2026-06-23,Sunil Opticians,Sunil Opticians,ASPIRE AIR TORIC (3 LENS PACK),ASPIRE AIR TORIC (3 LENS PACK),Intra State B2B,690.47,4,1.94,2.06
2026-05-09,Sunil Opticians,Sunil Opticians,ASPIRE PRO (6 LENS PACK),ASPIRE PRO (6 LENS PACK),Intra State B2B,1766.66,2,1.67,0.33
2026-04-30,Sunil Opticians,Sunil Opticians,ASPIRE PRO TORIC (3 LENS PACK),ASPIRE PRO TORIC (3 LENS PACK),Tag71,1094.75,4,2.46,1.54
2026-05-19,Sunil Opticians,Sunil Opticians,ASPIRE PRO TORIC (3 LENS PACK),ASPIRE PRO TORIC (3 LENS PACK),Intra State B2B,965.71,2,2.21,-0.21
2026-06-02,Sunil Opticians,Sunil Opticians,ASPIRE PRO TORIC (3 LENS PACK),ASPIRE PRO TORIC (3 LENS PACK),Intra State B2B,965.71,2,2.59,-0.59
2026-06-04,Sunil Opticians,Sunil Opticians,ASPIRE PRO TORIC (3 LENS PACK),ASPIRE PRO TORIC (3 LENS PACK),Intra State B2B,965.71,2,2.14,-0.14
2026-06-10,Sunil Opticians,Sunil Opticians,ASPIRE PRO TORIC (3 LENS PACK),ASPIRE PRO TORIC (3 LENS PACK),Intra State B2B,965.71,2,2.04,-0.04
2026-05-13,Sunil Opticians,Sunil Opticians,Biofinity Multifocal Torics 3Pk,Biofinity Multifocal Torics 3Pk,Intra State B2B,3719.5,2,2.04,-0.04
2026-06-03,Supreme Vision Madurai,Supreme Vision Madurai,ASPIRE PRO (6 LENS PACK),ASPIRE PRO (6 LENS PACK),Inter State B2B,2004.5,2,1.91,0.09
2026-05-05,Supreme Vision Madurai,Supreme Vision Madurai,ASPIRE PRO TORIC (3 LENS PACK),ASPIRE PRO TORIC (3 LENS PACK),Inter State B2B,1094.75,2,2.05,-0.05
2026-05-28,Supreme Vision Madurai,Supreme Vision Madurai,ASPIRE PRO TORIC (3 LENS PACK),ASPIRE PRO TORIC (3 LENS PACK),Inter State B2B,1094.75,2,2.06,-0.06
2026-04-08,Supreme Vision Madurai,Supreme Vision Madurai,Biofinity Torics 3 Lens pack (new) XR,Biofinity Torics 3 Lens pack (new) XR,Inter State B2B,2477.75,2,1.95,0.05
2026-04-08,Supreme Vision Madurai,Supreme Vision Madurai,Courier Chargers,Courier Chargers,Inter State B2B,200.0,1,1.77,-0.77
2026-05-18,Swadha Eye Contacts,Swadha Eye Contacts,ASPIRE PRO (6 LENS PACK),ASPIRE PRO (6 LENS PACK),Tag71,2105.0,1,1.77,-0.77
2026-04-23,Swadha Eye Contacts,Swadha Eye Contacts,ASPIRE PRO MULTIFOCAL (3LENS PACK),ASPIRE PRO MULTIFOCAL (3LENS PACK),Tag71,1668.0,2,1.87,0.13
2026-04-08,Swadha Eye Contacts,Swadha Eye Contacts,ASPIRE PRO TORIC (3 LENS PACK),ASPIRE PRO TORIC (3 LENS PACK),Tag71,1149.0,2,2.11,-0.11
2026-04-23,Swadha Eye Contacts,Swadha Eye Contacts,ASPIRE PRO TORIC (3 LENS PACK),ASPIRE PRO TORIC (3 LENS PACK),Tag71,1149.0,4,2.12,1.88
2026-05-13,Swadha Eye Contacts,Swadha Eye Contacts,ASPIRE PRO TORIC (3 LENS PACK),ASPIRE PRO TORIC (3 LENS PACK),Tag71,1149.0,4,2.29,1.71
2026-05-16,Swadha Eye Contacts,Swadha Eye Contacts,ASPIRE PRO TORIC (3 LENS PACK),ASPIRE PRO TORIC (3 LENS PACK),Tag71,1149.0,2,2.24,-0.24
2026-05-15,Swadha Eye Contacts,Swadha Eye Contacts,Acuvue Moist 1 Day Astigmatism,Acuvue Moist 1 Day Astigmatism,Tag71,1903.0,1,1.8,-0.8
2026-05-16,Swadha Eye Contacts,Swadha Eye Contacts,Acuvue Moist For Lacreon,Acuvue Moist For Lacreon,Tag71,1903.0,1,1.8,-0.8
2026-05-16,Swadha Eye Contacts,Swadha Eye Contacts,Acuvue Moist For Lacreon,Acuvue Moist For Lacreon,Tag71,1575.0,1,1.32,-0.32
2026-05-15,Swadha Eye Contacts,Swadha Eye Contacts,Acuvue Oasys For Astigmatism,Acuvue Oasys For Astigmatism,Tag71,1581.13,1,1.88,-0.88
2026-05-15,Swadha Eye Contacts,Swadha Eye Contacts,Acuvue Oasys For Astigmatism,Acuvue Oasys For Astigmatism,Tag71,1735.29,2,1.55,0.45
2026-05-16,Swadha Eye Contacts,Swadha Eye Contacts,Acuvue Oasys For Astigmatism,Acuvue Oasys For Astigmatism,Tag71,1735.93,1,1.8,-0.8
2026-05-16,Swadha Eye Contacts,Swadha Eye Contacts,Acuvue Oasys For Astigmatism,Acuvue Oasys For Astigmatism,Tag71,1902.6,1,1.66,-0.66
2026-05-18,Swadha Eye Contacts,Swadha Eye Contacts,Biofinity XR 6 Lense pack (new),Biofinity XR 6 Lense pack (new),Tag71,2233.0,1,1.76,-0.76
2026-05-04,Swadha Eye Contacts,Swadha Eye Contacts,Moist 1 day Astigmatism 30pk,Moist 1 day Astigmatism 30pk,Tag71,1903.0,3,1.78,1.22
2026-05-06,Swadha Eye Contacts,Swadha Eye Contacts,Moist 1 day Astigmatism 30pk,Moist 1 day Astigmatism 30pk,Tag71,1735.0,1,1.67,-0.67
2026-05-06,Swadha Eye Contacts,Swadha Eye Contacts,Moist 1 day Astigmatism 30pk,Moist 1 day Astigmatism 30pk,Tag71,1903.0,2,1.88,0.12
2026-06-16,Swasthik Power Tools,Swasthik Power Tools,FILLX ULTRA 2K CHOCOLATE BROWN 1 KG,FILLX ULTRA 2K CHOCOLATE BROWN 1 KG,Intra State B2B,596.75,4,1.7,2.3
2026-06-16,Swasthik Power Tools,Swasthik Power Tools,FILLX ULTRA 2K IRON GRAY 1KG,FILLX ULTRA 2K IRON GRAY 1KG,Intra State B2B,596.75,4,1.7,2.3
2026-06-16,Swasthik Power Tools,Swasthik Power Tools,FILLX ULTRA 2K SIGNAL BLACK 1 KG,FILLX ULTRA 2K SIGNAL BLACK 1 KG,Intra State B2B,596.75,4,1.7,2.3
2026-04-20,TRUELENS INTERNATIONAL,TRUELENS INTERNATIONAL,Assorted Contact Lenses,Assorted Contact Lenses,Inter State B2B,1665.0,43,42.9,0.1
2026-04-20,TRUELENS INTERNATIONAL,TRUELENS INTERNATIONAL,Assorted Contact Lenses,Assorted Contact Lenses,Inter State B2B,1285.0,43,42.84,0.16
2026-04-30,TRUELENS INTERNATIONAL,TRUELENS INTERNATIONAL,MY DAY (30 LENS PK),MY DAY (30 LENS PK),Inter State B2B,1285.0,391,389.03,1.97
2026-05-02,TRUELENS INTERNATIONAL,TRUELENS INTERNATIONAL,MY DAY (30 LENS PK),MY DAY (30 LENS PK),Inter State B2B,1285.0,6,4.04,1.96
2026-04-10,TRUELENS INTERNATIONAL,TRUELENS INTERNATIONAL,MY DAY TORIC (30 LENS PK),MY DAY TORIC (30 LENS PK),Inter State B2B,1665.0,40,39.83,0.17
2026-04-16,TRUELENS INTERNATIONAL,TRUELENS INTERNATIONAL,MY DAY TORIC (30 LENS PK),MY DAY TORIC (30 LENS PK),Inter State B2B,1665.0,44,43.82,0.18
2026-04-30,TRUELENS INTERNATIONAL,TRUELENS INTERNATIONAL,MY DAY TORIC (30 LENS PK),MY DAY TORIC (30 LENS PK),Inter State B2B,1665.0,65,64.91,0.09
2026-06-15,TRUELENS INTERNATIONAL,TRUELENS INTERNATIONAL,PV 2 Spherical 6 Lens pack,PV 2 Spherical 6 Lens pack,Inter State B2B,1360.0,402,389.03,12.97
2026-06-18,TRUELENS INTERNATIONAL,TRUELENS INTERNATIONAL,PV 2 Spherical 6 Lens pack,PV 2 Spherical 6 Lens pack,Inter State B2B,1360.0,93,87.61,5.39
2026-05-12,The Lenscare,The Lenscare,ASPIRE AIR TORIC (3 LENS PACK),ASPIRE AIR TORIC (3 LENS PACK),Intra State B2B,795.0,2,1.91,0.09
2026-04-16,The Lenscare,The Lenscare,Biomedics Now (6 Lens pack) NEW,Biomedics Now (6 Lens pack) NEW,Intra State B2B,963.75,50,49.84,0.16
2026-04-16,The Lenscare,The Lenscare,Biomedics Now (6 Lens pack) NEW,Biomedics Now (6 Lens pack) NEW,Intra State B2B,1.0,50,49.84,0.16
2026-04-21,The Lenscare,The Lenscare,Biomedics Now (6 Lens pack) NEW,Biomedics Now (6 Lens pack) NEW,Tag71,1.0,12,11.93,0.07
2026-04-25,V Medical Equipment Services,V Medical Equipment Services,Safe AQ Max III 50s Foil,Safe AQ Max III 50s Foil,Intra State B2B,375.0,1,1.92,-0.92
2026-04-25,V Medical Equipment Services,V Medical Equipment Services,Safe AQ Max III Meter,Safe AQ Max III Meter,Intra State B2B,1.0,1,1.98,-0.98
2026-04-18,VARIGEM MEDTECH PRIVATE LIMITED,VARIGEM MEDTECH PRIVATE LIMITED,Safe Accu Test Strip 50s (Vail),Safe Accu Test Strip 50s (Vail),Intra State B2B,275.0,10,9.84,0.16
2026-04-21,VARIGEM MEDTECH PRIVATE LIMITED,VARIGEM MEDTECH PRIVATE LIMITED,Safe Accu Test Strip 50s (Vail),Safe Accu Test Strip 50s (Vail),Intra State B2B,275.0,50,49.88,0.12
2026-04-11,VASAN HEALTH CARE PVT LTD - Sec-Bad,VASAN HEALTH CARE PVT LTD - Sec-Bad,ASPIRE PRO TORIC (3 LENS PACK),ASPIRE PRO TORIC (3 LENS PACK),Intra State B2B,845.5,2,2.05,-0.05
2026-04-27,VASAN HEALTH CARE PVT LTD - Sec-Bad,VASAN HEALTH CARE PVT LTD - Sec-Bad,ASPIRE PRO TORIC (3 LENS PACK),ASPIRE PRO TORIC (3 LENS PACK),Intra State B2B,877.14,4,2.12,1.88
2026-05-02,VASAN HEALTH CARE WARANGAL,VASAN HEALTH CARE WARANGAL,ASPIRE AIR (6 LENS PACK) New,ASPIRE AIR (6 LENS PACK) New,Intra State B2B,986.0,1,1.77,-0.77
2026-04-02,VASAN HEALTH CARE WARANGAL,VASAN HEALTH CARE WARANGAL,ASPIRE PRO TORIC (3 LENS PACK),ASPIRE PRO TORIC (3 LENS PACK),Intra State B2B,877.14,2,2.22,-0.22
2026-04-29,VASAN HEALTH CARE WARANGAL,VASAN HEALTH CARE WARANGAL,ASPIRE PRO TORIC (3 LENS PACK),ASPIRE PRO TORIC (3 LENS PACK),Intra State B2B,877.14,2,2.12,-0.12
2026-05-22,VISHWANATH SALES MAN,VISHWANATH SALES MAN,ASPIRE GO MAX 1DAY SPH 30LENS PK,ASPIRE GO MAX 1DAY SPH 30LENS PK,Tag71,1181.0,4,1.91,2.09
2026-04-18,VISHWANATH SALES MAN,VISHWANATH SALES MAN,ASPIRE PRO (3 LENS PACK),ASPIRE PRO (3 LENS PACK),Tag71,893.0,2,1.89,0.11
2026-04-24,VISHWANATH SALES MAN,VISHWANATH SALES MAN,ASPIRE PRO (6 LENS PACK),ASPIRE PRO (6 LENS PACK),Tag71,2105.0,2,1.73,0.27
2026-05-21,VISHWANATH SALES MAN,VISHWANATH SALES MAN,ASPIRE PRO MULTIFOCAL TRIAL 1LENS PK,ASPIRE PRO MULTIFOCAL TRIAL 1LENS PK,Tag71,1.0,2,2.0,0.0
2026-04-18,VISHWANATH SALES MAN,VISHWANATH SALES MAN,ASPIRE PRO TORIC (3 LENS PACK),ASPIRE PRO TORIC (3 LENS PACK),Tag71,999.0,2,2.03,-0.03
2026-04-29,VISHWANATH SALES MAN,VISHWANATH SALES MAN,ASPIRE PRO TORIC (3 LENS PACK),ASPIRE PRO TORIC (3 LENS PACK),Tag71,1149.0,2,2.12,-0.12
2026-05-22,VISHWANATH SALES MAN,VISHWANATH SALES MAN,ASPIRE PRO TORIC (3 LENS PACK),ASPIRE PRO TORIC (3 LENS PACK),Tag71,1000.0,2,1.77,0.23
2026-06-04,VISHWANATH SALES MAN,VISHWANATH SALES MAN,ASPIRE PRO TORIC (3 LENS PACK),ASPIRE PRO TORIC (3 LENS PACK),Tag71,999.0,4,2.05,1.95
2026-05-21,VISHWANATH SALES MAN,VISHWANATH SALES MAN,Biotrue Solu - 60ml,Biotrue Solu - 60ml,Tag71,160.0,1,2.04,-1.04
2026-04-29,VISHWANATH SALES MAN,VISHWANATH SALES MAN,MY DAY TORIC (30 LENS PK),MY DAY TORIC (30 LENS PK),Tag71,2040.0,2,1.85,0.15
2026-04-30,VISHWANATH SALES MAN,VISHWANATH SALES MAN,MY DAY TORIC (30 LENS PK),MY DAY TORIC (30 LENS PK),Tag71,2040.5,1,2.19,-1.19
2026-06-04,VISHWANATH SALES MAN,VISHWANATH SALES MAN,Proclear 6 Lens pack(New),Proclear 6 Lens pack(New),Tag71,1022.0,1,1.92,-0.92
2026-04-16,VISHWANATH SALES MAN,VISHWANATH SALES MAN,Safe Accu Gluco Meter,Safe Accu Gluco Meter,B2C Small,350.0,2,1.96,0.04
2026-05-21,VISHWANATH SALES MAN,VISHWANATH SALES MAN,Safe Accu Test Strip 50s (Individual),Safe Accu Test Strip 50s (Individual),Tag71,450.0,1,1.92,-0.92
2026-04-16,VISHWANATH SALES MAN,VISHWANATH SALES MAN,Safe Accu Test Strip 50s (Vail),Safe Accu Test Strip 50s (Vail),B2C Small,450.0,2,1.96,0.04
2026-04-16,VISHWANATH SALES MAN,VISHWANATH SALES MAN,Twist Sinodraw Lancet 28G 50s,Twist Sinodraw Lancet 28G 50s,B2C Small,100.0,2,1.96,0.04
2026-05-21,VISHWANATH SALES MAN,VISHWANATH SALES MAN,Twist Sinodraw Lancet 28G 50s,Twist Sinodraw Lancet 28G 50s,Tag71,100.0,1,1.92,-0.92
2026-06-02,Venkat - Vijayawada,Venkat - Vijayawada,ASPIRE PRO (3 LENS PACK),ASPIRE PRO (3 LENS PACK),Tag71,1093.0,1,2.02,-1.02
2026-06-02,Venkat - Vijayawada,Venkat - Vijayawada,ASPIRE PRO TORIC (3 LENS PACK),ASPIRE PRO TORIC (3 LENS PACK),Tag71,1149.0,1,2.15,-1.15
2026-04-29,Venkat - Vijayawada,Venkat - Vijayawada,Biofinity Toric 6 Lense pack (new),Biofinity Toric 6 Lense pack (new),Tag71,2601.0,2,2.12,-0.12
2026-06-08,Venkat - Vijayawada,Venkat - Vijayawada,Biofinity Torics 3 Lens pack (new) XR,Biofinity Torics 3 Lens pack (new) XR,Tag71,2601.0,2,1.83,0.17
2026-04-29,Venkat - Vijayawada,Venkat - Vijayawada,Courier Chargers,Courier Chargers,Tag71,100.0,1,1.78,-0.78
2026-06-02,Venkat - Vijayawada,Venkat - Vijayawada,Courier Chargers,Courier Chargers,Tag71,120.0,1,1.57,-0.57
2026-06-08,Venkat - Vijayawada,Venkat - Vijayawada,Courier Chargers,Courier Chargers,Tag71,150.0,1,1.45,-0.45
2026-04-04,Vijaya Distributors Moosapet,Vijaya Distributors Moosapet,RGB AIR BED,RGB AIR BED,Intra State B2B,900.0,20,19.89,0.11
2026-04-03,Vijaya Distributors Moosapet,Vijaya Distributors Moosapet,RGB PREPRAZOR,RGB PREPRAZOR,Intra State B2B,8.5,5200,5112.54,87.46
2026-06-09,Vijaya Krishna Opticals_Eluru,Vijaya Krishna Opticals_Eluru,Biofinity XR 6 Lense pack (new),Biofinity XR 6 Lense pack (new),Inter State B2B,2126.25,1,2.0,-1.0
2026-05-20,Vijaya Krishna Opticals_Eluru,Vijaya Krishna Opticals_Eluru,Courier Chargers,Courier Chargers,Inter State B2B,100.0,1,1.7,-0.7
2026-06-09,Vijaya Krishna Opticals_Eluru,Vijaya Krishna Opticals_Eluru,Courier Chargers,Courier Chargers,Inter State B2B,100.0,1,1.41,-0.41
2026-05-20,Vijaya Krishna Opticals_Eluru,Vijaya Krishna Opticals_Eluru,Proclear 6 Lens pack(New),Proclear 6 Lens pack(New),Inter State B2B,973.75,1,1.91,-0.91
2026-04-03,Vision Express (JNTU),Vision Express (JNTU),ASPIRE GO MAX 1DAY TORIC 30LENS PK,ASPIRE GO MAX 1DAY TORIC 30LENS PK,Tag71,1754.0,2,1.72,0.28
2026-04-04,Vision eye Care (miyapur),Vision eye Care (miyapur),ASPIRE AIR TORIC (3 LENS PACK),ASPIRE AIR TORIC (3 LENS PACK),Tag71,835.0,3,1.92,1.08
2026-04-30,Vision eye Care (miyapur),Vision eye Care (miyapur),ASPIRE PRO TORIC (3 LENS PACK),ASPIRE PRO TORIC (3 LENS PACK),Tag71,1150.0,1,2.46,-1.46
2026-06-16,Vision eye Care (miyapur),Vision eye Care (miyapur),ASPIRE PRO TORIC (3 LENS PACK),ASPIRE PRO TORIC (3 LENS PACK),Tag71,1149.0,2,1.74,0.26
2026-06-23,Vivera Optics - Gachibowli,Vivera Optics - Gachibowli,ASPIRE AIR TORIC (3 LENS PACK),ASPIRE AIR TORIC (3 LENS PACK),Intra State B2B,795.0,4,1.93,2.07
2026-04-04,Vivera Optics - Gachibowli,Vivera Optics - Gachibowli,ASPIRE GO MAX 1DAY M.F 30LENS PK,ASPIRE GO MAX 1DAY M.F 30LENS PK,Intra State B2B,2085.25,2,1.72,0.28
2026-04-24,Vivera Optics - Gachibowli,Vivera Optics - Gachibowli,ASPIRE GO MAX 1DAY SPH 30LENS PK,ASPIRE GO MAX 1DAY SPH 30LENS PK,Intra State B2B,1414.0,1,1.91,-0.91
2026-04-28,Vivera Optics - Gachibowli,Vivera Optics - Gachibowli,ASPIRE PRO (3 LENS PACK),ASPIRE PRO (3 LENS PACK),Intra State B2B,1040.75,1,1.97,-0.97
2026-06-04,Vivera Optics - Gachibowli,Vivera Optics - Gachibowli,ASPIRE PRO MULTIFOCAL (3LENS PACK),ASPIRE PRO MULTIFOCAL (3LENS PACK),Intra State B2B,1588.25,2,1.82,0.18
2026-04-28,Vivera Optics - Gachibowli,Vivera Optics - Gachibowli,ASPIRE PRO TORIC (3 LENS PACK),ASPIRE PRO TORIC (3 LENS PACK),Intra State B2B,1094.75,1,2.12,-1.12
2026-05-12,Vivera Optics - Gachibowli,Vivera Optics - Gachibowli,Biofinity Energys New ( 3pk ),Biofinity Energys New ( 3pk ),Intra State B2B,1216.75,8,7.82,0.18
2026-04-30,Vivera Optics - Gachibowli,Vivera Optics - Gachibowli,Biofinity Torics 3 Lens pack (new) XR,Biofinity Torics 3 Lens pack (new) XR,Intra State B2B,2477.75,4,2.47,1.53
2026-06-06,Vivera Optics - Gachibowli,Vivera Optics - Gachibowli,Biofinity Torics 3 Lens pack (new) XR,Biofinity Torics 3 Lens pack (new) XR,Intra State B2B,2477.75,4,1.92,2.08
2026-06-08,Vivera Optics - Gachibowli,Vivera Optics - Gachibowli,MY DAY (30 LENS PK),MY DAY (30 LENS PK),Intra State B2B,1803.25,2,1.77,0.23
2026-05-30,Vivera Optics - Gachibowli,Vivera Optics - Gachibowli,MY DAY TORIC (30 LENS PK),MY DAY TORIC (30 LENS PK),Intra State B2B,1943.25,1,2.07,-1.07
2026-06-08,Vivera Optics - Gachibowli,Vivera Optics - Gachibowli,MY DAY TORIC (30 LENS PK),MY DAY TORIC (30 LENS PK),Intra State B2B,1943.25,2,1.52,0.48
2026-05-29,Win Vision Eye Hospitals - A.S Rao Nagar,Win Vision Eye Hospitals - A.S Rao Nagar,ASPIRE GO MAX 1DAY SPH 30LENS PK,ASPIRE GO MAX 1DAY SPH 30LENS PK,Intra State B2B,1414.0,1,1.91,-0.91
2026-05-21,Win Vision Eye Hospitals - A.S Rao Nagar,Win Vision Eye Hospitals - A.S Rao Nagar,ASPIRE PRO (6 LENS PACK),ASPIRE PRO (6 LENS PACK),Intra State B2B,2004.5,1,1.8,-0.8
2026-04-23,Win Vision Eye Hospitals - A.S Rao Nagar,Win Vision Eye Hospitals - A.S Rao Nagar,ASPIRE PRO TORIC (3 LENS PACK),ASPIRE PRO TORIC (3 LENS PACK),Intra State B2B,1094.75,2,2.12,-0.12
2026-05-21,Win Vision Eye Hospitals - A.S Rao Nagar,Win Vision Eye Hospitals - A.S Rao Nagar,ASPIRE PRO TORIC (3 LENS PACK),ASPIRE PRO TORIC (3 LENS PACK),Intra State B2B,1094.75,4,2.06,1.94
2026-05-27,Win Vision Eye Hospitals - A.S Rao Nagar,Win Vision Eye Hospitals - A.S Rao Nagar,MY DAY TORIC (30 LENS PK),MY DAY TORIC (30 LENS PK),Intra State B2B,1943.25,1,1.79,-0.79
2026-05-08,Win Vision Eye Hospitals - Begumpet,Win Vision Eye Hospitals - Begumpet,ASPIRE GO 30LENS PK - NEW,ASPIRE GO 30LENS PK - NEW,Intra State B2B,1023.75,2,1.87,0.13
2026-06-13,Win Vision Eye Hospitals - Begumpet,Win Vision Eye Hospitals - Begumpet,ASPIRE GO MAX 1DAY M.F 30LENS PK,ASPIRE GO MAX 1DAY M.F 30LENS PK,Intra State B2B,2085.25,1,1.72,-0.72
2026-04-08,Win Vision Eye Hospitals - Begumpet,Win Vision Eye Hospitals - Begumpet,ASPIRE GO MAX 1DAY SPH 30LENS PK,ASPIRE GO MAX 1DAY SPH 30LENS PK,Intra State B2B,1414.0,5,2.07,2.93
2026-04-03,Win Vision Eye Hospitals - Begumpet,Win Vision Eye Hospitals - Begumpet,ASPIRE GO MAX 1DAY TORIC 30LENS PK,ASPIRE GO MAX 1DAY TORIC 30LENS PK,Intra State B2B,1670.0,2,1.83,0.17
2026-05-05,Win Vision Eye Hospitals - Begumpet,Win Vision Eye Hospitals - Begumpet,ASPIRE GO MAX 1DAY TORIC 30LENS PK,ASPIRE GO MAX 1DAY TORIC 30LENS PK,Intra State B2B,1670.0,2,1.93,0.07
2026-06-12,Win Vision Eye Hospitals - Begumpet,Win Vision Eye Hospitals - Begumpet,ASPIRE GO MAX 1DAY TORIC 30LENS PK,ASPIRE GO MAX 1DAY TORIC 30LENS PK,Intra State B2B,1670.0,2,1.8,0.2
2026-06-01,Win Vision Eye Hospitals - Begumpet,Win Vision Eye Hospitals - Begumpet,ASPIRE PRO (3 LENS PACK),ASPIRE PRO (3 LENS PACK),Intra State B2B,1040.75,2,2.06,-0.06
2026-05-05,Win Vision Eye Hospitals - Begumpet,Win Vision Eye Hospitals - Begumpet,ASPIRE PRO (6 LENS PACK),ASPIRE PRO (6 LENS PACK),Intra State B2B,2004.5,1,1.89,-0.89
2026-05-08,Win Vision Eye Hospitals - Begumpet,Win Vision Eye Hospitals - Begumpet,ASPIRE PRO (6 LENS PACK),ASPIRE PRO (6 LENS PACK),Intra State B2B,2004.5,2,1.44,0.56
2026-05-21,Win Vision Eye Hospitals - Begumpet,Win Vision Eye Hospitals - Begumpet,ASPIRE PRO (6 LENS PACK),ASPIRE PRO (6 LENS PACK),Intra State B2B,2004.5,2,1.9,0.1
2026-06-04,Win Vision Eye Hospitals - Begumpet,Win Vision Eye Hospitals - Begumpet,ASPIRE PRO (6 LENS PACK),ASPIRE PRO (6 LENS PACK),Intra State B2B,2004.5,1,1.89,-0.89
2026-04-20,Win Vision Eye Hospitals - Begumpet,Win Vision Eye Hospitals - Begumpet,ASPIRE PRO TORIC (3 LENS PACK),ASPIRE PRO TORIC (3 LENS PACK),Intra State B2B,1094.75,2,2.13,-0.13
2026-04-28,Win Vision Eye Hospitals - Begumpet,Win Vision Eye Hospitals - Begumpet,ASPIRE PRO TORIC (3 LENS PACK),ASPIRE PRO TORIC (3 LENS PACK),Intra State B2B,1094.75,4,2.22,1.78
2026-05-13,Win Vision Eye Hospitals - Begumpet,Win Vision Eye Hospitals - Begumpet,ASPIRE PRO TORIC (3 LENS PACK),ASPIRE PRO TORIC (3 LENS PACK),Intra State B2B,1094.75,4,2.4,1.6
2026-05-16,Win Vision Eye Hospitals - Begumpet,Win Vision Eye Hospitals - Begumpet,ASPIRE PRO TORIC (3 LENS PACK),ASPIRE PRO TORIC (3 LENS PACK),Tag71,1.0,1,1.87,-0.87
2026-06-12,Win Vision Eye Hospitals - Begumpet,Win Vision Eye Hospitals - Begumpet,Biofinity XR 6 Lense pack (new),Biofinity XR 6 Lense pack (new),Intra State B2B,2126.25,1,1.82,-0.82
2026-04-27,Win Vision Eye Hospitals - Gachibowli,Win Vision Eye Hospitals - Gachibowli,ASPIRE GO 30LENS PK - NEW,ASPIRE GO 30LENS PK - NEW,Intra State B2B,1023.75,1,2.01,-1.01
2026-04-03,Win Vision Eye Hospitals - Gachibowli,Win Vision Eye Hospitals - Gachibowli,ASPIRE GO MAX 1DAY SPH 30LENS PK,ASPIRE GO MAX 1DAY SPH 30LENS PK,Intra State B2B,1414.0,1,1.93,-0.93
2026-04-10,Win Vision Eye Hospitals - Gachibowli,Win Vision Eye Hospitals - Gachibowli,ASPIRE GO MAX 1DAY SPH 30LENS PK,ASPIRE GO MAX 1DAY SPH 30LENS PK,Intra State B2B,1414.0,1,1.63,-0.63
2026-04-18,Win Vision Eye Hospitals - Gachibowli,Win Vision Eye Hospitals - Gachibowli,ASPIRE GO MAX 1DAY SPH 30LENS PK,ASPIRE GO MAX 1DAY SPH 30LENS PK,Intra State B2B,1414.0,1,1.62,-0.62
2026-06-02,Win Vision Eye Hospitals - Gachibowli,Win Vision Eye Hospitals - Gachibowli,ASPIRE GO MAX 1DAY SPH 30LENS PK,ASPIRE GO MAX 1DAY SPH 30LENS PK,Intra State B2B,1414.0,2,1.89,0.11
2026-06-03,Win Vision Eye Hospitals - Gachibowli,Win Vision Eye Hospitals - Gachibowli,ASPIRE GO MAX 1DAY SPH 30LENS PK,ASPIRE GO MAX 1DAY SPH 30LENS PK,Intra State B2B,1414.0,1,1.94,-0.94
2026-06-05,Win Vision Eye Hospitals - Gachibowli,Win Vision Eye Hospitals - Gachibowli,ASPIRE GO MAX 1DAY SPH 30LENS PK,ASPIRE GO MAX 1DAY SPH 30LENS PK,Tag71,1.0,1,1.44,-0.44
2026-04-04,Win Vision Eye Hospitals - Gachibowli,Win Vision Eye Hospitals - Gachibowli,ASPIRE GO MAX 1DAY TORIC 30LENS PK,ASPIRE GO MAX 1DAY TORIC 30LENS PK,Intra State B2B,1670.0,4,1.83,2.17
2026-04-21,Win Vision Eye Hospitals - Gachibowli,Win Vision Eye Hospitals - Gachibowli,ASPIRE GO MAX 1DAY TORIC 30LENS PK,ASPIRE GO MAX 1DAY TORIC 30LENS PK,Intra State B2B,1670.0,2,2.08,-0.08
2026-06-02,Win Vision Eye Hospitals - Gachibowli,Win Vision Eye Hospitals - Gachibowli,ASPIRE GO MAX 1DAY TORIC 30LENS PK,ASPIRE GO MAX 1DAY TORIC 30LENS PK,Intra State B2B,1670.0,2,2.41,-0.41
2026-06-03,Win Vision Eye Hospitals - Gachibowli,Win Vision Eye Hospitals - Gachibowli,ASPIRE GO MAX 1DAY TORIC 30LENS PK,ASPIRE GO MAX 1DAY TORIC 30LENS PK,Intra State B2B,1670.0,5,2.02,2.98
2026-04-09,Win Vision Eye Hospitals - Gachibowli,Win Vision Eye Hospitals - Gachibowli,ASPIRE PRO (3 LENS PACK),ASPIRE PRO (3 LENS PACK),Intra State B2B,1040.75,2,2.07,-0.07
2026-04-15,Win Vision Eye Hospitals - Gachibowli,Win Vision Eye Hospitals - Gachibowli,ASPIRE PRO (3 LENS PACK),ASPIRE PRO (3 LENS PACK),Intra State B2B,1040.75,2,2.06,-0.06
2026-05-29,Win Vision Eye Hospitals - Gachibowli,Win Vision Eye Hospitals - Gachibowli,ASPIRE PRO (3 LENS PACK),ASPIRE PRO (3 LENS PACK),Intra State B2B,1040.75,4,1.92,2.08
2026-04-03,Win Vision Eye Hospitals - Gachibowli,Win Vision Eye Hospitals - Gachibowli,ASPIRE PRO (6 LENS PACK),ASPIRE PRO (6 LENS PACK),Intra State B2B,2004.5,2,1.74,0.26
2026-04-10,Win Vision Eye Hospitals - Gachibowli,Win Vision Eye Hospitals - Gachibowli,ASPIRE PRO (6 LENS PACK),ASPIRE PRO (6 LENS PACK),Intra State B2B,2004.5,1,1.73,-0.73
2026-04-03,Win Vision Eye Hospitals - Gachibowli,Win Vision Eye Hospitals - Gachibowli,ASPIRE PRO MULTIFOCAL (3LENS PACK),ASPIRE PRO MULTIFOCAL (3LENS PACK),Intra State B2B,1588.25,1,1.83,-0.83
2026-05-21,Win Vision Eye Hospitals - Gachibowli,Win Vision Eye Hospitals - Gachibowli,ASPIRE PRO MULTIFOCAL (3LENS PACK),ASPIRE PRO MULTIFOCAL (3LENS PACK),Intra State B2B,1588.25,2,1.65,0.35
2026-04-04,Win Vision Eye Hospitals - Gachibowli,Win Vision Eye Hospitals - Gachibowli,ASPIRE PRO MULTIFOCAL TRIAL 1LENS PK,ASPIRE PRO MULTIFOCAL TRIAL 1LENS PK,Intra State B2B,1.0,1,2.05,-1.05
2026-04-03,Win Vision Eye Hospitals - Gachibowli,Win Vision Eye Hospitals - Gachibowli,ASPIRE PRO TORIC (3 LENS PACK),ASPIRE PRO TORIC (3 LENS PACK),Intra State B2B,1094.75,2,2.08,-0.08
2026-04-07,Win Vision Eye Hospitals - Gachibowli,Win Vision Eye Hospitals - Gachibowli,ASPIRE PRO TORIC (3 LENS PACK),ASPIRE PRO TORIC (3 LENS PACK),Intra State B2B,1094.75,4,2.22,1.78
2026-04-09,Win Vision Eye Hospitals - Gachibowli,Win Vision Eye Hospitals - Gachibowli,ASPIRE PRO TORIC (3 LENS PACK),ASPIRE PRO TORIC (3 LENS PACK),Intra State B2B,1094.75,2,2.47,-0.47
2026-04-10,Win Vision Eye Hospitals - Gachibowli,Win Vision Eye Hospitals - Gachibowli,ASPIRE PRO TORIC (3 LENS PACK),ASPIRE PRO TORIC (3 LENS PACK),Intra State B2B,1094.75,1,2.16,-1.16
2026-04-27,Win Vision Eye Hospitals - Gachibowli,Win Vision Eye Hospitals - Gachibowli,ASPIRE PRO TORIC (3 LENS PACK),ASPIRE PRO TORIC (3 LENS PACK),Intra State B2B,1094.75,2,2.25,-0.25
2026-05-04,Win Vision Eye Hospitals - Gachibowli,Win Vision Eye Hospitals - Gachibowli,ASPIRE PRO TORIC (3 LENS PACK),ASPIRE PRO TORIC (3 LENS PACK),Intra State B2B,1094.75,4,2.18,1.82
2026-05-15,Win Vision Eye Hospitals - Gachibowli,Win Vision Eye Hospitals - Gachibowli,ASPIRE PRO TORIC (3 LENS PACK),ASPIRE PRO TORIC (3 LENS PACK),Intra State B2B,1094.75,2,2.09,-0.09
2026-05-25,Win Vision Eye Hospitals - Gachibowli,Win Vision Eye Hospitals - Gachibowli,ASPIRE PRO TORIC (3 LENS PACK),ASPIRE PRO TORIC (3 LENS PACK),Intra State B2B,1094.75,2,2.19,-0.19
2026-05-28,Win Vision Eye Hospitals - Gachibowli,Win Vision Eye Hospitals - Gachibowli,ASPIRE PRO TORIC (3 LENS PACK),ASPIRE PRO TORIC (3 LENS PACK),Intra State B2B,1094.75,2,2.46,-0.46
2026-06-17,Win Vision Eye Hospitals - Gachibowli,Win Vision Eye Hospitals - Gachibowli,ASPIRE PRO TORIC (3 LENS PACK),ASPIRE PRO TORIC (3 LENS PACK),Intra State B2B,1094.75,2,2.15,-0.15
2026-04-18,Win Vision Eye Hospitals - Gachibowli,Win Vision Eye Hospitals - Gachibowli,ASPIRE PRO TRAIL (1 LENS PACK),ASPIRE PRO TRAIL (1 LENS PACK),Intra State B2B,1.0,2,2.12,-0.12
2026-04-10,Win Vision Eye Hospitals - Gachibowli,Win Vision Eye Hospitals - Gachibowli,Biofinity Torics 3 Lens pack (new) XR,Biofinity Torics 3 Lens pack (new) XR,Intra State B2B,2477.75,1,1.75,-0.75
2026-06-06,Win Vision Eye Hospitals - Gachibowli,Win Vision Eye Hospitals - Gachibowli,Biofinity Torics 3 Lens pack (new) XR,Biofinity Torics 3 Lens pack (new) XR,Intra State B2B,2477.75,2,1.51,0.49
2026-04-18,Win Vision Eye Hospitals - Gachibowli,Win Vision Eye Hospitals - Gachibowli,Biofinity XR 6 Lense pack (new),Biofinity XR 6 Lense pack (new),Intra State B2B,2126.25,4,1.85,2.15
2026-04-15,Win Vision Eye Hospitals - Gachibowli,Win Vision Eye Hospitals - Gachibowli,Clarity 1Day 1Pk Trails,Clarity 1Day 1Pk Trails,Intra State B2B,1.0,35,34.99,0.01
2026-04-24,Win Vision Eye Hospitals - Gachibowli,Win Vision Eye Hospitals - Gachibowli,MY DAY (30 LENS PK),MY DAY (30 LENS PK),Tag71,1.0,31,30.81,0.19
2026-04-27,Win Vision Eye Hospitals - Gachibowli,Win Vision Eye Hospitals - Gachibowli,MY DAY (30 LENS PK),MY DAY (30 LENS PK),Intra State B2B,1803.25,2,2.4,-0.4
2026-05-08,Win Vision Eye Hospitals - Gachibowli,Win Vision Eye Hospitals - Gachibowli,MY DAY (30 LENS PK),MY DAY (30 LENS PK),Intra State B2B,1803.25,3,2.08,0.92
2026-06-06,Win Vision Eye Hospitals - Gachibowli,Win Vision Eye Hospitals - Gachibowli,MY DAY (30 LENS PK),MY DAY (30 LENS PK),Intra State B2B,1803.25,1,2.12,-1.12
2026-06-08,Win Vision Eye Hospitals - Gachibowli,Win Vision Eye Hospitals - Gachibowli,MY DAY (30 LENS PK),MY DAY (30 LENS PK),Intra State B2B,1803.25,1,2.2,-1.2
2026-06-16,Win Vision Eye Hospitals - Gachibowli,Win Vision Eye Hospitals - Gachibowli,MY DAY (30 LENS PK),MY DAY (30 LENS PK),Intra State B2B,1803.25,1,2.4,-1.4
2026-06-18,Win Vision Eye Hospitals - Gachibowli,Win Vision Eye Hospitals - Gachibowli,MY DAY (30 LENS PK),MY DAY (30 LENS PK),Intra State B2B,1803.25,2,2.4,-0.4
2026-06-19,Win Vision Eye Hospitals - Gachibowli,Win Vision Eye Hospitals - Gachibowli,MY DAY (30 LENS PK),MY DAY (30 LENS PK),Intra State B2B,1803.25,1,2.43,-1.43
2026-04-28,Win Vision Eye Hospitals - Gachibowli,Win Vision Eye Hospitals - Gachibowli,MY DAY TORIC (30 LENS PK),MY DAY TORIC (30 LENS PK),Intra State B2B,1943.25,2,1.95,0.05
2026-05-04,Win Vision Eye Hospitals - Gachibowli,Win Vision Eye Hospitals - Gachibowli,MY DAY TORIC (30 LENS PK),MY DAY TORIC (30 LENS PK),Intra State B2B,1943.25,1,1.82,-0.82
2026-05-06,Win Vision Eye Hospitals - Gachibowli,Win Vision Eye Hospitals - Gachibowli,MY DAY TORIC (30 LENS PK),MY DAY TORIC (30 LENS PK),Intra State B2B,1943.25,6,1.89,4.11
2026-05-29,Win Vision Eye Hospitals - Gachibowli,Win Vision Eye Hospitals - Gachibowli,MY DAY TORIC (30 LENS PK),MY DAY TORIC (30 LENS PK),Intra State B2B,1943.25,2,2.24,-0.24
2026-06-08,Win Vision Eye Hospitals - Gachibowli,Win Vision Eye Hospitals - Gachibowli,MY DAY TORIC (30 LENS PK),MY DAY TORIC (30 LENS PK),Intra State B2B,1943.25,2,2.02,-0.02
2026-06-16,Win Vision Eye Hospitals - Gachibowli,Win Vision Eye Hospitals - Gachibowli,MY DAY TRAIL 1PK,MY DAY TRAIL 1PK,Intra State B2B,1.0,42,39.89,2.11
2026-06-23,Win Vision Eye Hospitals - Kukatpally,Win Vision Eye Hospitals - Kukatpally,ASPIRE GO MAX 1DAY SPH 30LENS PK,ASPIRE GO MAX 1DAY SPH 30LENS PK,Intra State B2B,1414.0,1,2.04,-1.04
2026-06-23,Win Vision Eye Hospitals - Kukatpally,Win Vision Eye Hospitals - Kukatpally,ASPIRE GO MAX 1DAY TORIC 30LENS PK,ASPIRE GO MAX 1DAY TORIC 30LENS PK,Intra State B2B,1670.0,1,1.94,-0.94
2026-04-09,Win Vision Eye Hospitals - Kukatpally,Win Vision Eye Hospitals - Kukatpally,MY DAY TORIC (30 LENS PK),MY DAY TORIC (30 LENS PK),Intra State B2B,1943.25,2,1.93,0.07
2026-05-04,Win Vision Eye Hospitals - Vijayawada,Win Vision Eye Hospitals - Vijayawada,ASPIRE GO MAX 1DAY SPH 30LENS PK,ASPIRE GO MAX 1DAY SPH 30LENS PK,Inter State B2B,1414.0,1,1.96,-0.96
2026-04-11,YESHASS HEALTH CARE PRIVATE LIMITED,YESHASS HEALTH CARE PRIVATE LIMITED,Vrx Fitting Charges,Vrx Fitting Charges,Intra State B2B,152.5,12,11.87,0.13
2026-04-11,YESHASS HEALTH CARE PRIVATE LIMITED,YESHASS HEALTH CARE PRIVATE LIMITED,Vrx Lenses,Vrx Lenses,Intra State B2B,976.69,26,25.88,0.12
